,id,url,attempt,success,description,downrange_distance,landing_location,type,spacecraft_id,response_mode,firststage,spacecraftflight,payloadflight
0,1881,https://lldev.thespacedevs.com/2.3.0/landings/1881/,True,True,The Starfall demonstrator has splashed down in the Pacific Ocean after reentering the Earth’s atmosphere.,,"{'id': 18, 'name': 'Pacific Ocean', 'active': True, 'abbrev': 'PAC', 'description': 'Pacific Ocean', 'location': None, 'longitude': None, 'latitude': None, 'image': {'id': 2242, 'name': 'Pacific Ocean from the ISS', 'image_url': 'https://thespacedevs-dev.nyc3.digitaloceanspaces.com/media/images/pacific_ocean_f_image_20240920094534.jpg', 'thumbnail_url': 'https://thespacedevs-dev.nyc3.digitaloceanspaces.com/media/images/pacific_ocean_f_image_thumbnail_20240920094534.jpeg', 'credit': 'NASA', 'license': {'id': 4, 'name': 'NASA Image and Media Guidelines', 'priority': 0, 'link': 'https://www.nasa.gov/nasa-brand-center/images-and-media/'}, 'single_use': True, 'variants': []}, 'successful_landings': 53, 'attempted_landings': 55, 'failed_landings': 2, 'celestial_body': {'response_mode': 'normal', 'id': 1, 'name': 'Earth', 'type': {'id': 1, 'name': 'Planet'}, 'diameter': 12742000.0, 'mass': 5.972168e+24, 'gravity': 9.80655, 'length_of_day': '1 00:00:00', 'atmosphere': True, 'image': {'id': 2040, 'name': 'Earth (Apollo 17)', 'image_url': 'https://thespacedevs-dev.nyc3.digitaloceanspaces.com/media/images/earth_2528apol_image_20240402194304.jpeg', 'thumbnail_url': 'https://thespacedevs-dev.nyc3.digitaloceanspaces.com/media/images/earth_2528apol_image_thumbnail_20240402194305.jpeg', 'credit': 'NASA', 'license': {'id': 4, 'name': 'NASA Image and Media Guidelines', 'priority': 0, 'link': 'https://www.nasa.gov/nasa-brand-center/images-and-media/'}, 'single_use': True, 'variants': []}, 'description': 'Earth is the third planet from the Sun and the only astronomical object known to harbor life.', 'wiki_url': 'https://en.wikipedia.org/wiki/Earth'}}","{'id': 4, 'name': 'Parachute Landing', 'abbrev': 'PCL', 'description': 'Unpowered landing using parachute(s).'}",,,,,
1,500,https://lldev.thespacedevs.com/2.3.0/landings/500/,True,,The Orion spacecraft will splash down in the Pacific Ocean.,,"{'id': 18, 'name': 'Pacific Ocean', 'active': True, 'abbrev': 'PAC', 'description': 'Pacific Ocean', 'location': None, 'longitude': None, 'latitude': None, 'image': {'id': 2242, 'name': 'Pacific Ocean from the ISS', 'image_url': 'https://thespacedevs-dev.nyc3.digitaloceanspaces.com/media/images/pacific_ocean_f_image_20240920094534.jpg', 'thumbnail_url': 'https://thespacedevs-dev.nyc3.digitaloceanspaces.com/media/images/pacific_ocean_f_image_thumbnail_20240920094534.jpeg', 'credit': 'NASA', 'license': {'id': 4, 'name': 'NASA Image and Media Guidelines', 'priority': 0, 'link': 'https://www.nasa.gov/nasa-brand-center/images-and-media/'}, 'single_use': True, 'variants': []}, 'successful_landings': 53, 'attempted_landings': 55, 'failed_landings': 2, 'celestial_body': {'response_mode': 'normal', 'id': 1, 'name': 'Earth', 'type': {'id': 1, 'name': 'Planet'}, 'diameter': 12742000.0, 'mass': 5.972168e+24, 'gravity': 9.80655, 'length_of_day': '1 00:00:00', 'atmosphere': True, 'image': {'id': 2040, 'name': 'Earth (Apollo 17)', 'image_url': 'https://thespacedevs-dev.nyc3.digitaloceanspaces.com/media/images/earth_2528apol_image_20240402194304.jpeg', 'thumbnail_url': 'https://thespacedevs-dev.nyc3.digitaloceanspaces.com/media/images/earth_2528apol_image_thumbnail_20240402194305.jpeg', 'credit': 'NASA', 'license': {'id': 4, 'name': 'NASA Image and Media Guidelines', 'priority': 0, 'link': 'https://www.nasa.gov/nasa-brand-center/images-and-media/'}, 'single_use': True, 'variants': []}, 'description': 'Earth is the third planet from the Sun and the only astronomical object known to harbor life.', 'wiki_url': 'https://en.wikipedia.org/wiki/Earth'}}","{'id': 4, 'name': 'Parachute Landing', 'abbrev': 'PCL', 'description': 'Unpowered landing using parachute(s).'}",541.0,,,,
2,1049,https://lldev.thespacedevs.com/2.3.0/landings/1049/,True,,The Starliner spacecraft will land at White Sands Missile Range.,,"{'id': 20, 'name': 'White Sands Missile Range', 'active': True, 'abbrev': 'WSMR', 'description': 'US Army testing area and firing range located in the US state of New Mexico.', 'location': {'response_mode': 'normal', 'id': 155, 'url': 'https://lldev.thespacedevs.com/2.3.0/locations/155/', 'name': 'White Sands Missile Range', 'active': True, 'country': {'id': 2, 'name': 'United States of America', 'alpha_2_code': 'US', 'alpha_3_code': 'USA', 'nationality_name': 'American', 'nationality_name_composed': 'Americano'}, 'description': 'White Sands Missile Range is a United States Army military testing area and firing range located in the US state of New Mexico. The range was originally established in 1941 as the Alamogordo Bombing and Gunnery Range, where the Trinity test site lay at the northern end of the Range, in Socorro County near the towns of Carrizozo and San Antonio. It then became the White Sands Proving Ground on 9 July 1945.', 'image': {'id': 2229, 'name': 'Space Shuttle Columbia landing at White Sands (STS-3)', 'image_url': 'https://thespacedevs-dev.nyc3.digitaloceanspaces.com/media/images/space_shuttle_c_image_20240920084425.jpg', 'thumbnail_url': 'https://thespacedevs-dev.nyc3.digitaloceanspaces.com/media/images/space_shuttle_c_image_thumbnail_20240920084425.jpeg', 'credit': 'NASA', 'license': {'id': 4, 'name': 'NASA Image and Media Guidelines', 'priority': 0, 'link': 'https://www.nasa.gov/nasa-brand-center/images-and-media/'}, 'single_use': False, 'variants': []}, 'map_image': 'https://thespacedevs-dev.nyc3.digitaloceanspaces.com/media/map_images/location_white_sands_missile_range_20210901072636.jpg', 'longitude': -106.405833, 'latitude': 32.335556, 'timezone_name': 'America/Denver', 'total_launch_count': 5, 'total_landing_count': 0}, 'longitude': None, 'latitude': None, 'image': {'id': 2229, 'name': 'Space Shuttle Columbia landing at White Sands (STS-3)', 'image_url': 'https://thespacedevs-dev.nyc3.digitaloceanspaces.com/media/images/space_shuttle_c_image_20240920084425.jpg', 'thumbnail_url': 'https://thespacedevs-dev.nyc3.digitaloceanspaces.com/media/images/space_shuttle_c_image_thumbnail_20240920084425.jpeg', 'credit': 'NASA', 'license': {'id': 4, 'name': 'NASA Image and Media Guidelines', 'priority': 0, 'link': 'https://www.nasa.gov/nasa-brand-center/images-and-media/'}, 'single_use': False, 'variants': []}, 'successful_landings': 5, 'attempted_landings': 5, 'failed_landings': 0, 'celestial_body': {'response_mode': 'normal', 'id': 1, 'name': 'Earth', 'type': {'id': 1, 'name': 'Planet'}, 'diameter': 12742000.0, 'mass': 5.972168e+24, 'gravity': 9.80655, 'length_of_day': '1 00:00:00', 'atmosphere': True, 'image': {'id': 2040, 'name': 'Earth (Apollo 17)', 'image_url': 'https://thespacedevs-dev.nyc3.digitaloceanspaces.com/media/images/earth_2528apol_image_20240402194304.jpeg', 'thumbnail_url': 'https://thespacedevs-dev.nyc3.digitaloceanspaces.com/media/images/earth_2528apol_image_thumbnail_20240402194305.jpeg', 'credit': 'NASA', 'license': {'id': 4, 'name': 'NASA Image and Media Guidelines', 'priority': 0, 'link': 'https://www.nasa.gov/nasa-brand-center/images-and-media/'}, 'single_use': True, 'variants': []}, 'description': 'Earth is the third planet from the Sun and the only astronomical object known to harbor life.', 'wiki_url': 'https://en.wikipedia.org/wiki/Earth'}}","{'id': 4, 'name': 'Parachute Landing', 'abbrev': 'PCL', 'description': 'Unpowered landing using parachute(s).'}",290.0,,,,
3,499,https://lldev.thespacedevs.com/2.3.0/landings/499/,True,True,The Orion spacecraft Integrity has splashed down in the Pacific Ocean.,,"{'id': 18, 'name': 'Pacific Ocean', 'active': True, 'abbrev': 'PAC', 'description': 'Pacific Ocean', 'location': None, 'longitude': None, 'latitude': None, 'image': {'id': 2242, 'name': 'Pacific Ocean from the ISS', 'image_url': 'https://thespacedevs-dev.nyc3.digitaloceanspaces.com/media/images/pacific_ocean_f_image_20240920094534.jpg', 'thumbnail_url': 'https://thespacedevs-dev.nyc3.digitaloceanspaces.com/media/images/pacific_ocean_f_image_thumbnail_20240920094534.jpeg', 'credit': 'NASA', 'license': {'id': 4, 'name': 'NASA Image and Media Guidelines', 'priority': 0, 'link': 'https://www.nasa.gov/nasa-brand-center/images-and-media/'}, 'single_use': True, 'variants': []}, 'successful_landings': 53, 'attempted_landings': 55, 'failed_landings': 2, 'celestial_body': {'response_mode': 'normal', 'id': 1, 'name': 'Earth', 'type': {'id': 1, 'name': 'Planet'}, 'diameter': 12742000.0, 'mass': 5.972168e+24, 'gravity': 9.80655, 'length_of_day': '1 00:00:00', 'atmosphere': True, 'image': {'id': 2040, 'name': 'Earth (Apollo 17)', 'image_url': 'https://thespacedevs-dev.nyc3.digitaloceanspaces.com/media/images/earth_2528apol_image_20240402194304.jpeg', 'thumbnail_url': 'https://thespacedevs-dev.nyc3.digitaloceanspaces.com/media/images/earth_2528apol_image_thumbnail_20240402194305.jpeg', 'credit': 'NASA', 'license': {'id': 4, 'name': 'NASA Image and Media Guidelines', 'priority': 0, 'link': 'https://www.nasa.gov/nasa-brand-center/images-and-media/'}, 'single_use': True, 'variants': []}, 'description': 'Earth is the third planet from the Sun and the only astronomical object known to harbor life.', 'wiki_url': 'https://en.wikipedia.org/wiki/Earth'}}","{'id': 4, 'name': 'Parachute Landing', 'abbrev': 'PCL', 'description': 'Unpowered landing using parachute(s).'}",540.0,,,,
4,450,https://lldev.thespacedevs.com/2.3.0/landings/450/,True,,The Dream Chaser spacecraft will autonomously land at the Shuttle Landing Facility of Kennedy Space Center.,11.5,"{'id': 24, 'name': 'Shuttle Landing Facility', 'active': True, 'abbrev': 'KTTS', 'description': 'Airport used for Space Shuttle landings, part of the Kennedy Space Center.', 'location': {'response_mode': 'normal', 'id': 27, 'url': 'https://lldev.thespacedevs.com/2.3.0/locations/27/', 'name': 'Kennedy Space Center, FL, USA', 'active': True, 'country': {'id': 2, 'name': 'United States of America', 'alpha_2_code': 'US', 'alpha_3_code': 'USA', 'nationality_name': 'American', 'nationality_name_composed': 'Americano'}, 'description': ""The John F. Kennedy Space Center, located on Merritt Island, Florida, is one of NASA's ten field centers. Since 1968, KSC has been NASA's primary launch center of American spaceflight, research, and technology. Launch operations for the Apollo, Skylab and Space Shuttle programs were carried out from Kennedy Space Center Launch Complex 39 and managed by KSC. Located on the east coast of Florida, KSC is adjacent to Cape Canaveral Space Force Station (CCSFS)."", 'image': {'id': 2200, 'name': 'Cape Canaveral & KSC seen from orbit (STS-43)', 'image_url': 'https://thespacedevs-dev.nyc3.digitaloceanspaces.com/media/images/cape_canaveral__image_20240918151615.jpg', 'thumbnail_url': 'https://thespacedevs-dev.nyc3.digitaloceanspaces.com/media/images/cape_canaveral__image_thumbnail_20240918151616.jpeg', 'credit': 'NASA', 'license': {'id': 4, 'name': 'NASA Image and Media Guidelines', 'priority': 0, 'link': 'https://www.nasa.gov/nasa-brand-center/images-and-media/'}, 'single_use': True, 'variants': []}, 'map_image': 'https://thespacedevs-dev.nyc3.digitaloceanspaces.com/media/map_images/location_27_20200803142447.jpg', 'longitude': -80.650833, 'latitude': 28.524167, 'timezone_name': 'America/New_York', 'total_launch_count': 281, 'total_landing_count': 0}, 'longitude': -80.6945, 'latitude': 28.615, 'image': {'id': 1974, 'name': 'Shuttle Landing Facility', 'image_url': 'https://thespacedevs-dev.nyc3.digitaloceanspaces.com/media/images/shuttle_landing_image_20240310170702.jpg', 'thumbnail_url': 'https://thespacedevs-dev.nyc3.digitaloceanspaces.com/media/images/shuttle_landing_image_thumbnail_20240310170703.jpeg', 'credit': 'NASA/Kim Shiflett', 'license': {'id': 4, 'name': 'NASA Image and Media Guidelines', 'priority': 0, 'link': 'https://www.nasa.gov/nasa-brand-center/images-and-media/'}, 'single_use': True, 'variants': []}, 'successful_landings': 81, 'attempted_landings': 82, 'failed_landings': 1, 'celestial_body': {'response_mode': 'normal', 'id': 1, 'name': 'Earth', 'type': {'id': 1, 'name': 'Planet'}, 'diameter': 12742000.0, 'mass': 5.972168e+24, 'gravity': 9.80655, 'length_of_day': '1 00:00:00', 'atmosphere': True, 'image': {'id': 2040, 'name': 'Earth (Apollo 17)', 'image_url': 'https://thespacedevs-dev.nyc3.digitaloceanspaces.com/media/images/earth_2528apol_image_20240402194304.jpeg', 'thumbnail_url': 'https://thespacedevs-dev.nyc3.digitaloceanspaces.com/media/images/earth_2528apol_image_thumbnail_20240402194305.jpeg', 'credit': 'NASA', 'license': {'id': 4, 'name': 'NASA Image and Media Guidelines', 'priority': 0, 'link': 'https://www.nasa.gov/nasa-brand-center/images-and-media/'}, 'single_use': True, 'variants': []}, 'description': 'Earth is the third planet from the Sun and the only astronomical object known to harbor life.', 'wiki_url': 'https://en.wikipedia.org/wiki/Earth'}}","{'id': 6, 'name': 'Horizontal Landing', 'abbrev': 'HL', 'description': 'Horizontal landing on a runway or flat surface.'}",447.0,,,,
5,453,https://lldev.thespacedevs.com/2.3.0/landings/453/,True,,The Gaganyaan spacecraft will splashdown in the Bay of Bengal after this flight.,,"{'id': 31, 'name': 'Bay of Bengal', 'active': True, 'abbrev': 'BB', 'description': 'Northeastern part of the Indian Ocean.', 'location': None, 'longitude': None, 'latitude': None, 'image': {'id': 2231, 'name': 'Bay of Bengal imaged by Terra', 'image_url': 'https://thespacedevs-dev.nyc3.digitaloceanspaces.com/media/images/bay_of_bengal_i_image_20240920090001.jpg', 'thumbnail_url': 'https://thespacedevs-dev.nyc3.digitaloceanspaces.com/media/images/bay_of_bengal_i_image_thumbnail_20240920090001.jpeg', 'credit': 'NASA', 'license': {'id': 4, 'name': 'NASA Image and Media Guidelines', 'priority': 0, 'link': 'https://www.nasa.gov/nasa-brand-center/images-and-media/'}, 'single_use': True, 'variants': []}, 'successful_landings': 0, 'attempted_landings': 0, 'failed_landings': 0, 'celestial_body': {'response_mode': 'normal', 'id': 1, 'name': 'Earth', 'type': {'id': 1, 'name': 'Planet'}, 'diameter': 12742000.0, 'mass': 5.972168e+24, 'gravity': 9.80655, 'length_of_day': '1 00:00:00', 'atmosphere': True, 'image': {'id': 2040, 'name': 'Earth (Apollo 17)', 'image_url': 'https://thespacedevs-dev.nyc3.digitaloceanspaces.com/media/images/earth_2528apol_image_20240402194304.jpeg', 'thumbnail_url': 'https://thespacedevs-dev.nyc3.digitaloceanspaces.com/media/images/earth_2528apol_image_thumbnail_20240402194305.jpeg', 'credit': 'NASA', 'license': {'id': 4, 'name': 'NASA Image and Media Guidelines', 'priority': 0, 'link': 'https://www.nasa.gov/nasa-brand-center/images-and-media/'}, 'single_use': True, 'variants': []}, 'description': 'Earth is the third planet from the Sun and the only astronomical object known to harbor life.', 'wiki_url': 'https://en.wikipedia.org/wiki/Earth'}}","{'id': 4, 'name': 'Parachute Landing', 'abbrev': 'PCL', 'description': 'Unpowered landing using parachute(s).'}",548.0,,,,
6,454,https://lldev.thespacedevs.com/2.3.0/landings/454/,True,,The Gaganyaan spacecraft will splashdown in the Bay of Bengal after this flight.,,"{'id': 31, 'name': 'Bay of Bengal', 'active': True, 'abbrev': 'BB', 'description': 'Northeastern part of the Indian Ocean.', 'location': None, 'longitude': None, 'latitude': None, 'image': {'id': 2231, 'name': 'Bay of Bengal imaged by Terra', 'image_url': 'https://thespacedevs-dev.nyc3.digitaloceanspaces.com/media/images/bay_of_bengal_i_image_20240920090001.jpg', 'thumbnail_url': 'https://thespacedevs-dev.nyc3.digitaloceanspaces.com/media/images/bay_of_bengal_i_image_thumbnail_20240920090001.jpeg', 'credit': 'NASA', 'license': {'id': 4, 'name': 'NASA Image and Media Guidelines', 'priority': 0, 'link': 'https://www.nasa.gov/nasa-brand-center/images-and-media/'}, 'single_use': True, 'variants': []}, 'successful_landings': 0, 'attempted_landings': 0, 'failed_landings': 0, 'celestial_body': {'response_mode': 'normal', 'id': 1, 'name': 'Earth', 'type': {'id': 1, 'name': 'Planet'}, 'diameter': 12742000.0, 'mass': 5.972168e+24, 'gravity': 9.80655, 'length_of_day': '1 00:00:00', 'atmosphere': True, 'image': {'id': 2040, 'name': 'Earth (Apollo 17)', 'image_url': 'https://thespacedevs-dev.nyc3.digitaloceanspaces.com/media/images/earth_2528apol_image_20240402194304.jpeg', 'thumbnail_url': 'https://thespacedevs-dev.nyc3.digitaloceanspaces.com/media/images/earth_2528apol_image_thumbnail_20240402194305.jpeg', 'credit': 'NASA', 'license': {'id': 4, 'name': 'NASA Image and Media Guidelines', 'priority': 0, 'link': 'https://www.nasa.gov/nasa-brand-center/images-and-media/'}, 'single_use': True, 'variants': []}, 'description': 'Earth is the third planet from the Sun and the only astronomical object known to harbor life.', 'wiki_url': 'https://en.wikipedia.org/wiki/Earth'}}","{'id': 4, 'name': 'Parachute Landing', 'abbrev': 'PCL', 'description': 'Unpowered landing using parachute(s).'}",549.0,,,,
7,452,https://lldev.thespacedevs.com/2.3.0/landings/452/,True,,The Gaganyaan spacecraft will splashdown in the Bay of Bengal after this flight.,,"{'id': 31, 'name': 'Bay of Bengal', 'active': True, 'abbrev': 'BB', 'description': 'Northeastern part of the Indian Ocean.', 'location': None, 'longitude': None, 'latitude': None, 'image': {'id': 2231, 'name': 'Bay of Bengal imaged by Terra', 'image_url': 'https://thespacedevs-dev.nyc3.digitaloceanspaces.com/media/images/bay_of_bengal_i_image_20240920090001.jpg', 'thumbnail_url': 'https://thespacedevs-dev.nyc3.digitaloceanspaces.com/media/images/bay_of_bengal_i_image_thumbnail_20240920090001.jpeg', 'credit': 'NASA', 'license': {'id': 4, 'name': 'NASA Image and Media Guidelines', 'priority': 0, 'link': 'https://www.nasa.gov/nasa-brand-center/images-and-media/'}, 'single_use': True, 'variants': []}, 'successful_landings': 0, 'attempted_landings': 0, 'failed_landings': 0, 'celestial_body': {'response_mode': 'normal', 'id': 1, 'name': 'Earth', 'type': {'id': 1, 'name': 'Planet'}, 'diameter': 12742000.0, 'mass': 5.972168e+24, 'gravity': 9.80655, 'length_of_day': '1 00:00:00', 'atmosphere': True, 'image': {'id': 2040, 'name': 'Earth (Apollo 17)', 'image_url': 'https://thespacedevs-dev.nyc3.digitaloceanspaces.com/media/images/earth_2528apol_image_20240402194304.jpeg', 'thumbnail_url': 'https://thespacedevs-dev.nyc3.digitaloceanspaces.com/media/images/earth_2528apol_image_thumbnail_20240402194305.jpeg', 'credit': 'NASA', 'license': {'id': 4, 'name': 'NASA Image and Media Guidelines', 'priority': 0, 'link': 'https://www.nasa.gov/nasa-brand-center/images-and-media/'}, 'single_use': True, 'variants': []}, 'description': 'Earth is the third planet from the Sun and the only astronomical object known to harbor life.', 'wiki_url': 'https://en.wikipedia.org/wiki/Earth'}}","{'id': 4, 'name': 'Parachute Landing', 'abbrev': 'PCL', 'description': 'Unpowered landing using parachute(s).'}",547.0,,,,
8,1667,https://lldev.thespacedevs.com/2.3.0/landings/1667/,True,,The X-37B spaceplane will land at the Shuttle Landing Facility or Vandenberg Space Force Base after this flight.,,"{'id': 12, 'name': 'Unknown', 'active': True, 'abbrev': 'N/A', 'description': None, 'location': None, 'longitude': None, 'latitude': None, 'image': None, 'successful_landings': 0, 'attempted_landings': 0, 'failed_landings': 0, 'celestial_body': {'response_mode': 'normal', 'id': 1, 'name': 'Earth', 'type': {'id': 1, 'name': 'Planet'}, 'diameter': 12742000.0, 'mass': 5.972168e+24, 'gravity': 9.80655, 'length_of_day': '1 00:00:00', 'atmosphere': True, 'image': {'id': 2040, 'name': 'Earth (Apollo 17)', 'image_url': 'https://thespacedevs-dev.nyc3.digitaloceanspaces.com/media/images/earth_2528apol_image_20240402194304.jpeg', 'thumbnail_url': 'https://thespacedevs-dev.nyc3.digitaloceanspaces.com/media/images/earth_2528apol_image_thumbnail_20240402194305.jpeg', 'credit': 'NASA', 'license': {'id': 4, 'name': 'NASA Image and Media Guidelines', 'priority': 0, 'link': 'https://www.nasa.gov/nasa-brand-center/images-and-media/'}, 'single_use': True, 'variants': []}, 'description': 'Earth is the third planet from the Sun and the only astronomical object known to harbor life.', 'wiki_url': 'https://en.wikipedia.org/wiki/Earth'}}","{'id': 6, 'name': 'Horizontal Landing', 'abbrev': 'HL', 'description': 'Horizontal landing on a runway or flat surface.'}",558.0,,,,
9,1246,https://lldev.thespacedevs.com/2.3.0/landings/1246/,True,,The Crew Dragon capsule will splash down in the Pacific Ocean.,,"{'id': 18, 'name': 'Pacific Ocean', 'active': True, 'abbrev': 'PAC', 'description': 'Pacific Ocean', 'location': None, 'longitude': None, 'latitude': None, 'image': {'id': 2242, 'name': 'Pacific Ocean from the ISS', 'image_url': 'https://thespacedevs-dev.nyc3.digitaloceanspaces.com/media/images/pacific_ocean_f_image_20240920094534.jpg', 'thumbnail_url': 'https://thespacedevs-dev.nyc3.digitaloceanspaces.com/media/images/pacific_ocean_f_image_thumbnail_20240920094534.jpeg', 'credit': 'NASA', 'license': {'id': 4, 'name': 'NASA Image and Media Guidelines', 'priority': 0, 'link': 'https://www.nasa.gov/nasa-brand-center/images-and-media/'}, 'single_use': True, 'variants': []}, 'successful_landings': 53, 'attempted_landings': 55, 'failed_landings': 2, 'celestial_body': {'response_mode': 'normal', 'id': 1, 'name': 'Earth', 'type': {'id': 1, 'name': 'Planet'}, 'diameter': 12742000.0, 'mass': 5.972168e+24, 'gravity': 9.80655, 'length_of_day': '1 00:00:00', 'atmosphere': True, 'image': {'id': 2040, 'name': 'Earth (Apollo 17)', 'image_url': 'https://thespacedevs-dev.nyc3.digitaloceanspaces.com/media/images/earth_2528apol_image_20240402194304.jpeg', 'thumbnail_url': 'https://thespacedevs-dev.nyc3.digitaloceanspaces.com/media/images/earth_2528apol_image_thumbnail_20240402194305.jpeg', 'credit': 'NASA', 'license': {'id': 4, 'name': 'NASA Image and Media Guidelines', 'priority': 0, 'link': 'https://www.nasa.gov/nasa-brand-center/images-and-media/'}, 'single_use': True, 'variants': []}, 'description': 'Earth is the third planet from the Sun and the only astronomical object known to harbor life.', 'wiki_url': 'https://en.wikipedia.org/wiki/Earth'}}","{'id': 4, 'name': 'Parachute Landing', 'abbrev': 'PCL', 'description': 'Unpowered landing using parachute(s).'}",452.0,,,,
10,1605,https://lldev.thespacedevs.com/2.3.0/landings/1605/,True,,Soyuz MS-28 will land in Kazakhstan after its approximate 6 month mission on the ISS.,,"{'id': 19, 'name': 'Kazakhstan', 'active': True, 'abbrev': 'KAZ', 'description': 'Deserts of Kazakhstan in Central Asia', 'location': None, 'longitude': None, 'latitude': None, 'image': {'id': 1056, 'name': 'Soyuz MS landing (MS-04)', 'image_url': 'https://thespacedevs-dev.nyc3.digitaloceanspaces.com/media/images/soyuz2520ms-122520landing_image_20190929074125.jpg', 'thumbnail_url': 'https://thespacedevs-dev.nyc3.digitaloceanspaces.com/media/images/255bauto255d__image_thumbnail_20240305191514.jpeg', 'credit': 'NASA/Bill Ingalls', 'license': {'id': 4, 'name': 'NASA Image and Media Guidelines', 'priority': 0, 'link': 'https://www.nasa.gov/nasa-brand-center/images-and-media/'}, 'single_use': False, 'variants': []}, 'successful_landings': 195, 'attempted_landings': 202, 'failed_landings': 7, 'celestial_body': {'response_mode': 'normal', 'id': 1, 'name': 'Earth', 'type': {'id': 1, 'name': 'Planet'}, 'diameter': 12742000.0, 'mass': 5.972168e+24, 'gravity': 9.80655, 'length_of_day': '1 00:00:00', 'atmosphere': True, 'image': {'id': 2040, 'name': 'Earth (Apollo 17)', 'image_url': 'https://thespacedevs-dev.nyc3.digitaloceanspaces.com/media/images/earth_2528apol_image_20240402194304.jpeg', 'thumbnail_url': 'https://thespacedevs-dev.nyc3.digitaloceanspaces.com/media/images/earth_2528apol_image_thumbnail_20240402194305.jpeg', 'credit': 'NASA', 'license': {'id': 4, 'name': 'NASA Image and Media Guidelines', 'priority': 0, 'link': 'https://www.nasa.gov/nasa-brand-center/images-and-media/'}, 'single_use': True, 'variants': []}, 'description': 'Earth is the third planet from the Sun and the only astronomical object known to harbor life.', 'wiki_url': 'https://en.wikipedia.org/wiki/Earth'}}","{'id': 4, 'name': 'Parachute Landing', 'abbrev': 'PCL', 'description': 'Unpowered landing using parachute(s).'}",612.0,,,,
11,1696,https://lldev.thespacedevs.com/2.3.0/landings/1696/,False,,,,"{'id': 15, 'name': 'South Pacific', 'active': True, 'abbrev': 'PAC', 'description': 'Pacific Ocean off the coast of Mahia Peninsula, New Zealand.', 'location': {'response_mode': 'normal', 'id': 10, 'url': 'https://lldev.thespacedevs.com/2.3.0/locations/10/', 'name': 'Rocket Lab Launch Complex 1, Mahia Peninsula, New Zealand', 'active': True, 'country': {'id': 51, 'name': 'New Zealand', 'alpha_2_code': 'NZ', 'alpha_3_code': 'NZL', 'nationality_name': 'Kiwi', 'nationality_name_composed': 'Kiwi'}, 'description': ""Rocket Lab Launch Complex 1 is a commercial spaceport located close to Ahuriri Point at the southern tip of Māhia Peninsula, on the east coast of New Zealand's North Island. It is owned and operated by private spaceflight company Rocket Lab and supports launches of the company's Electron rocket for small satellites. With the launch of Electron on 25 May 2017, it became the first private spaceport to host an orbital launch attempt, and the first site in New Zealand to host an orbital launch attempt. With the Electron launch of 21 January 2018, it became the first private spaceport to host a successful orbital launch."", 'image': {'id': 2206, 'name': 'Rocket Lab Launch Complex 1', 'image_url': 'https://thespacedevs-dev.nyc3.digitaloceanspaces.com/media/images/rocket_lab_laun_image_20240918164228.jpg', 'thumbnail_url': 'https://thespacedevs-dev.nyc3.digitaloceanspaces.com/media/images/rocket_lab_laun_image_thumbnail_20240918164228.jpeg', 'credit': 'Rocket Lab', 'license': {'id': 7, 'name': 'Rocket Lab Image Use Policy', 'priority': 3, 'link': 'https://www.rocketlabusa.com/about/gallery/'}, 'single_use': True, 'variants': []}, 'map_image': 'https://thespacedevs-dev.nyc3.digitaloceanspaces.com/media/map_images/location_10_20200803142509.jpg', 'longitude': 177.86586, 'latitude': -39.26085, 'timezone_name': 'Pacific/Auckland', 'total_launch_count': 78, 'total_landing_count': 17}, 'longitude': None, 'latitude': None, 'image': {'id': 2245, 'name': 'New Zealand and the South Pacific Ocean', 'image_url': 'https://thespacedevs-dev.nyc3.digitaloceanspaces.com/media/images/new_zealand_and_image_20240920094832.jpg', 'thumbnail_url': 'https://thespacedevs-dev.nyc3.digitaloceanspaces.com/media/images/new_zealand_and_image_thumbnail_20240920094832.jpeg', 'credit': 'NASA', 'license': {'id': 4, 'name': 'NASA Image and Media Guidelines', 'priority': 0, 'link': 'https://www.nasa.gov/nasa-brand-center/images-and-media/'}, 'single_use': True, 'variants': []}, 'successful_landings': 4, 'attempted_landings': 6, 'failed_landings': 2, 'celestial_body': {'response_mode': 'normal', 'id': 1, 'name': 'Earth', 'type': {'id': 1, 'name': 'Planet'}, 'diameter': 12742000.0, 'mass': 5.972168e+24, 'gravity': 9.80655, 'length_of_day': '1 00:00:00', 'atmosphere': True, 'image': {'id': 2040, 'name': 'Earth (Apollo 17)', 'image_url': 'https://thespacedevs-dev.nyc3.digitaloceanspaces.com/media/images/earth_2528apol_image_20240402194304.jpeg', 'thumbnail_url': 'https://thespacedevs-dev.nyc3.digitaloceanspaces.com/media/images/earth_2528apol_image_thumbnail_20240402194305.jpeg', 'credit': 'NASA', 'license': {'id': 4, 'name': 'NASA Image and Media Guidelines', 'priority': 0, 'link': 'https://www.nasa.gov/nasa-brand-center/images-and-media/'}, 'single_use': True, 'variants': []}, 'description': 'Earth is the third planet from the Sun and the only astronomical object known to harbor life.', 'wiki_url': 'https://en.wikipedia.org/wiki/Earth'}}","{'id': 7, 'name': 'Destructive Reentry', 'abbrev': 'ATM', 'description': 'Spacecraft burned up in the atmosphere'}",622.0,,,,
12,1594,https://lldev.thespacedevs.com/2.3.0/landings/1594/,True,True,"The Shenzhou 21 spacecraft landed at the Donfgeng landing site in Inner Mongolia, China.",,"{'id': 22, 'name': 'Dongfeng Landing Site', 'active': True, 'abbrev': 'DLS', 'description': ""Dongfeng landing site in the Gobi Desert, North China's Inner Mongolia Autonomous Region."", 'location': None, 'longitude': None, 'latitude': None, 'image': {'id': 1260, 'name': '[AUTO] Shenzhou 16 Landing - image', 'image_url': 'https://thespacedevs-dev.nyc3.digitaloceanspaces.com/media/images/shenzhou_16_lan_image_20231027084649.jpeg', 'thumbnail_url': 'https://thespacedevs-dev.nyc3.digitaloceanspaces.com/media/images/255bauto255d__image_thumbnail_20240305192204.jpeg', 'credit': None, 'license': {'id': 1, 'name': 'Unknown', 'priority': 9, 'link': None}, 'single_use': True, 'variants': []}, 'successful_landings': 11, 'attempted_landings': 11, 'failed_landings': 0, 'celestial_body': {'response_mode': 'normal', 'id': 1, 'name': 'Earth', 'type': {'id': 1, 'name': 'Planet'}, 'diameter': 12742000.0, 'mass': 5.972168e+24, 'gravity': 9.80655, 'length_of_day': '1 00:00:00', 'atmosphere': True, 'image': {'id': 2040, 'name': 'Earth (Apollo 17)', 'image_url': 'https://thespacedevs-dev.nyc3.digitaloceanspaces.com/media/images/earth_2528apol_image_20240402194304.jpeg', 'thumbnail_url': 'https://thespacedevs-dev.nyc3.digitaloceanspaces.com/media/images/earth_2528apol_image_thumbnail_20240402194305.jpeg', 'credit': 'NASA', 'license': {'id': 4, 'name': 'NASA Image and Media Guidelines', 'priority': 0, 'link': 'https://www.nasa.gov/nasa-brand-center/images-and-media/'}, 'single_use': True, 'variants': []}, 'description': 'Earth is the third planet from the Sun and the only astronomical object known to harbor life.', 'wiki_url': 'https://en.wikipedia.org/wiki/Earth'}}","{'id': 4, 'name': 'Parachute Landing', 'abbrev': 'PCL', 'description': 'Unpowered landing using parachute(s).'}",610.0,,,,
13,1601,https://lldev.thespacedevs.com/2.3.0/landings/1601/,True,,The Cargo Dragon spacecraft will splash down in the Pacific Ocean.,,"{'id': 18, 'name': 'Pacific Ocean', 'active': True, 'abbrev': 'PAC', 'description': 'Pacific Ocean', 'location': None, 'longitude': None, 'latitude': None, 'image': {'id': 2242, 'name': 'Pacific Ocean from the ISS', 'image_url': 'https://thespacedevs-dev.nyc3.digitaloceanspaces.com/media/images/pacific_ocean_f_image_20240920094534.jpg', 'thumbnail_url': 'https://thespacedevs-dev.nyc3.digitaloceanspaces.com/media/images/pacific_ocean_f_image_thumbnail_20240920094534.jpeg', 'credit': 'NASA', 'license': {'id': 4, 'name': 'NASA Image and Media Guidelines', 'priority': 0, 'link': 'https://www.nasa.gov/nasa-brand-center/images-and-media/'}, 'single_use': True, 'variants': []}, 'successful_landings': 53, 'attempted_landings': 55, 'failed_landings': 2, 'celestial_body': {'response_mode': 'normal', 'id': 1, 'name': 'Earth', 'type': {'id': 1, 'name': 'Planet'}, 'diameter': 12742000.0, 'mass': 5.972168e+24, 'gravity': 9.80655, 'length_of_day': '1 00:00:00', 'atmosphere': True, 'image': {'id': 2040, 'name': 'Earth (Apollo 17)', 'image_url': 'https://thespacedevs-dev.nyc3.digitaloceanspaces.com/media/images/earth_2528apol_image_20240402194304.jpeg', 'thumbnail_url': 'https://thespacedevs-dev.nyc3.digitaloceanspaces.com/media/images/earth_2528apol_image_thumbnail_20240402194305.jpeg', 'credit': 'NASA', 'license': {'id': 4, 'name': 'NASA Image and Media Guidelines', 'priority': 0, 'link': 'https://www.nasa.gov/nasa-brand-center/images-and-media/'}, 'single_use': True, 'variants': []}, 'description': 'Earth is the third planet from the Sun and the only astronomical object known to harbor life.', 'wiki_url': 'https://en.wikipedia.org/wiki/Earth'}}","{'id': 4, 'name': 'Parachute Landing', 'abbrev': 'PCL', 'description': 'Unpowered landing using parachute(s).'}",569.0,,,,
14,1615,https://lldev.thespacedevs.com/2.3.0/landings/1615/,True,,The Gaganyaan spacecraft will splashdown in the Bay of Bengal after this flight.,,"{'id': 31, 'name': 'Bay of Bengal', 'active': True, 'abbrev': 'BB', 'description': 'Northeastern part of the Indian Ocean.', 'location': None, 'longitude': None, 'latitude': None, 'image': {'id': 2231, 'name': 'Bay of Bengal imaged by Terra', 'image_url': 'https://thespacedevs-dev.nyc3.digitaloceanspaces.com/media/images/bay_of_bengal_i_image_20240920090001.jpg', 'thumbnail_url': 'https://thespacedevs-dev.nyc3.digitaloceanspaces.com/media/images/bay_of_bengal_i_image_thumbnail_20240920090001.jpeg', 'credit': 'NASA', 'license': {'id': 4, 'name': 'NASA Image and Media Guidelines', 'priority': 0, 'link': 'https://www.nasa.gov/nasa-brand-center/images-and-media/'}, 'single_use': True, 'variants': []}, 'successful_landings': 0, 'attempted_landings': 0, 'failed_landings': 0, 'celestial_body': {'response_mode': 'normal', 'id': 1, 'name': 'Earth', 'type': {'id': 1, 'name': 'Planet'}, 'diameter': 12742000.0, 'mass': 5.972168e+24, 'gravity': 9.80655, 'length_of_day': '1 00:00:00', 'atmosphere': True, 'image': {'id': 2040, 'name': 'Earth (Apollo 17)', 'image_url': 'https://thespacedevs-dev.nyc3.digitaloceanspaces.com/media/images/earth_2528apol_image_20240402194304.jpeg', 'thumbnail_url': 'https://thespacedevs-dev.nyc3.digitaloceanspaces.com/media/images/earth_2528apol_image_thumbnail_20240402194305.jpeg', 'credit': 'NASA', 'license': {'id': 4, 'name': 'NASA Image and Media Guidelines', 'priority': 0, 'link': 'https://www.nasa.gov/nasa-brand-center/images-and-media/'}, 'single_use': True, 'variants': []}, 'description': 'Earth is the third planet from the Sun and the only astronomical object known to harbor life.', 'wiki_url': 'https://en.wikipedia.org/wiki/Earth'}}","{'id': 4, 'name': 'Parachute Landing', 'abbrev': 'PCL', 'description': 'Unpowered landing using parachute(s).'}",613.0,,,,
15,1466,https://lldev.thespacedevs.com/2.3.0/landings/1466/,True,,The Crew Dragon capsule will splash down in the Pacific Ocean.,,"{'id': 18, 'name': 'Pacific Ocean', 'active': True, 'abbrev': 'PAC', 'description': 'Pacific Ocean', 'location': None, 'longitude': None, 'latitude': None, 'image': {'id': 2242, 'name': 'Pacific Ocean from the ISS', 'image_url': 'https://thespacedevs-dev.nyc3.digitaloceanspaces.com/media/images/pacific_ocean_f_image_20240920094534.jpg', 'thumbnail_url': 'https://thespacedevs-dev.nyc3.digitaloceanspaces.com/media/images/pacific_ocean_f_image_thumbnail_20240920094534.jpeg', 'credit': 'NASA', 'license': {'id': 4, 'name': 'NASA Image and Media Guidelines', 'priority': 0, 'link': 'https://www.nasa.gov/nasa-brand-center/images-and-media/'}, 'single_use': True, 'variants': []}, 'successful_landings': 53, 'attempted_landings': 55, 'failed_landings': 2, 'celestial_body': {'response_mode': 'normal', 'id': 1, 'name': 'Earth', 'type': {'id': 1, 'name': 'Planet'}, 'diameter': 12742000.0, 'mass': 5.972168e+24, 'gravity': 9.80655, 'length_of_day': '1 00:00:00', 'atmosphere': True, 'image': {'id': 2040, 'name': 'Earth (Apollo 17)', 'image_url': 'https://thespacedevs-dev.nyc3.digitaloceanspaces.com/media/images/earth_2528apol_image_20240402194304.jpeg', 'thumbnail_url': 'https://thespacedevs-dev.nyc3.digitaloceanspaces.com/media/images/earth_2528apol_image_thumbnail_20240402194305.jpeg', 'credit': 'NASA', 'license': {'id': 4, 'name': 'NASA Image and Media Guidelines', 'priority': 0, 'link': 'https://www.nasa.gov/nasa-brand-center/images-and-media/'}, 'single_use': True, 'variants': []}, 'description': 'Earth is the third planet from the Sun and the only astronomical object known to harbor life.', 'wiki_url': 'https://en.wikipedia.org/wiki/Earth'}}","{'id': 4, 'name': 'Parachute Landing', 'abbrev': 'PCL', 'description': 'Unpowered landing using parachute(s).'}",289.0,,,,
16,1599,https://lldev.thespacedevs.com/2.3.0/landings/1599/,True,True,The Cargo Dragon C211 spacecraft has splashed down in the Pacific Ocean.,,"{'id': 18, 'name': 'Pacific Ocean', 'active': True, 'abbrev': 'PAC', 'description': 'Pacific Ocean', 'location': None, 'longitude': None, 'latitude': None, 'image': {'id': 2242, 'name': 'Pacific Ocean from the ISS', 'image_url': 'https://thespacedevs-dev.nyc3.digitaloceanspaces.com/media/images/pacific_ocean_f_image_20240920094534.jpg', 'thumbnail_url': 'https://thespacedevs-dev.nyc3.digitaloceanspaces.com/media/images/pacific_ocean_f_image_thumbnail_20240920094534.jpeg', 'credit': 'NASA', 'license': {'id': 4, 'name': 'NASA Image and Media Guidelines', 'priority': 0, 'link': 'https://www.nasa.gov/nasa-brand-center/images-and-media/'}, 'single_use': True, 'variants': []}, 'successful_landings': 53, 'attempted_landings': 55, 'failed_landings': 2, 'celestial_body': {'response_mode': 'normal', 'id': 1, 'name': 'Earth', 'type': {'id': 1, 'name': 'Planet'}, 'diameter': 12742000.0, 'mass': 5.972168e+24, 'gravity': 9.80655, 'length_of_day': '1 00:00:00', 'atmosphere': True, 'image': {'id': 2040, 'name': 'Earth (Apollo 17)', 'image_url': 'https://thespacedevs-dev.nyc3.digitaloceanspaces.com/media/images/earth_2528apol_image_20240402194304.jpeg', 'thumbnail_url': 'https://thespacedevs-dev.nyc3.digitaloceanspaces.com/media/images/earth_2528apol_image_thumbnail_20240402194305.jpeg', 'credit': 'NASA', 'license': {'id': 4, 'name': 'NASA Image and Media Guidelines', 'priority': 0, 'link': 'https://www.nasa.gov/nasa-brand-center/images-and-media/'}, 'single_use': True, 'variants': []}, 'description': 'Earth is the third planet from the Sun and the only astronomical object known to harbor life.', 'wiki_url': 'https://en.wikipedia.org/wiki/Earth'}}","{'id': 4, 'name': 'Parachute Landing', 'abbrev': 'PCL', 'description': 'Unpowered landing using parachute(s).'}",554.0,,,,
17,1676,https://lldev.thespacedevs.com/2.3.0/landings/1676/,False,,The Cygnus spacecraft will burn up upon entering Earth's atmosphere.,,,"{'id': 7, 'name': 'Destructive Reentry', 'abbrev': 'ATM', 'description': 'Spacecraft burned up in the atmosphere'}",619.0,,,,
18,1693,https://lldev.thespacedevs.com/2.3.0/landings/1693/,True,True,Starship Ship 38 has made a controlled re-entry and splashdown in the Indian Ocean.,,"{'id': 32, 'name': 'Indian Ocean', 'active': True, 'abbrev': 'IND', 'description': 'Indian Ocean', 'location': None, 'longitude': None, 'latitude': None, 'image': {'id': 2235, 'name': 'Sun glint on the Indian Ocean', 'image_url': 'https://thespacedevs-dev.nyc3.digitaloceanspaces.com/media/images/sun_glint_on_th_image_20240920091449.jpg', 'thumbnail_url': 'https://thespacedevs-dev.nyc3.digitaloceanspaces.com/media/images/sun_glint_on_th_image_thumbnail_20240920091449.jpeg', 'credit': 'NASA', 'license': {'id': 4, 'name': 'NASA Image and Media Guidelines', 'priority': 0, 'link': 'https://www.nasa.gov/nasa-brand-center/images-and-media/'}, 'single_use': True, 'variants': []}, 'successful_landings': 9, 'attempted_landings': 12, 'failed_landings': 3, 'celestial_body': {'response_mode': 'normal', 'id': 1, 'name': 'Earth', 'type': {'id': 1, 'name': 'Planet'}, 'diameter': 12742000.0, 'mass': 5.972168e+24, 'gravity': 9.80655, 'length_of_day': '1 00:00:00', 'atmosphere': True, 'image': {'id': 2040, 'name': 'Earth (Apollo 17)', 'image_url': 'https://thespacedevs-dev.nyc3.digitaloceanspaces.com/media/images/earth_2528apol_image_20240402194304.jpeg', 'thumbnail_url': 'https://thespacedevs-dev.nyc3.digitaloceanspaces.com/media/images/earth_2528apol_image_thumbnail_20240402194305.jpeg', 'credit': 'NASA', 'license': {'id': 4, 'name': 'NASA Image and Media Guidelines', 'priority': 0, 'link': 'https://www.nasa.gov/nasa-brand-center/images-and-media/'}, 'single_use': True, 'variants': []}, 'description': 'Earth is the third planet from the Sun and the only astronomical object known to harbor life.', 'wiki_url': 'https://en.wikipedia.org/wiki/Earth'}}","{'id': 3, 'name': 'Ocean', 'abbrev': 'Ocean', 'description': 'No recovery attempt'}",620.0,,,,
19,1663,https://lldev.thespacedevs.com/2.3.0/landings/1663/,True,True,The RSS First Step capsule has landed at Blue Origin's Corn Ranch facility.,,"{'id': 28, 'name': 'Corn Ranch, West Texas', 'active': True, 'abbrev': 'CR', 'description': 'Blue Origin launch and landing facility located in West Texas', 'location': {'response_mode': 'normal', 'id': 29, 'url': 'https://lldev.thespacedevs.com/2.3.0/locations/29/', 'name': 'Corn Ranch, Van Horn, TX, USA', 'active': True, 'country': {'id': 2, 'name': 'United States of America', 'alpha_2_code': 'US', 'alpha_3_code': 'USA', 'nationality_name': 'American', 'nationality_name_composed': 'Americano'}, 'description': 'Corn Ranch, commonly referred to as Launch Site One (LSO), is a spaceport owned and operated by Blue Origin which is located approximately 30 miles north of the town of Van Horn, Texas, United States.', 'image': {'id': 2098, 'name': 'New Shepard liftoff (NS-25)', 'image_url': 'https://thespacedevs-dev.nyc3.digitaloceanspaces.com/media/images/new_shepard_lif_image_20240621062033.jpeg', 'thumbnail_url': 'https://thespacedevs-dev.nyc3.digitaloceanspaces.com/media/images/new_shepard_lif_image_thumbnail_20240621062033.jpeg', 'credit': 'Blue Origin', 'license': {'id': 1, 'name': 'Unknown', 'priority': 9, 'link': None}, 'single_use': True, 'variants': []}, 'map_image': 'https://thespacedevs-dev.nyc3.digitaloceanspaces.com/media/map_images/location_29_20200803142436.jpg', 'longitude': -104.757152, 'latitude': 31.422927, 'timezone_name': 'America/Chicago', 'total_launch_count': 38, 'total_landing_count': 38}, 'longitude': None, 'latitude': None, 'image': {'id': 2152, 'name': 'New Shepard Crew Capsule Jules Verne under parachutes', 'image_url': 'https://thespacedevs-dev.nyc3.digitaloceanspaces.com/media/images/new_shepard_cre_image_20240812144851.jpg', 'thumbnail_url': 'https://thespacedevs-dev.nyc3.digitaloceanspaces.com/media/images/new_shepard_cre_image_thumbnail_20240812144851.jpeg', 'credit': 'Blue Origin', 'license': {'id': 1, 'name': 'Unknown', 'priority': 9, 'link': None}, 'single_use': True, 'variants': []}, 'successful_landings': 41, 'attempted_landings': 41, 'failed_landings': 0, 'celestial_body': {'response_mode': 'normal', 'id': 1, 'name': 'Earth', 'type': {'id': 1, 'name': 'Planet'}, 'diameter': 12742000.0, 'mass': 5.972168e+24, 'gravity': 9.80655, 'length_of_day': '1 00:00:00', 'atmosphere': True, 'image': {'id': 2040, 'name': 'Earth (Apollo 17)', 'image_url': 'https://thespacedevs-dev.nyc3.digitaloceanspaces.com/media/images/earth_2528apol_image_20240402194304.jpeg', 'thumbnail_url': 'https://thespacedevs-dev.nyc3.digitaloceanspaces.com/media/images/earth_2528apol_image_thumbnail_20240402194305.jpeg', 'credit': 'NASA', 'license': {'id': 4, 'name': 'NASA Image and Media Guidelines', 'priority': 0, 'link': 'https://www.nasa.gov/nasa-brand-center/images-and-media/'}, 'single_use': True, 'variants': []}, 'description': 'Earth is the third planet from the Sun and the only astronomical object known to harbor life.', 'wiki_url': 'https://en.wikipedia.org/wiki/Earth'}}","{'id': 4, 'name': 'Parachute Landing', 'abbrev': 'PCL', 'description': 'Unpowered landing using parachute(s).'}",453.0,,,,
20,1678,https://lldev.thespacedevs.com/2.3.0/landings/1678/,True,True,The RSS capsule RSS H. G. Wells has landed at Blue Origin's Corn Ranch facility.,,"{'id': 28, 'name': 'Corn Ranch, West Texas', 'active': True, 'abbrev': 'CR', 'description': 'Blue Origin launch and landing facility located in West Texas', 'location': {'response_mode': 'normal', 'id': 29, 'url': 'https://lldev.thespacedevs.com/2.3.0/locations/29/', 'name': 'Corn Ranch, Van Horn, TX, USA', 'active': True, 'country': {'id': 2, 'name': 'United States of America', 'alpha_2_code': 'US', 'alpha_3_code': 'USA', 'nationality_name': 'American', 'nationality_name_composed': 'Americano'}, 'description': 'Corn Ranch, commonly referred to as Launch Site One (LSO), is a spaceport owned and operated by Blue Origin which is located approximately 30 miles north of the town of Van Horn, Texas, United States.', 'image': {'id': 2098, 'name': 'New Shepard liftoff (NS-25)', 'image_url': 'https://thespacedevs-dev.nyc3.digitaloceanspaces.com/media/images/new_shepard_lif_image_20240621062033.jpeg', 'thumbnail_url': 'https://thespacedevs-dev.nyc3.digitaloceanspaces.com/media/images/new_shepard_lif_image_thumbnail_20240621062033.jpeg', 'credit': 'Blue Origin', 'license': {'id': 1, 'name': 'Unknown', 'priority': 9, 'link': None}, 'single_use': True, 'variants': []}, 'map_image': 'https://thespacedevs-dev.nyc3.digitaloceanspaces.com/media/map_images/location_29_20200803142436.jpg', 'longitude': -104.757152, 'latitude': 31.422927, 'timezone_name': 'America/Chicago', 'total_launch_count': 38, 'total_landing_count': 38}, 'longitude': None, 'latitude': None, 'image': {'id': 2152, 'name': 'New Shepard Crew Capsule Jules Verne under parachutes', 'image_url': 'https://thespacedevs-dev.nyc3.digitaloceanspaces.com/media/images/new_shepard_cre_image_20240812144851.jpg', 'thumbnail_url': 'https://thespacedevs-dev.nyc3.digitaloceanspaces.com/media/images/new_shepard_cre_image_thumbnail_20240812144851.jpeg', 'credit': 'Blue Origin', 'license': {'id': 1, 'name': 'Unknown', 'priority': 9, 'link': None}, 'single_use': True, 'variants': []}, 'successful_landings': 41, 'attempted_landings': 41, 'failed_landings': 0, 'celestial_body': {'response_mode': 'normal', 'id': 1, 'name': 'Earth', 'type': {'id': 1, 'name': 'Planet'}, 'diameter': 12742000.0, 'mass': 5.972168e+24, 'gravity': 9.80655, 'length_of_day': '1 00:00:00', 'atmosphere': True, 'image': {'id': 2040, 'name': 'Earth (Apollo 17)', 'image_url': 'https://thespacedevs-dev.nyc3.digitaloceanspaces.com/media/images/earth_2528apol_image_20240402194304.jpeg', 'thumbnail_url': 'https://thespacedevs-dev.nyc3.digitaloceanspaces.com/media/images/earth_2528apol_image_thumbnail_20240402194305.jpeg', 'credit': 'NASA', 'license': {'id': 4, 'name': 'NASA Image and Media Guidelines', 'priority': 0, 'link': 'https://www.nasa.gov/nasa-brand-center/images-and-media/'}, 'single_use': True, 'variants': []}, 'description': 'Earth is the third planet from the Sun and the only astronomical object known to harbor life.', 'wiki_url': 'https://en.wikipedia.org/wiki/Earth'}}","{'id': 4, 'name': 'Parachute Landing', 'abbrev': 'PCL', 'description': 'Unpowered landing using parachute(s).'}",276.0,,,,
21,1650,https://lldev.thespacedevs.com/2.3.0/landings/1650/,True,,Soyuz MS-29 will land in Kazakhstan after its approximate 6 month mission on the ISS.,,"{'id': 19, 'name': 'Kazakhstan', 'active': True, 'abbrev': 'KAZ', 'description': 'Deserts of Kazakhstan in Central Asia', 'location': None, 'longitude': None, 'latitude': None, 'image': {'id': 1056, 'name': 'Soyuz MS landing (MS-04)', 'image_url': 'https://thespacedevs-dev.nyc3.digitaloceanspaces.com/media/images/soyuz2520ms-122520landing_image_20190929074125.jpg', 'thumbnail_url': 'https://thespacedevs-dev.nyc3.digitaloceanspaces.com/media/images/255bauto255d__image_thumbnail_20240305191514.jpeg', 'credit': 'NASA/Bill Ingalls', 'license': {'id': 4, 'name': 'NASA Image and Media Guidelines', 'priority': 0, 'link': 'https://www.nasa.gov/nasa-brand-center/images-and-media/'}, 'single_use': False, 'variants': []}, 'successful_landings': 195, 'attempted_landings': 202, 'failed_landings': 7, 'celestial_body': {'response_mode': 'normal', 'id': 1, 'name': 'Earth', 'type': {'id': 1, 'name': 'Planet'}, 'diameter': 12742000.0, 'mass': 5.972168e+24, 'gravity': 9.80655, 'length_of_day': '1 00:00:00', 'atmosphere': True, 'image': {'id': 2040, 'name': 'Earth (Apollo 17)', 'image_url': 'https://thespacedevs-dev.nyc3.digitaloceanspaces.com/media/images/earth_2528apol_image_20240402194304.jpeg', 'thumbnail_url': 'https://thespacedevs-dev.nyc3.digitaloceanspaces.com/media/images/earth_2528apol_image_thumbnail_20240402194305.jpeg', 'credit': 'NASA', 'license': {'id': 4, 'name': 'NASA Image and Media Guidelines', 'priority': 0, 'link': 'https://www.nasa.gov/nasa-brand-center/images-and-media/'}, 'single_use': True, 'variants': []}, 'description': 'Earth is the third planet from the Sun and the only astronomical object known to harbor life.', 'wiki_url': 'https://en.wikipedia.org/wiki/Earth'}}","{'id': 4, 'name': 'Parachute Landing', 'abbrev': 'PCL', 'description': 'Unpowered landing using parachute(s).'}",616.0,,,,
22,1757,https://lldev.thespacedevs.com/2.3.0/landings/1757/,True,True,"Ship 39 successfully performed a soft splashdown in the Indian Ocean, after which it exploded.",,"{'id': 32, 'name': 'Indian Ocean', 'active': True, 'abbrev': 'IND', 'description': 'Indian Ocean', 'location': None, 'longitude': None, 'latitude': None, 'image': {'id': 2235, 'name': 'Sun glint on the Indian Ocean', 'image_url': 'https://thespacedevs-dev.nyc3.digitaloceanspaces.com/media/images/sun_glint_on_th_image_20240920091449.jpg', 'thumbnail_url': 'https://thespacedevs-dev.nyc3.digitaloceanspaces.com/media/images/sun_glint_on_th_image_thumbnail_20240920091449.jpeg', 'credit': 'NASA', 'license': {'id': 4, 'name': 'NASA Image and Media Guidelines', 'priority': 0, 'link': 'https://www.nasa.gov/nasa-brand-center/images-and-media/'}, 'single_use': True, 'variants': []}, 'successful_landings': 9, 'attempted_landings': 12, 'failed_landings': 3, 'celestial_body': {'response_mode': 'normal', 'id': 1, 'name': 'Earth', 'type': {'id': 1, 'name': 'Planet'}, 'diameter': 12742000.0, 'mass': 5.972168e+24, 'gravity': 9.80655, 'length_of_day': '1 00:00:00', 'atmosphere': True, 'image': {'id': 2040, 'name': 'Earth (Apollo 17)', 'image_url': 'https://thespacedevs-dev.nyc3.digitaloceanspaces.com/media/images/earth_2528apol_image_20240402194304.jpeg', 'thumbnail_url': 'https://thespacedevs-dev.nyc3.digitaloceanspaces.com/media/images/earth_2528apol_image_thumbnail_20240402194305.jpeg', 'credit': 'NASA', 'license': {'id': 4, 'name': 'NASA Image and Media Guidelines', 'priority': 0, 'link': 'https://www.nasa.gov/nasa-brand-center/images-and-media/'}, 'single_use': True, 'variants': []}, 'description': 'Earth is the third planet from the Sun and the only astronomical object known to harbor life.', 'wiki_url': 'https://en.wikipedia.org/wiki/Earth'}}","{'id': 3, 'name': 'Ocean', 'abbrev': 'Ocean', 'description': 'No recovery attempt'}",621.0,,,,
23,1720,https://lldev.thespacedevs.com/2.3.0/landings/1720/,True,True,The RSS capsule RSS Kármán Line has landed at Blue Origin's Corn Ranch facility.,,"{'id': 28, 'name': 'Corn Ranch, West Texas', 'active': True, 'abbrev': 'CR', 'description': 'Blue Origin launch and landing facility located in West Texas', 'location': {'response_mode': 'normal', 'id': 29, 'url': 'https://lldev.thespacedevs.com/2.3.0/locations/29/', 'name': 'Corn Ranch, Van Horn, TX, USA', 'active': True, 'country': {'id': 2, 'name': 'United States of America', 'alpha_2_code': 'US', 'alpha_3_code': 'USA', 'nationality_name': 'American', 'nationality_name_composed': 'Americano'}, 'description': 'Corn Ranch, commonly referred to as Launch Site One (LSO), is a spaceport owned and operated by Blue Origin which is located approximately 30 miles north of the town of Van Horn, Texas, United States.', 'image': {'id': 2098, 'name': 'New Shepard liftoff (NS-25)', 'image_url': 'https://thespacedevs-dev.nyc3.digitaloceanspaces.com/media/images/new_shepard_lif_image_20240621062033.jpeg', 'thumbnail_url': 'https://thespacedevs-dev.nyc3.digitaloceanspaces.com/media/images/new_shepard_lif_image_thumbnail_20240621062033.jpeg', 'credit': 'Blue Origin', 'license': {'id': 1, 'name': 'Unknown', 'priority': 9, 'link': None}, 'single_use': True, 'variants': []}, 'map_image': 'https://thespacedevs-dev.nyc3.digitaloceanspaces.com/media/map_images/location_29_20200803142436.jpg', 'longitude': -104.757152, 'latitude': 31.422927, 'timezone_name': 'America/Chicago', 'total_launch_count': 38, 'total_landing_count': 38}, 'longitude': None, 'latitude': None, 'image': {'id': 2152, 'name': 'New Shepard Crew Capsule Jules Verne under parachutes', 'image_url': 'https://thespacedevs-dev.nyc3.digitaloceanspaces.com/media/images/new_shepard_cre_image_20240812144851.jpg', 'thumbnail_url': 'https://thespacedevs-dev.nyc3.digitaloceanspaces.com/media/images/new_shepard_cre_image_thumbnail_20240812144851.jpeg', 'credit': 'Blue Origin', 'license': {'id': 1, 'name': 'Unknown', 'priority': 9, 'link': None}, 'single_use': True, 'variants': []}, 'successful_landings': 41, 'attempted_landings': 41, 'failed_landings': 0, 'celestial_body': {'response_mode': 'normal', 'id': 1, 'name': 'Earth', 'type': {'id': 1, 'name': 'Planet'}, 'diameter': 12742000.0, 'mass': 5.972168e+24, 'gravity': 9.80655, 'length_of_day': '1 00:00:00', 'atmosphere': True, 'image': {'id': 2040, 'name': 'Earth (Apollo 17)', 'image_url': 'https://thespacedevs-dev.nyc3.digitaloceanspaces.com/media/images/earth_2528apol_image_20240402194304.jpeg', 'thumbnail_url': 'https://thespacedevs-dev.nyc3.digitaloceanspaces.com/media/images/earth_2528apol_image_thumbnail_20240402194305.jpeg', 'credit': 'NASA', 'license': {'id': 4, 'name': 'NASA Image and Media Guidelines', 'priority': 0, 'link': 'https://www.nasa.gov/nasa-brand-center/images-and-media/'}, 'single_use': True, 'variants': []}, 'description': 'Earth is the third planet from the Sun and the only astronomical object known to harbor life.', 'wiki_url': 'https://en.wikipedia.org/wiki/Earth'}}","{'id': 4, 'name': 'Parachute Landing', 'abbrev': 'PCL', 'description': 'Unpowered landing using parachute(s).'}",599.0,,,,
24,1657,https://lldev.thespacedevs.com/2.3.0/landings/1657/,True,True,Starship Ship 37 has made a controlled re-entry and splashdown in the Indian Ocean.,,"{'id': 32, 'name': 'Indian Ocean', 'active': True, 'abbrev': 'IND', 'description': 'Indian Ocean', 'location': None, 'longitude': None, 'latitude': None, 'image': {'id': 2235, 'name': 'Sun glint on the Indian Ocean', 'image_url': 'https://thespacedevs-dev.nyc3.digitaloceanspaces.com/media/images/sun_glint_on_th_image_20240920091449.jpg', 'thumbnail_url': 'https://thespacedevs-dev.nyc3.digitaloceanspaces.com/media/images/sun_glint_on_th_image_thumbnail_20240920091449.jpeg', 'credit': 'NASA', 'license': {'id': 4, 'name': 'NASA Image and Media Guidelines', 'priority': 0, 'link': 'https://www.nasa.gov/nasa-brand-center/images-and-media/'}, 'single_use': True, 'variants': []}, 'successful_landings': 9, 'attempted_landings': 12, 'failed_landings': 3, 'celestial_body': {'response_mode': 'normal', 'id': 1, 'name': 'Earth', 'type': {'id': 1, 'name': 'Planet'}, 'diameter': 12742000.0, 'mass': 5.972168e+24, 'gravity': 9.80655, 'length_of_day': '1 00:00:00', 'atmosphere': True, 'image': {'id': 2040, 'name': 'Earth (Apollo 17)', 'image_url': 'https://thespacedevs-dev.nyc3.digitaloceanspaces.com/media/images/earth_2528apol_image_20240402194304.jpeg', 'thumbnail_url': 'https://thespacedevs-dev.nyc3.digitaloceanspaces.com/media/images/earth_2528apol_image_thumbnail_20240402194305.jpeg', 'credit': 'NASA', 'license': {'id': 4, 'name': 'NASA Image and Media Guidelines', 'priority': 0, 'link': 'https://www.nasa.gov/nasa-brand-center/images-and-media/'}, 'single_use': True, 'variants': []}, 'description': 'Earth is the third planet from the Sun and the only astronomical object known to harbor life.', 'wiki_url': 'https://en.wikipedia.org/wiki/Earth'}}","{'id': 3, 'name': 'Ocean', 'abbrev': 'Ocean', 'description': 'No recovery attempt'}",618.0,,,,
25,1709,https://lldev.thespacedevs.com/2.3.0/landings/1709/,True,True,The RSS capsule RSS First Step has landed at Blue Origin's Corn Ranch facility.,,"{'id': 28, 'name': 'Corn Ranch, West Texas', 'active': True, 'abbrev': 'CR', 'description': 'Blue Origin launch and landing facility located in West Texas', 'location': {'response_mode': 'normal', 'id': 29, 'url': 'https://lldev.thespacedevs.com/2.3.0/locations/29/', 'name': 'Corn Ranch, Van Horn, TX, USA', 'active': True, 'country': {'id': 2, 'name': 'United States of America', 'alpha_2_code': 'US', 'alpha_3_code': 'USA', 'nationality_name': 'American', 'nationality_name_composed': 'Americano'}, 'description': 'Corn Ranch, commonly referred to as Launch Site One (LSO), is a spaceport owned and operated by Blue Origin which is located approximately 30 miles north of the town of Van Horn, Texas, United States.', 'image': {'id': 2098, 'name': 'New Shepard liftoff (NS-25)', 'image_url': 'https://thespacedevs-dev.nyc3.digitaloceanspaces.com/media/images/new_shepard_lif_image_20240621062033.jpeg', 'thumbnail_url': 'https://thespacedevs-dev.nyc3.digitaloceanspaces.com/media/images/new_shepard_lif_image_thumbnail_20240621062033.jpeg', 'credit': 'Blue Origin', 'license': {'id': 1, 'name': 'Unknown', 'priority': 9, 'link': None}, 'single_use': True, 'variants': []}, 'map_image': 'https://thespacedevs-dev.nyc3.digitaloceanspaces.com/media/map_images/location_29_20200803142436.jpg', 'longitude': -104.757152, 'latitude': 31.422927, 'timezone_name': 'America/Chicago', 'total_launch_count': 38, 'total_landing_count': 38}, 'longitude': None, 'latitude': None, 'image': {'id': 2152, 'name': 'New Shepard Crew Capsule Jules Verne under parachutes', 'image_url': 'https://thespacedevs-dev.nyc3.digitaloceanspaces.com/media/images/new_shepard_cre_image_20240812144851.jpg', 'thumbnail_url': 'https://thespacedevs-dev.nyc3.digitaloceanspaces.com/media/images/new_shepard_cre_image_thumbnail_20240812144851.jpeg', 'credit': 'Blue Origin', 'license': {'id': 1, 'name': 'Unknown', 'priority': 9, 'link': None}, 'single_use': True, 'variants': []}, 'successful_landings': 41, 'attempted_landings': 41, 'failed_landings': 0, 'celestial_body': {'response_mode': 'normal', 'id': 1, 'name': 'Earth', 'type': {'id': 1, 'name': 'Planet'}, 'diameter': 12742000.0, 'mass': 5.972168e+24, 'gravity': 9.80655, 'length_of_day': '1 00:00:00', 'atmosphere': True, 'image': {'id': 2040, 'name': 'Earth (Apollo 17)', 'image_url': 'https://thespacedevs-dev.nyc3.digitaloceanspaces.com/media/images/earth_2528apol_image_20240402194304.jpeg', 'thumbnail_url': 'https://thespacedevs-dev.nyc3.digitaloceanspaces.com/media/images/earth_2528apol_image_thumbnail_20240402194305.jpeg', 'credit': 'NASA', 'license': {'id': 4, 'name': 'NASA Image and Media Guidelines', 'priority': 0, 'link': 'https://www.nasa.gov/nasa-brand-center/images-and-media/'}, 'single_use': True, 'variants': []}, 'description': 'Earth is the third planet from the Sun and the only astronomical object known to harbor life.', 'wiki_url': 'https://en.wikipedia.org/wiki/Earth'}}","{'id': 4, 'name': 'Parachute Landing', 'abbrev': 'PCL', 'description': 'Unpowered landing using parachute(s).'}",453.0,,,,
26,1726,https://lldev.thespacedevs.com/2.3.0/landings/1726/,False,,The HTV-X spacecraft will burn up upon entering Earth's atmosphere.,,,"{'id': 7, 'name': 'Destructive Reentry', 'abbrev': 'ATM', 'description': 'Spacecraft burned up in the atmosphere'}",623.0,,,,
27,1738,https://lldev.thespacedevs.com/2.3.0/landings/1738/,True,True,"The Shenzhou 22 spacecraft has landed at the Dongfeng landing site in Inner Mongolia, China.",,"{'id': 22, 'name': 'Dongfeng Landing Site', 'active': True, 'abbrev': 'DLS', 'description': ""Dongfeng landing site in the Gobi Desert, North China's Inner Mongolia Autonomous Region."", 'location': None, 'longitude': None, 'latitude': None, 'image': {'id': 1260, 'name': '[AUTO] Shenzhou 16 Landing - image', 'image_url': 'https://thespacedevs-dev.nyc3.digitaloceanspaces.com/media/images/shenzhou_16_lan_image_20231027084649.jpeg', 'thumbnail_url': 'https://thespacedevs-dev.nyc3.digitaloceanspaces.com/media/images/255bauto255d__image_thumbnail_20240305192204.jpeg', 'credit': None, 'license': {'id': 1, 'name': 'Unknown', 'priority': 9, 'link': None}, 'single_use': True, 'variants': []}, 'successful_landings': 11, 'attempted_landings': 11, 'failed_landings': 0, 'celestial_body': {'response_mode': 'normal', 'id': 1, 'name': 'Earth', 'type': {'id': 1, 'name': 'Planet'}, 'diameter': 12742000.0, 'mass': 5.972168e+24, 'gravity': 9.80655, 'length_of_day': '1 00:00:00', 'atmosphere': True, 'image': {'id': 2040, 'name': 'Earth (Apollo 17)', 'image_url': 'https://thespacedevs-dev.nyc3.digitaloceanspaces.com/media/images/earth_2528apol_image_20240402194304.jpeg', 'thumbnail_url': 'https://thespacedevs-dev.nyc3.digitaloceanspaces.com/media/images/earth_2528apol_image_thumbnail_20240402194305.jpeg', 'credit': 'NASA', 'license': {'id': 4, 'name': 'NASA Image and Media Guidelines', 'priority': 0, 'link': 'https://www.nasa.gov/nasa-brand-center/images-and-media/'}, 'single_use': True, 'variants': []}, 'description': 'Earth is the third planet from the Sun and the only astronomical object known to harbor life.', 'wiki_url': 'https://en.wikipedia.org/wiki/Earth'}}","{'id': 4, 'name': 'Parachute Landing', 'abbrev': 'PCL', 'description': 'Unpowered landing using parachute(s).'}",624.0,,,,
28,1810,https://lldev.thespacedevs.com/2.3.0/landings/1810/,False,,The reusable space plane will land on the Lop Nur dried salt lake.,,"{'id': 30, 'name': 'Lop Nur Airbase', 'active': True, 'abbrev': 'LNA', 'description': 'Military airbase located on a dried salt lake in the Xinjiang Uygur Autonomous Region, China.', 'location': None, 'longitude': 89.28202039, 'latitude': 40.77287097, 'image': {'id': 2237, 'name': 'Lop Nur Airbase', 'image_url': 'https://thespacedevs-dev.nyc3.digitaloceanspaces.com/media/images/lop_nur_airbase_image_20240920092126.jpg', 'thumbnail_url': 'https://thespacedevs-dev.nyc3.digitaloceanspaces.com/media/images/lop_nur_airbase_image_thumbnail_20240920092126.jpeg', 'credit': 'Planet Labs', 'license': {'id': 1, 'name': 'Unknown', 'priority': 9, 'link': None}, 'single_use': True, 'variants': []}, 'successful_landings': 3, 'attempted_landings': 3, 'failed_landings': 0, 'celestial_body': {'response_mode': 'normal', 'id': 1, 'name': 'Earth', 'type': {'id': 1, 'name': 'Planet'}, 'diameter': 12742000.0, 'mass': 5.972168e+24, 'gravity': 9.80655, 'length_of_day': '1 00:00:00', 'atmosphere': True, 'image': {'id': 2040, 'name': 'Earth (Apollo 17)', 'image_url': 'https://thespacedevs-dev.nyc3.digitaloceanspaces.com/media/images/earth_2528apol_image_20240402194304.jpeg', 'thumbnail_url': 'https://thespacedevs-dev.nyc3.digitaloceanspaces.com/media/images/earth_2528apol_image_thumbnail_20240402194305.jpeg', 'credit': 'NASA', 'license': {'id': 4, 'name': 'NASA Image and Media Guidelines', 'priority': 0, 'link': 'https://www.nasa.gov/nasa-brand-center/images-and-media/'}, 'single_use': True, 'variants': []}, 'description': 'Earth is the third planet from the Sun and the only astronomical object known to harbor life.', 'wiki_url': 'https://en.wikipedia.org/wiki/Earth'}}","{'id': 6, 'name': 'Horizontal Landing', 'abbrev': 'HL', 'description': 'Horizontal landing on a runway or flat surface.'}",560.0,,,,
29,1767,https://lldev.thespacedevs.com/2.3.0/landings/1767/,True,True,The RSS First Step capsule has landed at Blue Origin's Corn Ranch facility.,,"{'id': 28, 'name': 'Corn Ranch, West Texas', 'active': True, 'abbrev': 'CR', 'description': 'Blue Origin launch and landing facility located in West Texas', 'location': {'response_mode': 'normal', 'id': 29, 'url': 'https://lldev.thespacedevs.com/2.3.0/locations/29/', 'name': 'Corn Ranch, Van Horn, TX, USA', 'active': True, 'country': {'id': 2, 'name': 'United States of America', 'alpha_2_code': 'US', 'alpha_3_code': 'USA', 'nationality_name': 'American', 'nationality_name_composed': 'Americano'}, 'description': 'Corn Ranch, commonly referred to as Launch Site One (LSO), is a spaceport owned and operated by Blue Origin which is located approximately 30 miles north of the town of Van Horn, Texas, United States.', 'image': {'id': 2098, 'name': 'New Shepard liftoff (NS-25)', 'image_url': 'https://thespacedevs-dev.nyc3.digitaloceanspaces.com/media/images/new_shepard_lif_image_20240621062033.jpeg', 'thumbnail_url': 'https://thespacedevs-dev.nyc3.digitaloceanspaces.com/media/images/new_shepard_lif_image_thumbnail_20240621062033.jpeg', 'credit': 'Blue Origin', 'license': {'id': 1, 'name': 'Unknown', 'priority': 9, 'link': None}, 'single_use': True, 'variants': []}, 'map_image': 'https://thespacedevs-dev.nyc3.digitaloceanspaces.com/media/map_images/location_29_20200803142436.jpg', 'longitude': -104.757152, 'latitude': 31.422927, 'timezone_name': 'America/Chicago', 'total_launch_count': 38, 'total_landing_count': 38}, 'longitude': None, 'latitude': None, 'image': {'id': 2152, 'name': 'New Shepard Crew Capsule Jules Verne under parachutes', 'image_url': 'https://thespacedevs-dev.nyc3.digitaloceanspaces.com/media/images/new_shepard_cre_image_20240812144851.jpg', 'thumbnail_url': 'https://thespacedevs-dev.nyc3.digitaloceanspaces.com/media/images/new_shepard_cre_image_thumbnail_20240812144851.jpeg', 'credit': 'Blue Origin', 'license': {'id': 1, 'name': 'Unknown', 'priority': 9, 'link': None}, 'single_use': True, 'variants': []}, 'successful_landings': 41, 'attempted_landings': 41, 'failed_landings': 0, 'celestial_body': {'response_mode': 'normal', 'id': 1, 'name': 'Earth', 'type': {'id': 1, 'name': 'Planet'}, 'diameter': 12742000.0, 'mass': 5.972168e+24, 'gravity': 9.80655, 'length_of_day': '1 00:00:00', 'atmosphere': True, 'image': {'id': 2040, 'name': 'Earth (Apollo 17)', 'image_url': 'https://thespacedevs-dev.nyc3.digitaloceanspaces.com/media/images/earth_2528apol_image_20240402194304.jpeg', 'thumbnail_url': 'https://thespacedevs-dev.nyc3.digitaloceanspaces.com/media/images/earth_2528apol_image_thumbnail_20240402194305.jpeg', 'credit': 'NASA', 'license': {'id': 4, 'name': 'NASA Image and Media Guidelines', 'priority': 0, 'link': 'https://www.nasa.gov/nasa-brand-center/images-and-media/'}, 'single_use': True, 'variants': []}, 'description': 'Earth is the third planet from the Sun and the only astronomical object known to harbor life.', 'wiki_url': 'https://en.wikipedia.org/wiki/Earth'}}","{'id': 4, 'name': 'Parachute Landing', 'abbrev': 'PCL', 'description': 'Unpowered landing using parachute(s).'}",453.0,,,,
30,1866,https://lldev.thespacedevs.com/2.3.0/landings/1866/,True,,"The Shenzhou 23 spacecraft will land at the Donfgeng landing site in Inner Mongolia, China.",,"{'id': 22, 'name': 'Dongfeng Landing Site', 'active': True, 'abbrev': 'DLS', 'description': ""Dongfeng landing site in the Gobi Desert, North China's Inner Mongolia Autonomous Region."", 'location': None, 'longitude': None, 'latitude': None, 'image': {'id': 1260, 'name': '[AUTO] Shenzhou 16 Landing - image', 'image_url': 'https://thespacedevs-dev.nyc3.digitaloceanspaces.com/media/images/shenzhou_16_lan_image_20231027084649.jpeg', 'thumbnail_url': 'https://thespacedevs-dev.nyc3.digitaloceanspaces.com/media/images/255bauto255d__image_thumbnail_20240305192204.jpeg', 'credit': None, 'license': {'id': 1, 'name': 'Unknown', 'priority': 9, 'link': None}, 'single_use': True, 'variants': []}, 'successful_landings': 11, 'attempted_landings': 11, 'failed_landings': 0, 'celestial_body': {'response_mode': 'normal', 'id': 1, 'name': 'Earth', 'type': {'id': 1, 'name': 'Planet'}, 'diameter': 12742000.0, 'mass': 5.972168e+24, 'gravity': 9.80655, 'length_of_day': '1 00:00:00', 'atmosphere': True, 'image': {'id': 2040, 'name': 'Earth (Apollo 17)', 'image_url': 'https://thespacedevs-dev.nyc3.digitaloceanspaces.com/media/images/earth_2528apol_image_20240402194304.jpeg', 'thumbnail_url': 'https://thespacedevs-dev.nyc3.digitaloceanspaces.com/media/images/earth_2528apol_image_thumbnail_20240402194305.jpeg', 'credit': 'NASA', 'license': {'id': 4, 'name': 'NASA Image and Media Guidelines', 'priority': 0, 'link': 'https://www.nasa.gov/nasa-brand-center/images-and-media/'}, 'single_use': True, 'variants': []}, 'description': 'Earth is the third planet from the Sun and the only astronomical object known to harbor life.', 'wiki_url': 'https://en.wikipedia.org/wiki/Earth'}}","{'id': 4, 'name': 'Parachute Landing', 'abbrev': 'PCL', 'description': 'Unpowered landing using parachute(s).'}",629.0,,,,
31,1749,https://lldev.thespacedevs.com/2.3.0/landings/1749/,True,,The Crew Dragon Freedom capsule will splash down in the Pacific Ocean.,,"{'id': 18, 'name': 'Pacific Ocean', 'active': True, 'abbrev': 'PAC', 'description': 'Pacific Ocean', 'location': None, 'longitude': None, 'latitude': None, 'image': {'id': 2242, 'name': 'Pacific Ocean from the ISS', 'image_url': 'https://thespacedevs-dev.nyc3.digitaloceanspaces.com/media/images/pacific_ocean_f_image_20240920094534.jpg', 'thumbnail_url': 'https://thespacedevs-dev.nyc3.digitaloceanspaces.com/media/images/pacific_ocean_f_image_thumbnail_20240920094534.jpeg', 'credit': 'NASA', 'license': {'id': 4, 'name': 'NASA Image and Media Guidelines', 'priority': 0, 'link': 'https://www.nasa.gov/nasa-brand-center/images-and-media/'}, 'single_use': True, 'variants': []}, 'successful_landings': 53, 'attempted_landings': 55, 'failed_landings': 2, 'celestial_body': {'response_mode': 'normal', 'id': 1, 'name': 'Earth', 'type': {'id': 1, 'name': 'Planet'}, 'diameter': 12742000.0, 'mass': 5.972168e+24, 'gravity': 9.80655, 'length_of_day': '1 00:00:00', 'atmosphere': True, 'image': {'id': 2040, 'name': 'Earth (Apollo 17)', 'image_url': 'https://thespacedevs-dev.nyc3.digitaloceanspaces.com/media/images/earth_2528apol_image_20240402194304.jpeg', 'thumbnail_url': 'https://thespacedevs-dev.nyc3.digitaloceanspaces.com/media/images/earth_2528apol_image_thumbnail_20240402194305.jpeg', 'credit': 'NASA', 'license': {'id': 4, 'name': 'NASA Image and Media Guidelines', 'priority': 0, 'link': 'https://www.nasa.gov/nasa-brand-center/images-and-media/'}, 'single_use': True, 'variants': []}, 'description': 'Earth is the third planet from the Sun and the only astronomical object known to harbor life.', 'wiki_url': 'https://en.wikipedia.org/wiki/Earth'}}","{'id': 4, 'name': 'Parachute Landing', 'abbrev': 'PCL', 'description': 'Unpowered landing using parachute(s).'}",551.0,,,,
32,1851,https://lldev.thespacedevs.com/2.3.0/landings/1851/,False,,,,"{'id': 15, 'name': 'South Pacific', 'active': True, 'abbrev': 'PAC', 'description': 'Pacific Ocean off the coast of Mahia Peninsula, New Zealand.', 'location': {'response_mode': 'normal', 'id': 10, 'url': 'https://lldev.thespacedevs.com/2.3.0/locations/10/', 'name': 'Rocket Lab Launch Complex 1, Mahia Peninsula, New Zealand', 'active': True, 'country': {'id': 51, 'name': 'New Zealand', 'alpha_2_code': 'NZ', 'alpha_3_code': 'NZL', 'nationality_name': 'Kiwi', 'nationality_name_composed': 'Kiwi'}, 'description': ""Rocket Lab Launch Complex 1 is a commercial spaceport located close to Ahuriri Point at the southern tip of Māhia Peninsula, on the east coast of New Zealand's North Island. It is owned and operated by private spaceflight company Rocket Lab and supports launches of the company's Electron rocket for small satellites. With the launch of Electron on 25 May 2017, it became the first private spaceport to host an orbital launch attempt, and the first site in New Zealand to host an orbital launch attempt. With the Electron launch of 21 January 2018, it became the first private spaceport to host a successful orbital launch."", 'image': {'id': 2206, 'name': 'Rocket Lab Launch Complex 1', 'image_url': 'https://thespacedevs-dev.nyc3.digitaloceanspaces.com/media/images/rocket_lab_laun_image_20240918164228.jpg', 'thumbnail_url': 'https://thespacedevs-dev.nyc3.digitaloceanspaces.com/media/images/rocket_lab_laun_image_thumbnail_20240918164228.jpeg', 'credit': 'Rocket Lab', 'license': {'id': 7, 'name': 'Rocket Lab Image Use Policy', 'priority': 3, 'link': 'https://www.rocketlabusa.com/about/gallery/'}, 'single_use': True, 'variants': []}, 'map_image': 'https://thespacedevs-dev.nyc3.digitaloceanspaces.com/media/map_images/location_10_20200803142509.jpg', 'longitude': 177.86586, 'latitude': -39.26085, 'timezone_name': 'Pacific/Auckland', 'total_launch_count': 78, 'total_landing_count': 17}, 'longitude': None, 'latitude': None, 'image': {'id': 2245, 'name': 'New Zealand and the South Pacific Ocean', 'image_url': 'https://thespacedevs-dev.nyc3.digitaloceanspaces.com/media/images/new_zealand_and_image_20240920094832.jpg', 'thumbnail_url': 'https://thespacedevs-dev.nyc3.digitaloceanspaces.com/media/images/new_zealand_and_image_thumbnail_20240920094832.jpeg', 'credit': 'NASA', 'license': {'id': 4, 'name': 'NASA Image and Media Guidelines', 'priority': 0, 'link': 'https://www.nasa.gov/nasa-brand-center/images-and-media/'}, 'single_use': True, 'variants': []}, 'successful_landings': 4, 'attempted_landings': 6, 'failed_landings': 2, 'celestial_body': {'response_mode': 'normal', 'id': 1, 'name': 'Earth', 'type': {'id': 1, 'name': 'Planet'}, 'diameter': 12742000.0, 'mass': 5.972168e+24, 'gravity': 9.80655, 'length_of_day': '1 00:00:00', 'atmosphere': True, 'image': {'id': 2040, 'name': 'Earth (Apollo 17)', 'image_url': 'https://thespacedevs-dev.nyc3.digitaloceanspaces.com/media/images/earth_2528apol_image_20240402194304.jpeg', 'thumbnail_url': 'https://thespacedevs-dev.nyc3.digitaloceanspaces.com/media/images/earth_2528apol_image_thumbnail_20240402194305.jpeg', 'credit': 'NASA', 'license': {'id': 4, 'name': 'NASA Image and Media Guidelines', 'priority': 0, 'link': 'https://www.nasa.gov/nasa-brand-center/images-and-media/'}, 'single_use': True, 'variants': []}, 'description': 'Earth is the third planet from the Sun and the only astronomical object known to harbor life.', 'wiki_url': 'https://en.wikipedia.org/wiki/Earth'}}","{'id': 7, 'name': 'Destructive Reentry', 'abbrev': 'ATM', 'description': 'Spacecraft burned up in the atmosphere'}",628.0,,,,
33,1832,https://lldev.thespacedevs.com/2.3.0/landings/1832/,False,,,,"{'id': 15, 'name': 'South Pacific', 'active': True, 'abbrev': 'PAC', 'description': 'Pacific Ocean off the coast of Mahia Peninsula, New Zealand.', 'location': {'response_mode': 'normal', 'id': 10, 'url': 'https://lldev.thespacedevs.com/2.3.0/locations/10/', 'name': 'Rocket Lab Launch Complex 1, Mahia Peninsula, New Zealand', 'active': True, 'country': {'id': 51, 'name': 'New Zealand', 'alpha_2_code': 'NZ', 'alpha_3_code': 'NZL', 'nationality_name': 'Kiwi', 'nationality_name_composed': 'Kiwi'}, 'description': ""Rocket Lab Launch Complex 1 is a commercial spaceport located close to Ahuriri Point at the southern tip of Māhia Peninsula, on the east coast of New Zealand's North Island. It is owned and operated by private spaceflight company Rocket Lab and supports launches of the company's Electron rocket for small satellites. With the launch of Electron on 25 May 2017, it became the first private spaceport to host an orbital launch attempt, and the first site in New Zealand to host an orbital launch attempt. With the Electron launch of 21 January 2018, it became the first private spaceport to host a successful orbital launch."", 'image': {'id': 2206, 'name': 'Rocket Lab Launch Complex 1', 'image_url': 'https://thespacedevs-dev.nyc3.digitaloceanspaces.com/media/images/rocket_lab_laun_image_20240918164228.jpg', 'thumbnail_url': 'https://thespacedevs-dev.nyc3.digitaloceanspaces.com/media/images/rocket_lab_laun_image_thumbnail_20240918164228.jpeg', 'credit': 'Rocket Lab', 'license': {'id': 7, 'name': 'Rocket Lab Image Use Policy', 'priority': 3, 'link': 'https://www.rocketlabusa.com/about/gallery/'}, 'single_use': True, 'variants': []}, 'map_image': 'https://thespacedevs-dev.nyc3.digitaloceanspaces.com/media/map_images/location_10_20200803142509.jpg', 'longitude': 177.86586, 'latitude': -39.26085, 'timezone_name': 'Pacific/Auckland', 'total_launch_count': 78, 'total_landing_count': 17}, 'longitude': None, 'latitude': None, 'image': {'id': 2245, 'name': 'New Zealand and the South Pacific Ocean', 'image_url': 'https://thespacedevs-dev.nyc3.digitaloceanspaces.com/media/images/new_zealand_and_image_20240920094832.jpg', 'thumbnail_url': 'https://thespacedevs-dev.nyc3.digitaloceanspaces.com/media/images/new_zealand_and_image_thumbnail_20240920094832.jpeg', 'credit': 'NASA', 'license': {'id': 4, 'name': 'NASA Image and Media Guidelines', 'priority': 0, 'link': 'https://www.nasa.gov/nasa-brand-center/images-and-media/'}, 'single_use': True, 'variants': []}, 'successful_landings': 4, 'attempted_landings': 6, 'failed_landings': 2, 'celestial_body': {'response_mode': 'normal', 'id': 1, 'name': 'Earth', 'type': {'id': 1, 'name': 'Planet'}, 'diameter': 12742000.0, 'mass': 5.972168e+24, 'gravity': 9.80655, 'length_of_day': '1 00:00:00', 'atmosphere': True, 'image': {'id': 2040, 'name': 'Earth (Apollo 17)', 'image_url': 'https://thespacedevs-dev.nyc3.digitaloceanspaces.com/media/images/earth_2528apol_image_20240402194304.jpeg', 'thumbnail_url': 'https://thespacedevs-dev.nyc3.digitaloceanspaces.com/media/images/earth_2528apol_image_thumbnail_20240402194305.jpeg', 'credit': 'NASA', 'license': {'id': 4, 'name': 'NASA Image and Media Guidelines', 'priority': 0, 'link': 'https://www.nasa.gov/nasa-brand-center/images-and-media/'}, 'single_use': True, 'variants': []}, 'description': 'Earth is the third planet from the Sun and the only astronomical object known to harbor life.', 'wiki_url': 'https://en.wikipedia.org/wiki/Earth'}}","{'id': 7, 'name': 'Destructive Reentry', 'abbrev': 'ATM', 'description': 'Spacecraft burned up in the atmosphere'}",625.0,,,,
34,1840,https://lldev.thespacedevs.com/2.3.0/landings/1840/,False,,,,"{'id': 18, 'name': 'Pacific Ocean', 'active': True, 'abbrev': 'PAC', 'description': 'Pacific Ocean', 'location': None, 'longitude': None, 'latitude': None, 'image': {'id': 2242, 'name': 'Pacific Ocean from the ISS', 'image_url': 'https://thespacedevs-dev.nyc3.digitaloceanspaces.com/media/images/pacific_ocean_f_image_20240920094534.jpg', 'thumbnail_url': 'https://thespacedevs-dev.nyc3.digitaloceanspaces.com/media/images/pacific_ocean_f_image_thumbnail_20240920094534.jpeg', 'credit': 'NASA', 'license': {'id': 4, 'name': 'NASA Image and Media Guidelines', 'priority': 0, 'link': 'https://www.nasa.gov/nasa-brand-center/images-and-media/'}, 'single_use': True, 'variants': []}, 'successful_landings': 53, 'attempted_landings': 55, 'failed_landings': 2, 'celestial_body': {'response_mode': 'normal', 'id': 1, 'name': 'Earth', 'type': {'id': 1, 'name': 'Planet'}, 'diameter': 12742000.0, 'mass': 5.972168e+24, 'gravity': 9.80655, 'length_of_day': '1 00:00:00', 'atmosphere': True, 'image': {'id': 2040, 'name': 'Earth (Apollo 17)', 'image_url': 'https://thespacedevs-dev.nyc3.digitaloceanspaces.com/media/images/earth_2528apol_image_20240402194304.jpeg', 'thumbnail_url': 'https://thespacedevs-dev.nyc3.digitaloceanspaces.com/media/images/earth_2528apol_image_thumbnail_20240402194305.jpeg', 'credit': 'NASA', 'license': {'id': 4, 'name': 'NASA Image and Media Guidelines', 'priority': 0, 'link': 'https://www.nasa.gov/nasa-brand-center/images-and-media/'}, 'single_use': True, 'variants': []}, 'description': 'Earth is the third planet from the Sun and the only astronomical object known to harbor life.', 'wiki_url': 'https://en.wikipedia.org/wiki/Earth'}}","{'id': 7, 'name': 'Destructive Reentry', 'abbrev': 'ATM', 'description': 'Spacecraft burned up in the atmosphere'}",626.0,,,,
35,1848,https://lldev.thespacedevs.com/2.3.0/landings/1848/,True,,The Crew Dragon capsule will splash down in the Pacific Ocean.,,"{'id': 18, 'name': 'Pacific Ocean', 'active': True, 'abbrev': 'PAC', 'description': 'Pacific Ocean', 'location': None, 'longitude': None, 'latitude': None, 'image': {'id': 2242, 'name': 'Pacific Ocean from the ISS', 'image_url': 'https://thespacedevs-dev.nyc3.digitaloceanspaces.com/media/images/pacific_ocean_f_image_20240920094534.jpg', 'thumbnail_url': 'https://thespacedevs-dev.nyc3.digitaloceanspaces.com/media/images/pacific_ocean_f_image_thumbnail_20240920094534.jpeg', 'credit': 'NASA', 'license': {'id': 4, 'name': 'NASA Image and Media Guidelines', 'priority': 0, 'link': 'https://www.nasa.gov/nasa-brand-center/images-and-media/'}, 'single_use': True, 'variants': []}, 'successful_landings': 53, 'attempted_landings': 55, 'failed_landings': 2, 'celestial_body': {'response_mode': 'normal', 'id': 1, 'name': 'Earth', 'type': {'id': 1, 'name': 'Planet'}, 'diameter': 12742000.0, 'mass': 5.972168e+24, 'gravity': 9.80655, 'length_of_day': '1 00:00:00', 'atmosphere': True, 'image': {'id': 2040, 'name': 'Earth (Apollo 17)', 'image_url': 'https://thespacedevs-dev.nyc3.digitaloceanspaces.com/media/images/earth_2528apol_image_20240402194304.jpeg', 'thumbnail_url': 'https://thespacedevs-dev.nyc3.digitaloceanspaces.com/media/images/earth_2528apol_image_thumbnail_20240402194305.jpeg', 'credit': 'NASA', 'license': {'id': 4, 'name': 'NASA Image and Media Guidelines', 'priority': 0, 'link': 'https://www.nasa.gov/nasa-brand-center/images-and-media/'}, 'single_use': True, 'variants': []}, 'description': 'Earth is the third planet from the Sun and the only astronomical object known to harbor life.', 'wiki_url': 'https://en.wikipedia.org/wiki/Earth'}}","{'id': 4, 'name': 'Parachute Landing', 'abbrev': 'PCL', 'description': 'Unpowered landing using parachute(s).'}",452.0,,,,
36,1850,https://lldev.thespacedevs.com/2.3.0/landings/1850/,False,,The Tianzhou-10 spacecraft will burn up upon entering Earth's atmosphere.,,"{'id': 12, 'name': 'Unknown', 'active': True, 'abbrev': 'N/A', 'description': None, 'location': None, 'longitude': None, 'latitude': None, 'image': None, 'successful_landings': 0, 'attempted_landings': 0, 'failed_landings': 0, 'celestial_body': {'response_mode': 'normal', 'id': 1, 'name': 'Earth', 'type': {'id': 1, 'name': 'Planet'}, 'diameter': 12742000.0, 'mass': 5.972168e+24, 'gravity': 9.80655, 'length_of_day': '1 00:00:00', 'atmosphere': True, 'image': {'id': 2040, 'name': 'Earth (Apollo 17)', 'image_url': 'https://thespacedevs-dev.nyc3.digitaloceanspaces.com/media/images/earth_2528apol_image_20240402194304.jpeg', 'thumbnail_url': 'https://thespacedevs-dev.nyc3.digitaloceanspaces.com/media/images/earth_2528apol_image_thumbnail_20240402194305.jpeg', 'credit': 'NASA', 'license': {'id': 4, 'name': 'NASA Image and Media Guidelines', 'priority': 0, 'link': 'https://www.nasa.gov/nasa-brand-center/images-and-media/'}, 'single_use': True, 'variants': []}, 'description': 'Earth is the third planet from the Sun and the only astronomical object known to harbor life.', 'wiki_url': 'https://en.wikipedia.org/wiki/Earth'}}","{'id': 7, 'name': 'Destructive Reentry', 'abbrev': 'ATM', 'description': 'Spacecraft burned up in the atmosphere'}",627.0,,,,
37,1600,https://lldev.thespacedevs.com/2.3.0/landings/1600/,True,True,The Cargo Dragon C209 spacecraft has splashed down in the Pacific Ocean.,,"{'id': 18, 'name': 'Pacific Ocean', 'active': True, 'abbrev': 'PAC', 'description': 'Pacific Ocean', 'location': None, 'longitude': None, 'latitude': None, 'image': {'id': 2242, 'name': 'Pacific Ocean from the ISS', 'image_url': 'https://thespacedevs-dev.nyc3.digitaloceanspaces.com/media/images/pacific_ocean_f_image_20240920094534.jpg', 'thumbnail_url': 'https://thespacedevs-dev.nyc3.digitaloceanspaces.com/media/images/pacific_ocean_f_image_thumbnail_20240920094534.jpeg', 'credit': 'NASA', 'license': {'id': 4, 'name': 'NASA Image and Media Guidelines', 'priority': 0, 'link': 'https://www.nasa.gov/nasa-brand-center/images-and-media/'}, 'single_use': True, 'variants': []}, 'successful_landings': 53, 'attempted_landings': 55, 'failed_landings': 2, 'celestial_body': {'response_mode': 'normal', 'id': 1, 'name': 'Earth', 'type': {'id': 1, 'name': 'Planet'}, 'diameter': 12742000.0, 'mass': 5.972168e+24, 'gravity': 9.80655, 'length_of_day': '1 00:00:00', 'atmosphere': True, 'image': {'id': 2040, 'name': 'Earth (Apollo 17)', 'image_url': 'https://thespacedevs-dev.nyc3.digitaloceanspaces.com/media/images/earth_2528apol_image_20240402194304.jpeg', 'thumbnail_url': 'https://thespacedevs-dev.nyc3.digitaloceanspaces.com/media/images/earth_2528apol_image_thumbnail_20240402194305.jpeg', 'credit': 'NASA', 'license': {'id': 4, 'name': 'NASA Image and Media Guidelines', 'priority': 0, 'link': 'https://www.nasa.gov/nasa-brand-center/images-and-media/'}, 'single_use': True, 'variants': []}, 'description': 'Earth is the third planet from the Sun and the only astronomical object known to harbor life.', 'wiki_url': 'https://en.wikipedia.org/wiki/Earth'}}","{'id': 4, 'name': 'Parachute Landing', 'abbrev': 'PCL', 'description': 'Unpowered landing using parachute(s).'}",474.0,,,,
38,1895,https://lldev.thespacedevs.com/2.3.0/landings/1895/,True,,Ship 40 will attempt to perform a soft splashdown in the Indian Ocean.,,"{'id': 32, 'name': 'Indian Ocean', 'active': True, 'abbrev': 'IND', 'description': 'Indian Ocean', 'location': None, 'longitude': None, 'latitude': None, 'image': {'id': 2235, 'name': 'Sun glint on the Indian Ocean', 'image_url': 'https://thespacedevs-dev.nyc3.digitaloceanspaces.com/media/images/sun_glint_on_th_image_20240920091449.jpg', 'thumbnail_url': 'https://thespacedevs-dev.nyc3.digitaloceanspaces.com/media/images/sun_glint_on_th_image_thumbnail_20240920091449.jpeg', 'credit': 'NASA', 'license': {'id': 4, 'name': 'NASA Image and Media Guidelines', 'priority': 0, 'link': 'https://www.nasa.gov/nasa-brand-center/images-and-media/'}, 'single_use': True, 'variants': []}, 'successful_landings': 9, 'attempted_landings': 12, 'failed_landings': 3, 'celestial_body': {'response_mode': 'normal', 'id': 1, 'name': 'Earth', 'type': {'id': 1, 'name': 'Planet'}, 'diameter': 12742000.0, 'mass': 5.972168e+24, 'gravity': 9.80655, 'length_of_day': '1 00:00:00', 'atmosphere': True, 'image': {'id': 2040, 'name': 'Earth (Apollo 17)', 'image_url': 'https://thespacedevs-dev.nyc3.digitaloceanspaces.com/media/images/earth_2528apol_image_20240402194304.jpeg', 'thumbnail_url': 'https://thespacedevs-dev.nyc3.digitaloceanspaces.com/media/images/earth_2528apol_image_thumbnail_20240402194305.jpeg', 'credit': 'NASA', 'license': {'id': 4, 'name': 'NASA Image and Media Guidelines', 'priority': 0, 'link': 'https://www.nasa.gov/nasa-brand-center/images-and-media/'}, 'single_use': True, 'variants': []}, 'description': 'Earth is the third planet from the Sun and the only astronomical object known to harbor life.', 'wiki_url': 'https://en.wikipedia.org/wiki/Earth'}}","{'id': 3, 'name': 'Ocean', 'abbrev': 'Ocean', 'description': 'No recovery attempt'}",630.0,,,,
39,286,https://lldev.thespacedevs.com/2.3.0/landings/286/,True,True,The Falcon 9 first stage B1101 has landed back at the launch site after its 2nd flight.,0.30000000000000004,"{'id': 62, 'name': 'Landing Zone 40', 'active': True, 'abbrev': 'LZ-40', 'description': 'Landing Pad at SLC-40 for Falcon 9 boosters. Built as an replacement for LZ-1 & LZ-2.', 'location': {'response_mode': 'normal', 'id': 12, 'url': 'https://lldev.thespacedevs.com/2.3.0/locations/12/', 'name': 'Cape Canaveral SFS, FL, USA', 'active': True, 'country': {'id': 2, 'name': 'United States of America', 'alpha_2_code': 'US', 'alpha_3_code': 'USA', 'nationality_name': 'American', 'nationality_name_composed': 'Americano'}, 'description': ""Cape Canaveral Space Force Station (CCSFS) is an installation of the United States Space Force's Space Launch Delta 45, located on Cape Canaveral in Brevard County, Florida."", 'image': {'id': 2200, 'name': 'Cape Canaveral & KSC seen from orbit (STS-43)', 'image_url': 'https://thespacedevs-dev.nyc3.digitaloceanspaces.com/media/images/cape_canaveral__image_20240918151615.jpg', 'thumbnail_url': 'https://thespacedevs-dev.nyc3.digitaloceanspaces.com/media/images/cape_canaveral__image_thumbnail_20240918151616.jpeg', 'credit': 'NASA', 'license': {'id': 4, 'name': 'NASA Image and Media Guidelines', 'priority': 0, 'link': 'https://www.nasa.gov/nasa-brand-center/images-and-media/'}, 'single_use': True, 'variants': []}, 'map_image': 'https://thespacedevs-dev.nyc3.digitaloceanspaces.com/media/map_images/location_12_20200803142519.jpg', 'longitude': -80.577778, 'latitude': 28.488889, 'timezone_name': 'America/New_York', 'total_launch_count': 1124, 'total_landing_count': 76}, 'longitude': -80.5752619, 'latitude': 28.5634384, 'image': {'id': 2695, 'name': 'LZ-40 at SLC-40', 'image_url': 'https://thespacedevs-dev.nyc3.digitaloceanspaces.com/media/images/lz-40_at_slc-40_image_20260213111727.jpg', 'thumbnail_url': 'https://thespacedevs-dev.nyc3.digitaloceanspaces.com/media/images/lz-40_at_slc-40_image_thumbnail_20260213111727.jpeg', 'credit': 'SpaceX', 'license': {'id': 1, 'name': 'Unknown', 'priority': 9, 'link': None}, 'single_use': True, 'variants': []}, 'successful_landings': 4, 'attempted_landings': 4, 'failed_landings': 0, 'celestial_body': {'response_mode': 'normal', 'id': 1, 'name': 'Earth', 'type': {'id': 1, 'name': 'Planet'}, 'diameter': 12742000.0, 'mass': 5.972168e+24, 'gravity': 9.80655, 'length_of_day': '1 00:00:00', 'atmosphere': True, 'image': {'id': 2040, 'name': 'Earth (Apollo 17)', 'image_url': 'https://thespacedevs-dev.nyc3.digitaloceanspaces.com/media/images/earth_2528apol_image_20240402194304.jpeg', 'thumbnail_url': 'https://thespacedevs-dev.nyc3.digitaloceanspaces.com/media/images/earth_2528apol_image_thumbnail_20240402194305.jpeg', 'credit': 'NASA', 'license': {'id': 4, 'name': 'NASA Image and Media Guidelines', 'priority': 0, 'link': 'https://www.nasa.gov/nasa-brand-center/images-and-media/'}, 'single_use': True, 'variants': []}, 'description': 'Earth is the third planet from the Sun and the only astronomical object known to harbor life.', 'wiki_url': 'https://en.wikipedia.org/wiki/Earth'}}","{'id': 2, 'name': 'Return to Launch Site', 'abbrev': 'RTLS', 'description': 'A return to launch site usually means that after stage separation the booster flips and does a burn back towards the launch site, landing near where it initially launched from.'}",,normal,"{'id': 258, 'type': 'Core', 'reused': True, 'launcher_flight_number': 2, 'launcher': {'response_mode': 'normal', 'id': 240, 'url': 'https://lldev.thespacedevs.com/2.3.0/launchers/240/', 'flight_proven': True, 'serial_number': 'B1101', 'is_placeholder': False, 'status': {'id': 3, 'name': 'active'}, 'image': {'id': 2688, 'name': 'B1101 at SLC-40 (Crew-12)', 'image_url': 'https://thespacedevs-dev.nyc3.digitaloceanspaces.com/media/images/b1101_at_slc-40_image_20260208171031.jpg', 'thumbnail_url': 'https://thespacedevs-dev.nyc3.digitaloceanspaces.com/media/images/b1101_at_slc-40_image_thumbnail_20260208171033.jpeg', 'credit': 'SpaceX', 'license': {'id': 1, 'name': 'Unknown', 'priority': 9, 'link': None}, 'single_use': True, 'variants': []}, 'details': 'Falcon 9 booster.', 'successful_landings': 2, 'attempted_landings': 2, 'flights': 2, 'last_launch_date': '2026-02-13T10:15:56Z', 'first_launch_date': '2026-01-04T06:48:10Z', 'fastest_turnaround': 'P40DT3H27M46S'}, 'previous_flight_date': '2026-01-04T06:48:10Z', 'turn_around_time': 'P40DT3H27M46S', 'previous_flight': {'id': 'ae315ab0-ecda-4c54-99c6-0a8818f55b0d', 'url': 'https://lldev.thespacedevs.com/2.3.0/launches/ae315ab0-ecda-4c54-99c6-0a8818f55b0d/', 'name': 'Falcon 9 Block 5 | Starlink Group 6-88'}}",,
40,333,https://lldev.thespacedevs.com/2.3.0/landings/333/,True,True,The Falcon 9 first stage B1097 has landed on Landing Zone 4 after its 3rd flight.,0.4,"{'id': 7, 'name': 'Landing Zone 4', 'active': True, 'abbrev': 'LZ-4', 'description': 'LZ at Vandenberg', 'location': {'response_mode': 'normal', 'id': 11, 'url': 'https://lldev.thespacedevs.com/2.3.0/locations/11/', 'name': 'Vandenberg SFB, CA, USA', 'active': True, 'country': {'id': 2, 'name': 'United States of America', 'alpha_2_code': 'US', 'alpha_3_code': 'USA', 'nationality_name': 'American', 'nationality_name_composed': 'Americano'}, 'description': ""Vandenberg Space Force Base is a United States Space Force Base in Santa Barbara County, California. Established in 1941, Vandenberg Space Force Base is a space launch base, launching spacecraft from the Western Range, and also performs missile testing. The United States Space Force's Space Launch Delta 30 serves as the host delta for the base, equivalent to an Air Force air base wing. In addition to its military space launch mission, Vandenberg Space Force Base also hosts space launches for civil and commercial space entities, such as NASA and SpaceX."", 'image': {'id': 2226, 'name': 'Vandenberg SFB imaged by Sentinel-2', 'image_url': 'https://thespacedevs-dev.nyc3.digitaloceanspaces.com/media/images/vandenberg_sfb__image_20240920082910.jpeg', 'thumbnail_url': 'https://thespacedevs-dev.nyc3.digitaloceanspaces.com/media/images/vandenberg_sfb__image_thumbnail_20240920082910.jpeg', 'credit': 'Contains modified Copernicus Sentinel data 2020', 'license': {'id': 33, 'name': 'Copernicus Image Use Policy', 'priority': 0, 'link': 'https://eur-lex.europa.eu/legal-content/EN/TXT/?uri=CELEX:32013R1159'}, 'single_use': True, 'variants': []}, 'map_image': 'https://thespacedevs-dev.nyc3.digitaloceanspaces.com/media/map_images/location_11_20200803142416.jpg', 'longitude': -120.52023, 'latitude': 34.75133, 'timezone_name': 'America/Los_Angeles', 'total_launch_count': 904, 'total_landing_count': 35}, 'longitude': -120.615193, 'latitude': 34.632994, 'image': {'id': 1967, 'name': 'LZ-4 at SLC-4E empty', 'image_url': 'https://thespacedevs-dev.nyc3.digitaloceanspaces.com/media/images/lz-4_at_slc-4e__image_20240310162737.jpeg', 'thumbnail_url': 'https://thespacedevs-dev.nyc3.digitaloceanspaces.com/media/images/lz-4_at_slc-4e__image_thumbnail_20240310162738.jpeg', 'credit': 'SpaceX', 'license': {'id': 5, 'name': 'CC BY-NC 2.0', 'priority': 1, 'link': 'https://creativecommons.org/licenses/by-nc/2.0/'}, 'single_use': True, 'variants': []}, 'successful_landings': 35, 'attempted_landings': 35, 'failed_landings': 0, 'celestial_body': {'response_mode': 'normal', 'id': 1, 'name': 'Earth', 'type': {'id': 1, 'name': 'Planet'}, 'diameter': 12742000.0, 'mass': 5.972168e+24, 'gravity': 9.80655, 'length_of_day': '1 00:00:00', 'atmosphere': True, 'image': {'id': 2040, 'name': 'Earth (Apollo 17)', 'image_url': 'https://thespacedevs-dev.nyc3.digitaloceanspaces.com/media/images/earth_2528apol_image_20240402194304.jpeg', 'thumbnail_url': 'https://thespacedevs-dev.nyc3.digitaloceanspaces.com/media/images/earth_2528apol_image_thumbnail_20240402194305.jpeg', 'credit': 'NASA', 'license': {'id': 4, 'name': 'NASA Image and Media Guidelines', 'priority': 0, 'link': 'https://www.nasa.gov/nasa-brand-center/images-and-media/'}, 'single_use': True, 'variants': []}, 'description': 'Earth is the third planet from the Sun and the only astronomical object known to harbor life.', 'wiki_url': 'https://en.wikipedia.org/wiki/Earth'}}","{'id': 2, 'name': 'Return to Launch Site', 'abbrev': 'RTLS', 'description': 'A return to launch site usually means that after stage separation the booster flips and does a burn back towards the launch site, landing near where it initially launched from.'}",,normal,"{'id': 310, 'type': 'Core', 'reused': True, 'launcher_flight_number': 3, 'launcher': {'response_mode': 'normal', 'id': 199, 'url': 'https://lldev.thespacedevs.com/2.3.0/launchers/199/', 'flight_proven': True, 'serial_number': 'B1097', 'is_placeholder': False, 'status': {'id': 3, 'name': 'active'}, 'image': {'id': 2631, 'name': 'B1097 landing at LZ-4 (Sentinel 6B)', 'image_url': 'https://thespacedevs-dev.nyc3.digitaloceanspaces.com/media/images/b1097_landing_a_image_20251219190818.jpg', 'thumbnail_url': 'https://thespacedevs-dev.nyc3.digitaloceanspaces.com/media/images/b1097_landing_a_image_thumbnail_20251219190819.jpeg', 'credit': 'NASA Kennedy', 'license': {'id': 4, 'name': 'NASA Image and Media Guidelines', 'priority': 0, 'link': 'https://www.nasa.gov/nasa-brand-center/images-and-media/'}, 'single_use': True, 'variants': []}, 'details': 'Falcon 9 booster.', 'successful_landings': 11, 'attempted_landings': 11, 'flights': 11, 'last_launch_date': '2026-07-07T07:12:00Z', 'first_launch_date': '2025-09-03T03:51:26Z', 'fastest_turnaround': 'P14DT3H45M49S'}, 'previous_flight_date': '2025-10-03T14:06:50Z', 'turn_around_time': 'P44DT15H14M52S', 'previous_flight': {'id': '969a026c-709c-46da-ab80-bacd0126b209', 'url': 'https://lldev.thespacedevs.com/2.3.0/launches/969a026c-709c-46da-ab80-bacd0126b209/', 'name': 'Falcon 9 Block 5 | Starlink Group 11-39'}}",,
41,450,https://lldev.thespacedevs.com/2.3.0/landings/450/,True,,The Dream Chaser spacecraft will autonomously land at the Shuttle Landing Facility of Kennedy Space Center.,11.5,"{'id': 24, 'name': 'Shuttle Landing Facility', 'active': True, 'abbrev': 'KTTS', 'description': 'Airport used for Space Shuttle landings, part of the Kennedy Space Center.', 'location': {'response_mode': 'normal', 'id': 27, 'url': 'https://lldev.thespacedevs.com/2.3.0/locations/27/', 'name': 'Kennedy Space Center, FL, USA', 'active': True, 'country': {'id': 2, 'name': 'United States of America', 'alpha_2_code': 'US', 'alpha_3_code': 'USA', 'nationality_name': 'American', 'nationality_name_composed': 'Americano'}, 'description': ""The John F. Kennedy Space Center, located on Merritt Island, Florida, is one of NASA's ten field centers. Since 1968, KSC has been NASA's primary launch center of American spaceflight, research, and technology. Launch operations for the Apollo, Skylab and Space Shuttle programs were carried out from Kennedy Space Center Launch Complex 39 and managed by KSC. Located on the east coast of Florida, KSC is adjacent to Cape Canaveral Space Force Station (CCSFS)."", 'image': {'id': 2200, 'name': 'Cape Canaveral & KSC seen from orbit (STS-43)', 'image_url': 'https://thespacedevs-dev.nyc3.digitaloceanspaces.com/media/images/cape_canaveral__image_20240918151615.jpg', 'thumbnail_url': 'https://thespacedevs-dev.nyc3.digitaloceanspaces.com/media/images/cape_canaveral__image_thumbnail_20240918151616.jpeg', 'credit': 'NASA', 'license': {'id': 4, 'name': 'NASA Image and Media Guidelines', 'priority': 0, 'link': 'https://www.nasa.gov/nasa-brand-center/images-and-media/'}, 'single_use': True, 'variants': []}, 'map_image': 'https://thespacedevs-dev.nyc3.digitaloceanspaces.com/media/map_images/location_27_20200803142447.jpg', 'longitude': -80.650833, 'latitude': 28.524167, 'timezone_name': 'America/New_York', 'total_launch_count': 281, 'total_landing_count': 0}, 'longitude': -80.6945, 'latitude': 28.615, 'image': {'id': 1974, 'name': 'Shuttle Landing Facility', 'image_url': 'https://thespacedevs-dev.nyc3.digitaloceanspaces.com/media/images/shuttle_landing_image_20240310170702.jpg', 'thumbnail_url': 'https://thespacedevs-dev.nyc3.digitaloceanspaces.com/media/images/shuttle_landing_image_thumbnail_20240310170703.jpeg', 'credit': 'NASA/Kim Shiflett', 'license': {'id': 4, 'name': 'NASA Image and Media Guidelines', 'priority': 0, 'link': 'https://www.nasa.gov/nasa-brand-center/images-and-media/'}, 'single_use': True, 'variants': []}, 'successful_landings': 81, 'attempted_landings': 82, 'failed_landings': 1, 'celestial_body': {'response_mode': 'normal', 'id': 1, 'name': 'Earth', 'type': {'id': 1, 'name': 'Planet'}, 'diameter': 12742000.0, 'mass': 5.972168e+24, 'gravity': 9.80655, 'length_of_day': '1 00:00:00', 'atmosphere': True, 'image': {'id': 2040, 'name': 'Earth (Apollo 17)', 'image_url': 'https://thespacedevs-dev.nyc3.digitaloceanspaces.com/media/images/earth_2528apol_image_20240402194304.jpeg', 'thumbnail_url': 'https://thespacedevs-dev.nyc3.digitaloceanspaces.com/media/images/earth_2528apol_image_thumbnail_20240402194305.jpeg', 'credit': 'NASA', 'license': {'id': 4, 'name': 'NASA Image and Media Guidelines', 'priority': 0, 'link': 'https://www.nasa.gov/nasa-brand-center/images-and-media/'}, 'single_use': True, 'variants': []}, 'description': 'Earth is the third planet from the Sun and the only astronomical object known to harbor life.', 'wiki_url': 'https://en.wikipedia.org/wiki/Earth'}}","{'id': 6, 'name': 'Horizontal Landing', 'abbrev': 'HL', 'description': 'Horizontal landing on a runway or flat surface.'}",,normal,,"{'id': 581, 'url': 'https://lldev.thespacedevs.com/2.3.0/spacecraft_flights/581/', 'destination': 'International Space Station', 'mission_end': None, 'spacecraft': {'response_mode': 'normal', 'id': 447, 'url': 'https://lldev.thespacedevs.com/2.3.0/spacecraft/447/', 'name': 'Dream Chaser Tenacity', 'serial_number': None, 'is_placeholder': False, 'image': {'id': 1913, 'name': 'Dream Chaser Eagle on the runway', 'image_url': 'https://thespacedevs-dev.nyc3.digitaloceanspaces.com/media/images/dream_chaser_image_20200821084247.jpeg', 'thumbnail_url': 'https://thespacedevs-dev.nyc3.digitaloceanspaces.com/media/images/255bauto255d__image_thumbnail_20240305194124.jpeg', 'credit': 'NASA/Ken Ulbrich', 'license': {'id': 4, 'name': 'NASA Image and Media Guidelines', 'priority': 0, 'link': 'https://www.nasa.gov/nasa-brand-center/images-and-media/'}, 'single_use': False, 'variants': []}, 'in_space': False, 'time_in_space': 'P0D', 'time_docked': 'P0D', 'flights_count': 0, 'mission_ends_count': 0, 'status': {'id': 1, 'name': 'Active'}, 'description': 'First operational Dream Chaser.', 'spacecraft_config': {'response_mode': 'normal', 'id': 24, 'url': 'https://lldev.thespacedevs.com/2.3.0/spacecraft_configurations/24/', 'name': 'Dream Chaser', 'type': {'id': 3, 'name': 'Spaceplane'}, 'agency': {'response_mode': 'list', 'id': 1020, 'url': 'https://lldev.thespacedevs.com/2.3.0/agencies/1020/', 'name': 'Sierra Nevada Corporation', 'abbrev': 'SNC', 'type': {'id': 3, 'name': 'Commercial'}}, 'family': [], 'in_use': True, 'image': {'id': 1913, 'name': 'Dream Chaser Eagle on the runway', 'image_url': 'https://thespacedevs-dev.nyc3.digitaloceanspaces.com/media/images/dream_chaser_image_20200821084247.jpeg', 'thumbnail_url': 'https://thespacedevs-dev.nyc3.digitaloceanspaces.com/media/images/255bauto255d__image_thumbnail_20240305194124.jpeg', 'credit': 'NASA/Ken Ulbrich', 'license': {'id': 4, 'name': 'NASA Image and Media Guidelines', 'priority': 0, 'link': 'https://www.nasa.gov/nasa-brand-center/images-and-media/'}, 'single_use': False, 'variants': []}}, 'fastest_turnaround': None}, 'launch': {'id': 'a67b40f9-cfcc-4614-a355-a156280b4bb3', 'url': 'https://lldev.thespacedevs.com/2.3.0/launches/a67b40f9-cfcc-4614-a355-a156280b4bb3/', 'name': 'Vulcan VC4L | Dream Chaser CRS 2 Flight 1', 'response_mode': 'normal', 'slug': 'vulcan-vc4l-dream-chaser-crs-2-flight-1', 'launch_designator': None, 'status': {'id': 2, 'name': 'To Be Determined', 'abbrev': 'TBD', 'description': 'Current date is a placeholder or rough estimation based on unreliable or interpreted sources.'}, 'last_updated': '2025-09-26T15:20:52Z', 'net': '2026-12-31T00:00:00Z', 'net_precision': {'id': 11, 'name': 'Quarter 4', 'abbrev': 'Q4', 'description': 'The T-0 is expected in the fourth quarter of the given year.'}, 'window_end': '2026-12-31T00:00:00Z', 'window_start': '2026-12-31T00:00:00Z', 'image': None, 'infographic': None, 'probability': None, 'weather_concerns': None, 'failreason': '', 'hashtag': None, 'launch_service_provider': {'response_mode': 'list', 'id': 124, 'url': 'https://lldev.thespacedevs.com/2.3.0/agencies/124/', 'name': 'United Launch Alliance', 'abbrev': 'ULA', 'type': {'id': 3, 'name': 'Commercial'}}, 'rocket': {'id': 2529, 'configuration': {'response_mode': 'list', 'id': 202, 'url': 'https://lldev.thespacedevs.com/2.3.0/launcher_configurations/202/', 'name': 'Vulcan VC4L', 'families': [{'response_mode': 'list', 'id': 170, 'name': 'Vulcan'}], 'full_name': 'Vulcan VC4L', 'variant': 'VC4L'}}, 'mission': {'id': 6519, 'name': 'Dream Chaser CRS 2 Flight 1', 'type': 'Test Flight', 'description': 'First flight of the Dream Chaser Spaceplane, on a free-flying mission in Low Earth Orbit.', 'image': None, 'orbit': {'id': 8, 'name': 'Low Earth Orbit', 'abbrev': 'LEO', 'celestial_body': {'response_mode': 'list', 'id': 1, 'name': 'Earth'}}, 'agencies': [{'response_mode': 'normal', 'id': 44, 'url': 'https://lldev.thespacedevs.com/2.3.0/agencies/44/', 'name': 'National Aeronautics and Space Administration', 'abbrev': 'NASA', 'type': {'id': 1, 'name': 'Government'}, 'featured': True, 'country': [{'id': 2, 'name': 'United States of America', 'alpha_2_code': 'US', 'alpha_3_code': 'USA', 'nationality_name': 'American', 'nationality_name_composed': 'Americano'}], 'description': 'The National Aeronautics and Space Administration is an independent agency of the executive branch of the United States federal government responsible for the civilian space program, as well as aeronautics and aerospace research. NASA have many launch facilities but most are inactive. The most commonly used pad will be LC-39B at Kennedy Space Center in Florida.', 'administrator': 'Administrator: Jared Isaacman', 'founding_year': 1958, 'launchers': 'Space Shuttle | SLS', 'spacecraft': 'Orion', 'parent': None, 'image': {'id': 19, 'name': '[AUTO] National Aeronautics and Space Administration - image', 'image_url': 'https://thespacedevs-dev.nyc3.digitaloceanspaces.com/media/images/national2520aeronautics2520and2520space2520administration_image_20190207032448.jpeg', 'thumbnail_url': 'https://thespacedevs-dev.nyc3.digitaloceanspaces.com/media/images/255bauto255d__image_thumbnail_20240305184631.jpeg', 'credit': None, 'license': {'id': 1, 'name': 'Unknown', 'priority': 9, 'link': None}, 'single_use': True, 'variants': []}, 'logo': {'id': 161, 'name': '[AUTO] National Aeronautics and Space Administration - logo', 'image_url': 'https://thespacedevs-dev.nyc3.digitaloceanspaces.com/media/images/national2520aeronautics2520and2520space2520administration_logo_20190207032448.png', 'thumbnail_url': 'https://thespacedevs-dev.nyc3.digitaloceanspaces.com/media/images/255bauto255d__image_thumbnail_20240305185043.png', 'credit': None, 'license': {'id': 1, 'name': 'Unknown', 'priority': 9, 'link': None}, 'single_use': True, 'variants': []}, 'social_logo': {'id': 76, 'name': '[AUTO] National Aeronautics and Space Administration - social_logo', 'image_url': 'https://thespacedevs-dev.nyc3.digitaloceanspaces.com/media/images/national2520aeronautics2520and2520space2520administration_nation_20230803040809.jpg', 'thumbnail_url': 'https://thespacedevs-dev.nyc3.digitaloceanspaces.com/media/images/255bauto255d__image_thumbnail_20240305184823.jpeg', 'credit': None, 'license': {'id': 1, 'name': 'Unknown', 'priority': 9, 'link': None}, 'single_use': True, 'variants': []}, 'total_launch_count': 142, 'consecutive_successful_launches': 12, 'successful_launches': 122, 'failed_launches': 20, 'pending_launches': 5, 'consecutive_successful_landings': 0, 'successful_landings': 0, 'failed_landings': 0, 'attempted_landings': 0, 'successful_landings_spacecraft': 179, 'failed_landings_spacecraft': 2, 'attempted_landings_spacecraft': 181, 'successful_landings_payload': 0, 'failed_landings_payload': 0, 'attempted_landings_payload': 0, 'info_url': 'https://www.nasa.gov', 'wiki_url': 'https://en.wikipedia.org/wiki/National_Aeronautics_and_Space_Administration', 'social_media_links': []}, {'response_mode': 'normal', 'id': 1020, 'url': 'https://lldev.thespacedevs.com/2.3.0/agencies/1020/', 'name': 'Sierra Nevada Corporation', 'abbrev': 'SNC', 'type': {'id': 3, 'name': 'Commercial'}, 'featured': False, 'country': [{'id': 2, 'name': 'United States of America', 'alpha_2_code': 'US', 'alpha_3_code': 'USA', 'nationality_name': 'American', 'nationality_name_composed': 'Americano'}], 'description': 'Sierra Nevada Corporation (SNC) is an American, privately held aerospace and national security contractor specializing in aircraft modification and integration, high performance space components and systems, and commercial solutions. The company contracts with the United States Armed Forces, NASA and private spaceflight companies.', 'administrator': 'CEO: Fatih Ozmen', 'founding_year': 1963, 'launchers': '', 'spacecraft': '', 'parent': None, 'image': {'id': 27, 'name': '[AUTO] Sierra Nevada Corporation - image', 'image_url': 'https://thespacedevs-dev.nyc3.digitaloceanspaces.com/media/images/sierra_nevada_c_image_20200821083933.jpeg', 'thumbnail_url': 'https://thespacedevs-dev.nyc3.digitaloceanspaces.com/media/images/255bauto255d__image_thumbnail_20240305184659.jpeg', 'credit': None, 'license': {'id': 1, 'name': 'Unknown', 'priority': 9, 'link': None}, 'single_use': True, 'variants': []}, 'logo': {'id': 180, 'name': '[AUTO] Sierra Nevada Corporation - logo', 'image_url': 'https://thespacedevs-dev.nyc3.digitaloceanspaces.com/media/images/sierra2520nevada2520corporation_logo_20200821083933.png', 'thumbnail_url': 'https://thespacedevs-dev.nyc3.digitaloceanspaces.com/media/images/255bauto255d__image_thumbnail_20240305185125.png', 'credit': None, 'license': {'id': 1, 'name': 'Unknown', 'priority': 9, 'link': None}, 'single_use': True, 'variants': []}, 'social_logo': None, 'total_launch_count': 0, 'consecutive_successful_launches': 0, 'successful_launches': 0, 'failed_launches': 0, 'pending_launches': 0, 'consecutive_successful_landings': 0, 'successful_landings': 0, 'failed_landings': 0, 'attempted_landings': 0, 'successful_landings_spacecraft': 0, 'failed_landings_spacecraft': 0, 'attempted_landings_spacecraft': 0, 'successful_landings_payload': 0, 'failed_landings_payload': 0, 'attempted_landings_payload': 0, 'info_url': None, 'wiki_url': 'https://en.wikipedia.org/wiki/Sierra_Nevada_Corporation', 'social_media_links': []}], 'info_urls': [], 'vid_urls': []}, 'pad': {'id': 29, 'url': 'https://lldev.thespacedevs.com/2.3.0/pads/29/', 'active': True, 'agencies': [], 'name': 'Space Launch Complex 41', 'image': {'id': 1394, 'name': 'Atlas V 541 on the pad (Mars 2020/Perseverance rover & Ingenuity helicopter)', 'image_url': 'https://thespacedevs-dev.nyc3.digitaloceanspaces.com/media/images/atlas2520v252_image_20200729144937.jpg', 'thumbnail_url': 'https://thespacedevs-dev.nyc3.digitaloceanspaces.com/media/images/255bauto255d__image_thumbnail_20240305192627.jpeg', 'credit': 'United Launch Alliance', 'license': {'id': 10, 'name': 'ULA Image Use Policy', 'priority': 3, 'link': 'https://www.ulalaunch.com/terms-and-conditions'}, 'single_use': False, 'variants': []}, 'description': '', 'info_url': None, 'wiki_url': 'https://en.wikipedia.org/wiki/Cape_Canaveral_Air_Force_Station_Space_Launch_Complex_41', 'map_url': 'https://www.google.com/maps?q=28.58341025,-80.58303644', 'latitude': 28.58341025, 'longitude': -80.58303644, 'country': {'id': 2, 'name': 'United States of America', 'alpha_2_code': 'US', 'alpha_3_code': 'USA', 'nationality_name': 'American', 'nationality_name_composed': 'Americano'}, 'map_image': 'https://thespacedevs-dev.nyc3.digitaloceanspaces.com/media/map_images/pad_29_20200803143528.jpg', 'total_launch_count': 125, 'orbital_launch_attempt_count': 125, 'fastest_turnaround': 'P15DT22H26M17S', 'location': {'response_mode': 'normal', 'id': 12, 'url': 'https://lldev.thespacedevs.com/2.3.0/locations/12/', 'name': 'Cape Canaveral SFS, FL, USA', 'celestial_body': {'response_mode': 'normal', 'id': 1, 'name': 'Earth', 'type': {'id': 1, 'name': 'Planet'}, 'diameter': 12742000.0, 'mass': 5.972168e+24, 'gravity': 9.80655, 'length_of_day': '1 00:00:00', 'atmosphere': True, 'image': {'id': 2040, 'name': 'Earth (Apollo 17)', 'image_url': 'https://thespacedevs-dev.nyc3.digitaloceanspaces.com/media/images/earth_2528apol_image_20240402194304.jpeg', 'thumbnail_url': 'https://thespacedevs-dev.nyc3.digitaloceanspaces.com/media/images/earth_2528apol_image_thumbnail_20240402194305.jpeg', 'credit': 'NASA', 'license': {'id': 4, 'name': 'NASA Image and Media Guidelines', 'priority': 0, 'link': 'https://www.nasa.gov/nasa-brand-center/images-and-media/'}, 'single_use': True, 'variants': []}, 'description': 'Earth is the third planet from the Sun and the only astronomical object known to harbor life.', 'wiki_url': 'https://en.wikipedia.org/wiki/Earth', 'total_attempted_launches': 7584, 'successful_launches': 7028, 'failed_launches': 556, 'total_attempted_landings': 1351, 'successful_landings': 1302, 'failed_landings': 49}, 'active': True, 'country': {'id': 2, 'name': 'United States of America', 'alpha_2_code': 'US', 'alpha_3_code': 'USA', 'nationality_name': 'American', 'nationality_name_composed': 'Americano'}, 'description': ""Cape Canaveral Space Force Station (CCSFS) is an installation of the United States Space Force's Space Launch Delta 45, located on Cape Canaveral in Brevard County, Florida."", 'image': {'id': 2200, 'name': 'Cape Canaveral & KSC seen from orbit (STS-43)', 'image_url': 'https://thespacedevs-dev.nyc3.digitaloceanspaces.com/media/images/cape_canaveral__image_20240918151615.jpg', 'thumbnail_url': 'https://thespacedevs-dev.nyc3.digitaloceanspaces.com/media/images/cape_canaveral__image_thumbnail_20240918151616.jpeg', 'credit': 'NASA', 'license': {'id': 4, 'name': 'NASA Image and Media Guidelines', 'priority': 0, 'link': 'https://www.nasa.gov/nasa-brand-center/images-and-media/'}, 'single_use': True, 'variants': []}, 'map_image': 'https://thespacedevs-dev.nyc3.digitaloceanspaces.com/media/map_images/location_12_20200803142519.jpg', 'longitude': -80.577778, 'latitude': 28.488889, 'timezone_name': 'America/New_York', 'total_launch_count': 1124, 'total_landing_count': 76}}, 'webcast_live': False, 'program': [{'response_mode': 'normal', 'id': 11, 'url': 'https://lldev.thespacedevs.com/2.3.0/programs/11/', 'name': 'Commercial Resupply Services', 'image': {'id': 1878, 'name': '[AUTO] Commercial Resupply Services - image', 'image_url': 'https://thespacedevs-dev.nyc3.digitaloceanspaces.com/media/images/commercial2520_program_20201129212219.png', 'thumbnail_url': 'https://thespacedevs-dev.nyc3.digitaloceanspaces.com/media/images/255bauto255d__image_thumbnail_20240305194021.png', 'credit': None, 'license': {'id': 1, 'name': 'Unknown', 'priority': 9, 'link': None}, 'single_use': True, 'variants': []}, 'info_url': None, 'wiki_url': 'https://en.wikipedia.org/wiki/Commercial_Resupply_Services#Commercial_Resupply_Services', 'description': 'Commercial Resupply Services (CRS) are a series of flights awarded by NASA for the delivery of cargo and supplies to the International Space Station.The first CRS contracts were signed in 2008 and awarded $1.6 billion to SpaceX for twelve cargo Dragon and $1.9 billion to Orbital Sciences for eight Cygnus flights, covering deliveries to 2016. The Falcon 9 and Antares rockets were also developed under the CRS program to deliver cargo spacecraft to the ISS.', 'agencies': [{'response_mode': 'list', 'id': 44, 'url': 'https://lldev.thespacedevs.com/2.3.0/agencies/44/', 'name': 'National Aeronautics and Space Administration', 'abbrev': 'NASA', 'type': {'id': 1, 'name': 'Government'}}, {'response_mode': 'list', 'id': 257, 'url': 'https://lldev.thespacedevs.com/2.3.0/agencies/257/', 'name': 'Northrop Grumman Space Systems', 'abbrev': 'NGSS', 'type': {'id': 3, 'name': 'Commercial'}}, {'response_mode': 'list', 'id': 1020, 'url': 'https://lldev.thespacedevs.com/2.3.0/agencies/1020/', 'name': 'Sierra Nevada Corporation', 'abbrev': 'SNC', 'type': {'id': 3, 'name': 'Commercial'}}, {'response_mode': 'list', 'id': 121, 'url': 'https://lldev.thespacedevs.com/2.3.0/agencies/121/', 'name': 'SpaceX', 'abbrev': 'SpX', 'type': {'id': 3, 'name': 'Commercial'}}], 'start_date': '2008-12-23T00:00:00Z', 'end_date': None, 'mission_patches': [], 'type': {'id': 2, 'name': 'Human Spaceflight'}}], 'orbital_launch_attempt_count': 7515, 'location_launch_attempt_count': 1169, 'pad_launch_attempt_count': 139, 'agency_launch_attempt_count': 196, 'orbital_launch_attempt_count_year': 342, 'location_launch_attempt_count_year': 93, 'pad_launch_attempt_count_year': 19, 'agency_launch_attempt_count_year': 26}, 'duration': None, 'turn_around_time': None, 'response_mode': 'normal'}",
42,452,https://lldev.thespacedevs.com/2.3.0/landings/452/,True,,The Gaganyaan spacecraft will splashdown in the Bay of Bengal after this flight.,,"{'id': 31, 'name': 'Bay of Bengal', 'active': True, 'abbrev': 'BB', 'description': 'Northeastern part of the Indian Ocean.', 'location': None, 'longitude': None, 'latitude': None, 'image': {'id': 2231, 'name': 'Bay of Bengal imaged by Terra', 'image_url': 'https://thespacedevs-dev.nyc3.digitaloceanspaces.com/media/images/bay_of_bengal_i_image_20240920090001.jpg', 'thumbnail_url': 'https://thespacedevs-dev.nyc3.digitaloceanspaces.com/media/images/bay_of_bengal_i_image_thumbnail_20240920090001.jpeg', 'credit': 'NASA', 'license': {'id': 4, 'name': 'NASA Image and Media Guidelines', 'priority': 0, 'link': 'https://www.nasa.gov/nasa-brand-center/images-and-media/'}, 'single_use': True, 'variants': []}, 'successful_landings': 0, 'attempted_landings': 0, 'failed_landings': 0, 'celestial_body': {'response_mode': 'normal', 'id': 1, 'name': 'Earth', 'type': {'id': 1, 'name': 'Planet'}, 'diameter': 12742000.0, 'mass': 5.972168e+24, 'gravity': 9.80655, 'length_of_day': '1 00:00:00', 'atmosphere': True, 'image': {'id': 2040, 'name': 'Earth (Apollo 17)', 'image_url': 'https://thespacedevs-dev.nyc3.digitaloceanspaces.com/media/images/earth_2528apol_image_20240402194304.jpeg', 'thumbnail_url': 'https://thespacedevs-dev.nyc3.digitaloceanspaces.com/media/images/earth_2528apol_image_thumbnail_20240402194305.jpeg', 'credit': 'NASA', 'license': {'id': 4, 'name': 'NASA Image and Media Guidelines', 'priority': 0, 'link': 'https://www.nasa.gov/nasa-brand-center/images-and-media/'}, 'single_use': True, 'variants': []}, 'description': 'Earth is the third planet from the Sun and the only astronomical object known to harbor life.', 'wiki_url': 'https://en.wikipedia.org/wiki/Earth'}}","{'id': 4, 'name': 'Parachute Landing', 'abbrev': 'PCL', 'description': 'Unpowered landing using parachute(s).'}",,normal,,"{'id': 770, 'url': 'https://lldev.thespacedevs.com/2.3.0/spacecraft_flights/770/', 'destination': 'Low Earth Orbit', 'mission_end': None, 'spacecraft': {'response_mode': 'normal', 'id': 547, 'url': 'https://lldev.thespacedevs.com/2.3.0/spacecraft/547/', 'name': 'Gaganyaan G1', 'serial_number': None, 'is_placeholder': False, 'image': {'id': 1914, 'name': '[AUTO] Gaganyaan - image', 'image_url': 'https://thespacedevs-dev.nyc3.digitaloceanspaces.com/media/images/gaganyaan_image_20231021132705.jpeg', 'thumbnail_url': 'https://thespacedevs-dev.nyc3.digitaloceanspaces.com/media/images/255bauto255d__image_thumbnail_20240305194125.jpeg', 'credit': None, 'license': {'id': 1, 'name': 'Unknown', 'priority': 9, 'link': None}, 'single_use': True, 'variants': []}, 'in_space': False, 'time_in_space': 'P0D', 'time_docked': 'P0D', 'flights_count': 0, 'mission_ends_count': 0, 'status': {'id': 4, 'name': 'Single Use'}, 'description': 'First operational Gaganyaan capsule.', 'spacecraft_config': {'response_mode': 'normal', 'id': 29, 'url': 'https://lldev.thespacedevs.com/2.3.0/spacecraft_configurations/29/', 'name': 'Gaganyaan', 'type': {'id': 2, 'name': 'Capsule'}, 'agency': {'response_mode': 'list', 'id': 1031, 'url': 'https://lldev.thespacedevs.com/2.3.0/agencies/1031/', 'name': 'Hindustan Aeronautics Limited', 'abbrev': 'HAL', 'type': {'id': 1, 'name': 'Government'}}, 'family': [], 'in_use': True, 'image': {'id': 1914, 'name': '[AUTO] Gaganyaan - image', 'image_url': 'https://thespacedevs-dev.nyc3.digitaloceanspaces.com/media/images/gaganyaan_image_20231021132705.jpeg', 'thumbnail_url': 'https://thespacedevs-dev.nyc3.digitaloceanspaces.com/media/images/255bauto255d__image_thumbnail_20240305194125.jpeg', 'credit': None, 'license': {'id': 1, 'name': 'Unknown', 'priority': 9, 'link': None}, 'single_use': True, 'variants': []}}, 'fastest_turnaround': None}, 'launch': {'id': 'dfac5ab7-7017-454f-b6cf-eeed277a97b5', 'url': 'https://lldev.thespacedevs.com/2.3.0/launches/dfac5ab7-7017-454f-b6cf-eeed277a97b5/', 'name': 'LVM-3 | Gaganyaan-1', 'response_mode': 'normal', 'slug': 'lvm-3-gaganyaan-1', 'launch_designator': None, 'status': {'id': 2, 'name': 'To Be Determined', 'abbrev': 'TBD', 'description': 'Current date is a placeholder or rough estimation based on unreliable or interpreted sources.'}, 'last_updated': '2026-08-06T15:12:33Z', 'net': '2026-12-31T00:00:00Z', 'net_precision': {'id': 11, 'name': 'Quarter 4', 'abbrev': 'Q4', 'description': 'The T-0 is expected in the fourth quarter of the given year.'}, 'window_end': '2026-12-31T00:00:00Z', 'window_start': '2026-12-31T00:00:00Z', 'image': {'id': 1784, 'name': '[AUTO] LVM-3 (GSLV Mk III) - image', 'image_url': 'https://thespacedevs-dev.nyc3.digitaloceanspaces.com/media/images/gslv2520mk2520iii_image_20190604000938.jpg', 'thumbnail_url': 'https://thespacedevs-dev.nyc3.digitaloceanspaces.com/media/images/255bauto255d__image_thumbnail_20240305193746.jpeg', 'credit': None, 'license': {'id': 1, 'name': 'Unknown', 'priority': 9, 'link': None}, 'single_use': True, 'variants': []}, 'infographic': None, 'probability': None, 'weather_concerns': None, 'failreason': '', 'hashtag': None, 'launch_service_provider': {'response_mode': 'list', 'id': 31, 'url': 'https://lldev.thespacedevs.com/2.3.0/agencies/31/', 'name': 'Indian Space Research Organization', 'abbrev': 'ISRO', 'type': {'id': 1, 'name': 'Government'}}, 'rocket': {'id': 7522, 'configuration': {'response_mode': 'list', 'id': 172, 'url': 'https://lldev.thespacedevs.com/2.3.0/launcher_configurations/172/', 'name': 'LVM-3 (GSLV Mk III)', 'families': [{'response_mode': 'list', 'id': 84, 'name': 'GSLV'}], 'full_name': 'Launch Vehicle Mark-3 (GSLV Mk III)', 'variant': ''}}, 'mission': {'id': 5940, 'name': 'Gaganyaan-1', 'type': 'Test Flight', 'description': 'First uncrewed orbital test flight of the Gaganyaan capsule.', 'image': None, 'orbit': {'id': 8, 'name': 'Low Earth Orbit', 'abbrev': 'LEO', 'celestial_body': {'response_mode': 'list', 'id': 1, 'name': 'Earth'}}, 'agencies': [], 'info_urls': [], 'vid_urls': []}, 'pad': {'id': 82, 'url': 'https://lldev.thespacedevs.com/2.3.0/pads/82/', 'active': True, 'agencies': [{'response_mode': 'normal', 'id': 31, 'url': 'https://lldev.thespacedevs.com/2.3.0/agencies/31/', 'name': 'Indian Space Research Organization', 'abbrev': 'ISRO', 'type': {'id': 1, 'name': 'Government'}, 'featured': True, 'country': [{'id': 9, 'name': 'India', 'alpha_2_code': 'IN', 'alpha_3_code': 'IND', 'nationality_name': 'Indian', 'nationality_name_composed': 'Indo'}], 'description': 'The Indian Space Research Organisation (ISRO) is the space agency of the Government of India headquartered in the city of Bangalore. Its vision is to ""harness space technology for national development while pursuing space science research and planetary exploration.""', 'administrator': 'Chairman: V. Narayanan', 'founding_year': 1969, 'launchers': 'PSLV | GSLV', 'spacecraft': 'Gaganyaan', 'parent': None, 'image': {'id': 14, 'name': '[AUTO] Indian Space Research Organization - image', 'image_url': 'https://thespacedevs-dev.nyc3.digitaloceanspaces.com/media/images/indian2520space2520research2520organization_image_20190215225409.jpeg', 'thumbnail_url': 'https://thespacedevs-dev.nyc3.digitaloceanspaces.com/media/images/255bauto255d__image_thumbnail_20240305184615.jpeg', 'credit': None, 'license': {'id': 1, 'name': 'Unknown', 'priority': 9, 'link': None}, 'single_use': True, 'variants': []}, 'logo': {'id': 141, 'name': '[AUTO] Indian Space Research Organization - logo', 'image_url': 'https://thespacedevs-dev.nyc3.digitaloceanspaces.com/media/images/indian2520space2520research2520organization_logo_20190215225409.png', 'thumbnail_url': 'https://thespacedevs-dev.nyc3.digitaloceanspaces.com/media/images/255bauto255d__image_thumbnail_20240305185007.png', 'credit': None, 'license': {'id': 1, 'name': 'Unknown', 'priority': 9, 'link': None}, 'single_use': True, 'variants': []}, 'social_logo': {'id': 63, 'name': '[AUTO] Indian Space Research Organization - social_logo', 'image_url': 'https://thespacedevs-dev.nyc3.digitaloceanspaces.com/media/images/indian2520space2520research2520organization_nation_20230624125733.jpg', 'thumbnail_url': 'https://thespacedevs-dev.nyc3.digitaloceanspaces.com/media/images/255bauto255d__image_thumbnail_20240305184805.jpeg', 'credit': None, 'license': {'id': 1, 'name': 'Unknown', 'priority': 9, 'link': None}, 'single_use': True, 'variants': []}}], 'name': 'Satish Dhawan Space Centre Second Launch Pad', 'image': {'id': 1992, 'name': 'Second Launch Pad', 'image_url': 'https://thespacedevs-dev.nyc3.digitaloceanspaces.com/media/images/second_launch_p_image_20240311093204.jpeg', 'thumbnail_url': 'https://thespacedevs-dev.nyc3.digitaloceanspaces.com/media/images/second_launch_p_image_thumbnail_20240311093204.jpeg', 'credit': 'Indian Space Research Organisation', 'license': {'id': 11, 'name': 'Government Open Data License - India (GODL)', 'priority': 3, 'link': 'https://data.gov.in/sites/default/files/Gazette_Notification_OGDL.pdf'}, 'single_use': True, 'variants': []}, 'description': ""The second launch pad was built between 1999 and 2003.  It became functional in 2005 and has since been used for various rockets. This launch pad supports missions by PSLV, GSLV, LVM3 rockets and is even envisioned for India's future crewed spaceflight."", 'info_url': None, 'wiki_url': 'https://en.wikipedia.org/wiki/Satish_Dhawan_Space_Centre_Second_Launch_Pad', 'map_url': 'https://www.google.com/maps?q=13.7199,80.2304', 'latitude': 13.719899999999999, 'longitude': 80.2304, 'country': {'id': 9, 'name': 'India', 'alpha_2_code': 'IN', 'alpha_3_code': 'IND', 'nationality_name': 'Indian', 'nationality_name_composed': 'Indo'}, 'map_image': 'https://thespacedevs-dev.nyc3.digitaloceanspaces.com/media/map_images/pad_82_20200803143602.jpg', 'total_launch_count': 32, 'orbital_launch_attempt_count': 31, 'fastest_turnaround': 'P31DT31M', 'location': {'response_mode': 'normal', 'id': 14, 'url': 'https://lldev.thespacedevs.com/2.3.0/locations/14/', 'name': 'Satish Dhawan Space Centre, India', 'celestial_body': {'response_mode': 'normal', 'id': 1, 'name': 'Earth', 'type': {'id': 1, 'name': 'Planet'}, 'diameter': 12742000.0, 'mass': 5.972168e+24, 'gravity': 9.80655, 'length_of_day': '1 00:00:00', 'atmosphere': True, 'image': {'id': 2040, 'name': 'Earth (Apollo 17)', 'image_url': 'https://thespacedevs-dev.nyc3.digitaloceanspaces.com/media/images/earth_2528apol_image_20240402194304.jpeg', 'thumbnail_url': 'https://thespacedevs-dev.nyc3.digitaloceanspaces.com/media/images/earth_2528apol_image_thumbnail_20240402194305.jpeg', 'credit': 'NASA', 'license': {'id': 4, 'name': 'NASA Image and Media Guidelines', 'priority': 0, 'link': 'https://www.nasa.gov/nasa-brand-center/images-and-media/'}, 'single_use': True, 'variants': []}, 'description': 'Earth is the third planet from the Sun and the only astronomical object known to harbor life.', 'wiki_url': 'https://en.wikipedia.org/wiki/Earth', 'total_attempted_launches': 7584, 'successful_launches': 7028, 'failed_launches': 556, 'total_attempted_landings': 1351, 'successful_landings': 1302, 'failed_landings': 49}, 'active': True, 'country': {'id': 9, 'name': 'India', 'alpha_2_code': 'IN', 'alpha_3_code': 'IND', 'nationality_name': 'Indian', 'nationality_name_composed': 'Indo'}, 'description': 'Satish Dhawan Space Centre – SDSC (formerly Sriharikota Range – SHAR),[1] is the primary spaceport of the Indian Space Research Organisation (ISRO), located in Sriharikota, Andhra Pradesh.', 'image': {'id': 2212, 'name': 'Satish Dhawan Space Centre', 'image_url': 'https://thespacedevs-dev.nyc3.digitaloceanspaces.com/media/images/satish_dhawan_s_image_20240919164153.png', 'thumbnail_url': 'https://thespacedevs-dev.nyc3.digitaloceanspaces.com/media/images/satish_dhawan_s_image_thumbnail_20240919164154.png', 'credit': 'ISRO', 'license': {'id': 11, 'name': 'Government Open Data License - India (GODL)', 'priority': 3, 'link': 'https://data.gov.in/sites/default/files/Gazette_Notification_OGDL.pdf'}, 'single_use': True, 'variants': []}, 'map_image': 'https://thespacedevs-dev.nyc3.digitaloceanspaces.com/media/map_images/location_14_20200803142403.jpg', 'longitude': 80.23, 'latitude': 13.72, 'timezone_name': 'Asia/Kolkata', 'total_launch_count': 104, 'total_landing_count': 0}}, 'webcast_live': False, 'program': [{'response_mode': 'normal', 'id': 21, 'url': 'https://lldev.thespacedevs.com/2.3.0/programs/21/', 'name': 'Gaganyaan', 'image': {'id': 1889, 'name': '[AUTO] Gaganyaan - image', 'image_url': 'https://thespacedevs-dev.nyc3.digitaloceanspaces.com/media/images/gaganyaan_program_20220120151540.jpg', 'thumbnail_url': 'https://thespacedevs-dev.nyc3.digitaloceanspaces.com/media/images/255bauto255d__image_thumbnail_20240305194042.jpeg', 'credit': None, 'license': {'id': 1, 'name': 'Unknown', 'priority': 9, 'link': None}, 'single_use': True, 'variants': []}, 'info_url': 'https://www.isro.gov.in/frequently-asked-questions/gaganyaan', 'wiki_url': 'https://en.wikipedia.org/wiki/Gaganyaan', 'description': ""Gaganyaan is India's first human spaceflight program."", 'agencies': [{'response_mode': 'list', 'id': 31, 'url': 'https://lldev.thespacedevs.com/2.3.0/agencies/31/', 'name': 'Indian Space Research Organization', 'abbrev': 'ISRO', 'type': {'id': 1, 'name': 'Government'}}], 'start_date': '2018-08-15T00:00:00Z', 'end_date': None, 'mission_patches': [], 'type': {'id': 2, 'name': 'Human Spaceflight'}}], 'orbital_launch_attempt_count': 7515, 'location_launch_attempt_count': 115, 'pad_launch_attempt_count': 38, 'agency_launch_attempt_count': 110, 'orbital_launch_attempt_count_year': 342, 'location_launch_attempt_count_year': 13, 'pad_launch_attempt_count_year': 6, 'agency_launch_attempt_count_year': 12}, 'duration': None, 'turn_around_time': None, 'response_mode': 'normal'}",
43,499,https://lldev.thespacedevs.com/2.3.0/landings/499/,True,True,The Orion spacecraft Integrity has splashed down in the Pacific Ocean.,,"{'id': 18, 'name': 'Pacific Ocean', 'active': True, 'abbrev': 'PAC', 'description': 'Pacific Ocean', 'location': None, 'longitude': None, 'latitude': None, 'image': {'id': 2242, 'name': 'Pacific Ocean from the ISS', 'image_url': 'https://thespacedevs-dev.nyc3.digitaloceanspaces.com/media/images/pacific_ocean_f_image_20240920094534.jpg', 'thumbnail_url': 'https://thespacedevs-dev.nyc3.digitaloceanspaces.com/media/images/pacific_ocean_f_image_thumbnail_20240920094534.jpeg', 'credit': 'NASA', 'license': {'id': 4, 'name': 'NASA Image and Media Guidelines', 'priority': 0, 'link': 'https://www.nasa.gov/nasa-brand-center/images-and-media/'}, 'single_use': True, 'variants': []}, 'successful_landings': 53, 'attempted_landings': 55, 'failed_landings': 2, 'celestial_body': {'response_mode': 'normal', 'id': 1, 'name': 'Earth', 'type': {'id': 1, 'name': 'Planet'}, 'diameter': 12742000.0, 'mass': 5.972168e+24, 'gravity': 9.80655, 'length_of_day': '1 00:00:00', 'atmosphere': True, 'image': {'id': 2040, 'name': 'Earth (Apollo 17)', 'image_url': 'https://thespacedevs-dev.nyc3.digitaloceanspaces.com/media/images/earth_2528apol_image_20240402194304.jpeg', 'thumbnail_url': 'https://thespacedevs-dev.nyc3.digitaloceanspaces.com/media/images/earth_2528apol_image_thumbnail_20240402194305.jpeg', 'credit': 'NASA', 'license': {'id': 4, 'name': 'NASA Image and Media Guidelines', 'priority': 0, 'link': 'https://www.nasa.gov/nasa-brand-center/images-and-media/'}, 'single_use': True, 'variants': []}, 'description': 'Earth is the third planet from the Sun and the only astronomical object known to harbor life.', 'wiki_url': 'https://en.wikipedia.org/wiki/Earth'}}","{'id': 4, 'name': 'Parachute Landing', 'abbrev': 'PCL', 'description': 'Unpowered landing using parachute(s).'}",,normal,,"{'id': 759, 'url': 'https://lldev.thespacedevs.com/2.3.0/spacecraft_flights/759/', 'destination': 'Circumlunar flyby', 'mission_end': '2026-04-11T00:07:27Z', 'spacecraft': {'response_mode': 'normal', 'id': 540, 'url': 'https://lldev.thespacedevs.com/2.3.0/spacecraft/540/', 'name': 'Orion Integrity', 'serial_number': '003', 'is_placeholder': False, 'image': {'id': 1919, 'name': 'Orion approaching the Moon (Artemis I)', 'image_url': 'https://thespacedevs-dev.nyc3.digitaloceanspaces.com/media/images/orion_image_20231118102035.jpeg', 'thumbnail_url': 'https://thespacedevs-dev.nyc3.digitaloceanspaces.com/media/images/255bauto255d__image_thumbnail_20240305194133.jpeg', 'credit': 'NASA', 'license': {'id': 4, 'name': 'NASA Image and Media Guidelines', 'priority': 0, 'link': 'https://www.nasa.gov/nasa-brand-center/images-and-media/'}, 'single_use': False, 'variants': []}, 'in_space': False, 'time_in_space': 'P9DT1H32M15S', 'time_docked': 'P0D', 'flights_count': 1, 'mission_ends_count': 1, 'status': {'id': 1, 'name': 'Active'}, 'description': 'Orion spacecraft used for Artemis 2.', 'spacecraft_config': {'response_mode': 'normal', 'id': 4, 'url': 'https://lldev.thespacedevs.com/2.3.0/spacecraft_configurations/4/', 'name': 'Orion', 'type': {'id': 2, 'name': 'Capsule'}, 'agency': {'response_mode': 'list', 'id': 44, 'url': 'https://lldev.thespacedevs.com/2.3.0/agencies/44/', 'name': 'National Aeronautics and Space Administration', 'abbrev': 'NASA', 'type': {'id': 1, 'name': 'Government'}}, 'family': [], 'in_use': True, 'image': {'id': 1919, 'name': 'Orion approaching the Moon (Artemis I)', 'image_url': 'https://thespacedevs-dev.nyc3.digitaloceanspaces.com/media/images/orion_image_20231118102035.jpeg', 'thumbnail_url': 'https://thespacedevs-dev.nyc3.digitaloceanspaces.com/media/images/255bauto255d__image_thumbnail_20240305194133.jpeg', 'credit': 'NASA', 'license': {'id': 4, 'name': 'NASA Image and Media Guidelines', 'priority': 0, 'link': 'https://www.nasa.gov/nasa-brand-center/images-and-media/'}, 'single_use': False, 'variants': []}}, 'fastest_turnaround': None}, 'launch': {'id': '41699701-2ef4-4b0c-ac9d-6757820cde87', 'url': 'https://lldev.thespacedevs.com/2.3.0/launches/41699701-2ef4-4b0c-ac9d-6757820cde87/', 'name': 'SLS Block 1 | Artemis II', 'response_mode': 'normal', 'slug': 'sls-block-1-artemis-ii', 'launch_designator': '2026-069', 'status': {'id': 3, 'name': 'Launch Successful', 'abbrev': 'Success', 'description': 'The launch vehicle successfully inserted its payload(s) into the target orbit(s).'}, 'last_updated': '2026-04-02T06:17:44Z', 'net': '2026-04-01T22:35:12Z', 'net_precision': {'id': 0, 'name': 'Second', 'abbrev': 'SEC', 'description': 'The T-0 is accurate to the second.'}, 'window_end': '2026-04-02T00:24:00Z', 'window_start': '2026-04-01T22:24:00Z', 'image': {'id': 2746, 'name': 'Space Launch System Artemis II launch (NHQ202604010215)_cropped', 'image_url': 'https://thespacedevs-dev.nyc3.digitaloceanspaces.com/media/images/space_launch_sy_image_20260405204639.jpg', 'thumbnail_url': 'https://thespacedevs-dev.nyc3.digitaloceanspaces.com/media/images/space_launch_sy_image_thumbnail_20260405204642.jpeg', 'credit': 'NASA/Joel Kowsky', 'license': {'id': 4, 'name': 'NASA Image and Media Guidelines', 'priority': 0, 'link': 'https://www.nasa.gov/nasa-brand-center/images-and-media/'}, 'single_use': False, 'variants': []}, 'infographic': 'https://thespacedevs-dev.nyc3.digitaloceanspaces.com/media/infographic_images/sls2520block2_infographic_20260329082241.jpeg', 'probability': 90, 'weather_concerns': 'Cumulus Cloud Rule, Ground Winds', 'failreason': '', 'hashtag': None, 'launch_service_provider': {'response_mode': 'list', 'id': 44, 'url': 'https://lldev.thespacedevs.com/2.3.0/agencies/44/', 'name': 'National Aeronautics and Space Administration', 'abbrev': 'NASA', 'type': {'id': 1, 'name': 'Government'}}, 'rocket': {'id': 187, 'configuration': {'response_mode': 'list', 'id': 143, 'url': 'https://lldev.thespacedevs.com/2.3.0/launcher_configurations/143/', 'name': 'Space Launch System (SLS)', 'families': [{'response_mode': 'list', 'id': 149, 'name': 'Space Launch System'}], 'full_name': 'Space Launch System Block 1', 'variant': 'Block 1'}}, 'mission': {'id': 6343, 'name': 'Artemis II', 'type': 'Human Exploration', 'description': ""Artemis II is the first crewed mission as part of the Artemis program. Artemis II will send a crew of 4 - 3 Americans and 1 Canadian around the moon and return them back to Earth.\r\n\r\nThe mission will test the core systems of NASA's Orion spacecraft including the critical life support system, among other systems which could not be tested during Artemis I due to the lack of crew onboard."", 'image': None, 'orbit': {'id': 9, 'name': 'Lunar flyby', 'abbrev': 'Lunar flyby', 'celestial_body': {'response_mode': 'list', 'id': 1, 'name': 'Earth'}}, 'agencies': [{'response_mode': 'normal', 'id': 16, 'url': 'https://lldev.thespacedevs.com/2.3.0/agencies/16/', 'name': 'Canadian Space Agency', 'abbrev': 'CSA', 'type': {'id': 1, 'name': 'Government'}, 'featured': False, 'country': [{'id': 26, 'name': 'Canada', 'alpha_2_code': 'CA', 'alpha_3_code': 'CAN', 'nationality_name': 'Canadian', 'nationality_name_composed': 'Canado'}], 'description': 'The Canadian Space Agency was established by the Canadian Space Agency Act which received Royal Assent on May 10, 1990. \r\n\r\nThe Canadian space program is administered by the Canadian Space Agency. Canada has contributed technology, expertise and personnel to the world space effort, especially in collaboration with ESA and NASA. In addition to its astronauts and satellites, some of the most notable Canadian technological contributions to space exploration include the Canadarm on the Space Shuttle and Canadarm2 on the International Space Station.', 'administrator': 'President: Lisa Campbell', 'founding_year': 1990, 'launchers': '', 'spacecraft': '', 'parent': None, 'image': None, 'logo': {'id': 120, 'name': 'Canadian Space Agency logo', 'image_url': 'https://thespacedevs-dev.nyc3.digitaloceanspaces.com/media/images/canadian_space__image_20260402074720.png', 'thumbnail_url': 'https://thespacedevs-dev.nyc3.digitaloceanspaces.com/media/images/canadian_space__image_thumbnail_20260402074720.png', 'credit': 'Canadian Space Agency', 'license': {'id': 42, 'name': 'CSA Copyright', 'priority': 2, 'link': 'https://www.asc-csa.gc.ca/eng/terms.asp#copyright'}, 'single_use': True, 'variants': []}, 'social_logo': {'id': 47, 'name': 'Canadian Space Agency social logo', 'image_url': 'https://thespacedevs-dev.nyc3.digitaloceanspaces.com/media/images/canadian_space__image_20260402074642.jpg', 'thumbnail_url': 'https://thespacedevs-dev.nyc3.digitaloceanspaces.com/media/images/canadian_space__image_thumbnail_20260402074642.jpeg', 'credit': 'Canadian Space Agency', 'license': {'id': 42, 'name': 'CSA Copyright', 'priority': 2, 'link': 'https://www.asc-csa.gc.ca/eng/terms.asp#copyright'}, 'single_use': True, 'variants': []}, 'total_launch_count': 0, 'consecutive_successful_launches': 0, 'successful_launches': 0, 'failed_launches': 0, 'pending_launches': 0, 'consecutive_successful_landings': 0, 'successful_landings': 0, 'failed_landings': 0, 'attempted_landings': 0, 'successful_landings_spacecraft': 0, 'failed_landings_spacecraft': 0, 'attempted_landings_spacecraft': 0, 'successful_landings_payload': 0, 'failed_landings_payload': 0, 'attempted_landings_payload': 0, 'info_url': 'https://asc-csa.gc.ca/eng/', 'wiki_url': 'https://en.wikipedia.org/wiki/Canadian_Space_Agency', 'social_media_links': []}, {'response_mode': 'normal', 'id': 44, 'url': 'https://lldev.thespacedevs.com/2.3.0/agencies/44/', 'name': 'National Aeronautics and Space Administration', 'abbrev': 'NASA', 'type': {'id': 1, 'name': 'Government'}, 'featured': True, 'country': [{'id': 2, 'name': 'United States of America', 'alpha_2_code': 'US', 'alpha_3_code': 'USA', 'nationality_name': 'American', 'nationality_name_composed': 'Americano'}], 'description': 'The National Aeronautics and Space Administration is an independent agency of the executive branch of the United States federal government responsible for the civilian space program, as well as aeronautics and aerospace research. NASA have many launch facilities but most are inactive. The most commonly used pad will be LC-39B at Kennedy Space Center in Florida.', 'administrator': 'Administrator: Jared Isaacman', 'founding_year': 1958, 'launchers': 'Space Shuttle | SLS', 'spacecraft': 'Orion', 'parent': None, 'image': {'id': 19, 'name': '[AUTO] National Aeronautics and Space Administration - image', 'image_url': 'https://thespacedevs-dev.nyc3.digitaloceanspaces.com/media/images/national2520aeronautics2520and2520space2520administration_image_20190207032448.jpeg', 'thumbnail_url': 'https://thespacedevs-dev.nyc3.digitaloceanspaces.com/media/images/255bauto255d__image_thumbnail_20240305184631.jpeg', 'credit': None, 'license': {'id': 1, 'name': 'Unknown', 'priority': 9, 'link': None}, 'single_use': True, 'variants': []}, 'logo': {'id': 161, 'name': '[AUTO] National Aeronautics and Space Administration - logo', 'image_url': 'https://thespacedevs-dev.nyc3.digitaloceanspaces.com/media/images/national2520aeronautics2520and2520space2520administration_logo_20190207032448.png', 'thumbnail_url': 'https://thespacedevs-dev.nyc3.digitaloceanspaces.com/media/images/255bauto255d__image_thumbnail_20240305185043.png', 'credit': None, 'license': {'id': 1, 'name': 'Unknown', 'priority': 9, 'link': None}, 'single_use': True, 'variants': []}, 'social_logo': {'id': 76, 'name': '[AUTO] National Aeronautics and Space Administration - social_logo', 'image_url': 'https://thespacedevs-dev.nyc3.digitaloceanspaces.com/media/images/national2520aeronautics2520and2520space2520administration_nation_20230803040809.jpg', 'thumbnail_url': 'https://thespacedevs-dev.nyc3.digitaloceanspaces.com/media/images/255bauto255d__image_thumbnail_20240305184823.jpeg', 'credit': None, 'license': {'id': 1, 'name': 'Unknown', 'priority': 9, 'link': None}, 'single_use': True, 'variants': []}, 'total_launch_count': 142, 'consecutive_successful_launches': 12, 'successful_launches': 122, 'failed_launches': 20, 'pending_launches': 5, 'consecutive_successful_landings': 0, 'successful_landings': 0, 'failed_landings': 0, 'attempted_landings': 0, 'successful_landings_spacecraft': 179, 'failed_landings_spacecraft': 2, 'attempted_landings_spacecraft': 181, 'successful_landings_payload': 0, 'failed_landings_payload': 0, 'attempted_landings_payload': 0, 'info_url': 'https://www.nasa.gov', 'wiki_url': 'https://en.wikipedia.org/wiki/National_Aeronautics_and_Space_Administration', 'social_media_links': []}], 'info_urls': [], 'vid_urls': []}, 'pad': {'id': 4, 'url': 'https://lldev.thespacedevs.com/2.3.0/pads/4/', 'active': True, 'agencies': [{'response_mode': 'normal', 'id': 44, 'url': 'https://lldev.thespacedevs.com/2.3.0/agencies/44/', 'name': 'National Aeronautics and Space Administration', 'abbrev': 'NASA', 'type': {'id': 1, 'name': 'Government'}, 'featured': True, 'country': [{'id': 2, 'name': 'United States of America', 'alpha_2_code': 'US', 'alpha_3_code': 'USA', 'nationality_name': 'American', 'nationality_name_composed': 'Americano'}], 'description': 'The National Aeronautics and Space Administration is an independent agency of the executive branch of the United States federal government responsible for the civilian space program, as well as aeronautics and aerospace research. NASA have many launch facilities but most are inactive. The most commonly used pad will be LC-39B at Kennedy Space Center in Florida.', 'administrator': 'Administrator: Jared Isaacman', 'founding_year': 1958, 'launchers': 'Space Shuttle | SLS', 'spacecraft': 'Orion', 'parent': None, 'image': {'id': 19, 'name': '[AUTO] National Aeronautics and Space Administration - image', 'image_url': 'https://thespacedevs-dev.nyc3.digitaloceanspaces.com/media/images/national2520aeronautics2520and2520space2520administration_image_20190207032448.jpeg', 'thumbnail_url': 'https://thespacedevs-dev.nyc3.digitaloceanspaces.com/media/images/255bauto255d__image_thumbnail_20240305184631.jpeg', 'credit': None, 'license': {'id': 1, 'name': 'Unknown', 'priority': 9, 'link': None}, 'single_use': True, 'variants': []}, 'logo': {'id': 161, 'name': '[AUTO] National Aeronautics and Space Administration - logo', 'image_url': 'https://thespacedevs-dev.nyc3.digitaloceanspaces.com/media/images/national2520aeronautics2520and2520space2520administration_logo_20190207032448.png', 'thumbnail_url': 'https://thespacedevs-dev.nyc3.digitaloceanspaces.com/media/images/255bauto255d__image_thumbnail_20240305185043.png', 'credit': None, 'license': {'id': 1, 'name': 'Unknown', 'priority': 9, 'link': None}, 'single_use': True, 'variants': []}, 'social_logo': {'id': 76, 'name': '[AUTO] National Aeronautics and Space Administration - social_logo', 'image_url': 'https://thespacedevs-dev.nyc3.digitaloceanspaces.com/media/images/national2520aeronautics2520and2520space2520administration_nation_20230803040809.jpg', 'thumbnail_url': 'https://thespacedevs-dev.nyc3.digitaloceanspaces.com/media/images/255bauto255d__image_thumbnail_20240305184823.jpeg', 'credit': None, 'license': {'id': 1, 'name': 'Unknown', 'priority': 9, 'link': None}, 'single_use': True, 'variants': []}}], 'name': 'Launch Complex 39B', 'image': None, 'description': None, 'info_url': None, 'wiki_url': 'https://en.wikipedia.org/wiki/Kennedy_Space_Center_Launch_Complex_39#Launch_Pad_39B', 'map_url': 'https://www.google.com/maps?q=28.62711233,-80.62101503', 'latitude': 28.62711233, 'longitude': -80.62101503, 'country': {'id': 2, 'name': 'United States of America', 'alpha_2_code': 'US', 'alpha_3_code': 'USA', 'nationality_name': 'American', 'nationality_name_composed': 'Americano'}, 'map_image': 'https://thespacedevs-dev.nyc3.digitaloceanspaces.com/media/map_images/pad_4_20200803143518.jpg', 'total_launch_count': 59, 'orbital_launch_attempt_count': 58, 'fastest_turnaround': 'P28DT11H55M4S', 'location': {'response_mode': 'normal', 'id': 27, 'url': 'https://lldev.thespacedevs.com/2.3.0/locations/27/', 'name': 'Kennedy Space Center, FL, USA', 'celestial_body': {'response_mode': 'normal', 'id': 1, 'name': 'Earth', 'type': {'id': 1, 'name': 'Planet'}, 'diameter': 12742000.0, 'mass': 5.972168e+24, 'gravity': 9.80655, 'length_of_day': '1 00:00:00', 'atmosphere': True, 'image': {'id': 2040, 'name': 'Earth (Apollo 17)', 'image_url': 'https://thespacedevs-dev.nyc3.digitaloceanspaces.com/media/images/earth_2528apol_image_20240402194304.jpeg', 'thumbnail_url': 'https://thespacedevs-dev.nyc3.digitaloceanspaces.com/media/images/earth_2528apol_image_thumbnail_20240402194305.jpeg', 'credit': 'NASA', 'license': {'id': 4, 'name': 'NASA Image and Media Guidelines', 'priority': 0, 'link': 'https://www.nasa.gov/nasa-brand-center/images-and-media/'}, 'single_use': True, 'variants': []}, 'description': 'Earth is the third planet from the Sun and the only astronomical object known to harbor life.', 'wiki_url': 'https://en.wikipedia.org/wiki/Earth', 'total_attempted_launches': 7584, 'successful_launches': 7028, 'failed_launches': 556, 'total_attempted_landings': 1351, 'successful_landings': 1302, 'failed_landings': 49}, 'active': True, 'country': {'id': 2, 'name': 'United States of America', 'alpha_2_code': 'US', 'alpha_3_code': 'USA', 'nationality_name': 'American', 'nationality_name_composed': 'Americano'}, 'description': ""The John F. Kennedy Space Center, located on Merritt Island, Florida, is one of NASA's ten field centers. Since 1968, KSC has been NASA's primary launch center of American spaceflight, research, and technology. Launch operations for the Apollo, Skylab and Space Shuttle programs were carried out from Kennedy Space Center Launch Complex 39 and managed by KSC. Located on the east coast of Florida, KSC is adjacent to Cape Canaveral Space Force Station (CCSFS)."", 'image': {'id': 2200, 'name': 'Cape Canaveral & KSC seen from orbit (STS-43)', 'image_url': 'https://thespacedevs-dev.nyc3.digitaloceanspaces.com/media/images/cape_canaveral__image_20240918151615.jpg', 'thumbnail_url': 'https://thespacedevs-dev.nyc3.digitaloceanspaces.com/media/images/cape_canaveral__image_thumbnail_20240918151616.jpeg', 'credit': 'NASA', 'license': {'id': 4, 'name': 'NASA Image and Media Guidelines', 'priority': 0, 'link': 'https://www.nasa.gov/nasa-brand-center/images-and-media/'}, 'single_use': True, 'variants': []}, 'map_image': 'https://thespacedevs-dev.nyc3.digitaloceanspaces.com/media/map_images/location_27_20200803142447.jpg', 'longitude': -80.650833, 'latitude': 28.524167, 'timezone_name': 'America/New_York', 'total_launch_count': 281, 'total_landing_count': 0}}, 'webcast_live': False, 'program': [{'response_mode': 'normal', 'id': 15, 'url': 'https://lldev.thespacedevs.com/2.3.0/programs/15/', 'name': 'Artemis', 'image': {'id': 1884, 'name': '[AUTO] Artemis - image', 'image_url': 'https://thespacedevs-dev.nyc3.digitaloceanspaces.com/media/images/artemis_program_20220827100930.png', 'thumbnail_url': 'https://thespacedevs-dev.nyc3.digitaloceanspaces.com/media/images/255bauto255d__image_thumbnail_20240305194033.png', 'credit': None, 'license': {'id': 1, 'name': 'Unknown', 'priority': 9, 'link': None}, 'single_use': True, 'variants': []}, 'info_url': 'https://www.nasa.gov/specials/artemis/', 'wiki_url': 'https://en.wikipedia.org/wiki/Artemis_program', 'description': 'The Artemis program is a US government-funded crewed spaceflight program that has the goal of landing ""the first woman and the next man"" on the Moon, specifically at the lunar south pole region.', 'agencies': [{'response_mode': 'list', 'id': 44, 'url': 'https://lldev.thespacedevs.com/2.3.0/agencies/44/', 'name': 'National Aeronautics and Space Administration', 'abbrev': 'NASA', 'type': {'id': 1, 'name': 'Government'}}], 'start_date': '2017-12-11T00:00:00Z', 'end_date': None, 'mission_patches': [], 'type': {'id': 2, 'name': 'Human Spaceflight'}}], 'orbital_launch_attempt_count': 7246, 'location_launch_attempt_count': 280, 'pad_launch_attempt_count': 59, 'agency_launch_attempt_count': 142, 'orbital_launch_attempt_count_year': 73, 'location_launch_attempt_count_year': 1, 'pad_launch_attempt_count_year': 1, 'agency_launch_attempt_count_year': 1}, 'duration': 'P9DT1H32M15S', 'turn_around_time': None, 'response_mode': 'normal'}",
44,500,https://lldev.thespacedevs.com/2.3.0/landings/500/,True,,The Orion spacecraft will splash down in the Pacific Ocean.,,"{'id': 18, 'name': 'Pacific Ocean', 'active': True, 'abbrev': 'PAC', 'description': 'Pacific Ocean', 'location': None, 'longitude': None, 'latitude': None, 'image': {'id': 2242, 'name': 'Pacific Ocean from the ISS', 'image_url': 'https://thespacedevs-dev.nyc3.digitaloceanspaces.com/media/images/pacific_ocean_f_image_20240920094534.jpg', 'thumbnail_url': 'https://thespacedevs-dev.nyc3.digitaloceanspaces.com/media/images/pacific_ocean_f_image_thumbnail_20240920094534.jpeg', 'credit': 'NASA', 'license': {'id': 4, 'name': 'NASA Image and Media Guidelines', 'priority': 0, 'link': 'https://www.nasa.gov/nasa-brand-center/images-and-media/'}, 'single_use': True, 'variants': []}, 'successful_landings': 53, 'attempted_landings': 55, 'failed_landings': 2, 'celestial_body': {'response_mode': 'normal', 'id': 1, 'name': 'Earth', 'type': {'id': 1, 'name': 'Planet'}, 'diameter': 12742000.0, 'mass': 5.972168e+24, 'gravity': 9.80655, 'length_of_day': '1 00:00:00', 'atmosphere': True, 'image': {'id': 2040, 'name': 'Earth (Apollo 17)', 'image_url': 'https://thespacedevs-dev.nyc3.digitaloceanspaces.com/media/images/earth_2528apol_image_20240402194304.jpeg', 'thumbnail_url': 'https://thespacedevs-dev.nyc3.digitaloceanspaces.com/media/images/earth_2528apol_image_thumbnail_20240402194305.jpeg', 'credit': 'NASA', 'license': {'id': 4, 'name': 'NASA Image and Media Guidelines', 'priority': 0, 'link': 'https://www.nasa.gov/nasa-brand-center/images-and-media/'}, 'single_use': True, 'variants': []}, 'description': 'Earth is the third planet from the Sun and the only astronomical object known to harbor life.', 'wiki_url': 'https://en.wikipedia.org/wiki/Earth'}}","{'id': 4, 'name': 'Parachute Landing', 'abbrev': 'PCL', 'description': 'Unpowered landing using parachute(s).'}",,normal,,"{'id': 760, 'url': 'https://lldev.thespacedevs.com/2.3.0/spacecraft_flights/760/', 'destination': 'Low Earth Orbit', 'mission_end': None, 'spacecraft': {'response_mode': 'normal', 'id': 541, 'url': 'https://lldev.thespacedevs.com/2.3.0/spacecraft/541/', 'name': 'Orion 004', 'serial_number': '004', 'is_placeholder': False, 'image': {'id': 1919, 'name': 'Orion approaching the Moon (Artemis I)', 'image_url': 'https://thespacedevs-dev.nyc3.digitaloceanspaces.com/media/images/orion_image_20231118102035.jpeg', 'thumbnail_url': 'https://thespacedevs-dev.nyc3.digitaloceanspaces.com/media/images/255bauto255d__image_thumbnail_20240305194133.jpeg', 'credit': 'NASA', 'license': {'id': 4, 'name': 'NASA Image and Media Guidelines', 'priority': 0, 'link': 'https://www.nasa.gov/nasa-brand-center/images-and-media/'}, 'single_use': False, 'variants': []}, 'in_space': False, 'time_in_space': 'P0D', 'time_docked': 'P0D', 'flights_count': 0, 'mission_ends_count': 0, 'status': {'id': 5, 'name': 'Under construction'}, 'description': 'Orion spacecraft used for Artemis 3.', 'spacecraft_config': {'response_mode': 'normal', 'id': 4, 'url': 'https://lldev.thespacedevs.com/2.3.0/spacecraft_configurations/4/', 'name': 'Orion', 'type': {'id': 2, 'name': 'Capsule'}, 'agency': {'response_mode': 'list', 'id': 44, 'url': 'https://lldev.thespacedevs.com/2.3.0/agencies/44/', 'name': 'National Aeronautics and Space Administration', 'abbrev': 'NASA', 'type': {'id': 1, 'name': 'Government'}}, 'family': [], 'in_use': True, 'image': {'id': 1919, 'name': 'Orion approaching the Moon (Artemis I)', 'image_url': 'https://thespacedevs-dev.nyc3.digitaloceanspaces.com/media/images/orion_image_20231118102035.jpeg', 'thumbnail_url': 'https://thespacedevs-dev.nyc3.digitaloceanspaces.com/media/images/255bauto255d__image_thumbnail_20240305194133.jpeg', 'credit': 'NASA', 'license': {'id': 4, 'name': 'NASA Image and Media Guidelines', 'priority': 0, 'link': 'https://www.nasa.gov/nasa-brand-center/images-and-media/'}, 'single_use': False, 'variants': []}}, 'fastest_turnaround': None}, 'launch': {'id': '8034d81b-af96-460c-a7b7-5c8e7f1a1d86', 'url': 'https://lldev.thespacedevs.com/2.3.0/launches/8034d81b-af96-460c-a7b7-5c8e7f1a1d86/', 'name': 'SLS Block 1 | Artemis III', 'response_mode': 'normal', 'slug': 'sls-block-1-artemis-iii', 'launch_designator': None, 'status': {'id': 2, 'name': 'To Be Determined', 'abbrev': 'TBD', 'description': 'Current date is a placeholder or rough estimation based on unreliable or interpreted sources.'}, 'last_updated': '2026-02-27T15:14:52Z', 'net': '2027-06-30T00:00:00Z', 'net_precision': {'id': 12, 'name': 'Year Half 1', 'abbrev': 'H1', 'description': 'The T-0 is expected in the first half of the given year.'}, 'window_end': '2027-06-30T00:00:00Z', 'window_start': '2027-06-30T00:00:00Z', 'image': {'id': 2746, 'name': 'Space Launch System Artemis II launch (NHQ202604010215)_cropped', 'image_url': 'https://thespacedevs-dev.nyc3.digitaloceanspaces.com/media/images/space_launch_sy_image_20260405204639.jpg', 'thumbnail_url': 'https://thespacedevs-dev.nyc3.digitaloceanspaces.com/media/images/space_launch_sy_image_thumbnail_20260405204642.jpeg', 'credit': 'NASA/Joel Kowsky', 'license': {'id': 4, 'name': 'NASA Image and Media Guidelines', 'priority': 0, 'link': 'https://www.nasa.gov/nasa-brand-center/images-and-media/'}, 'single_use': False, 'variants': []}, 'infographic': None, 'probability': None, 'weather_concerns': None, 'failreason': '', 'hashtag': None, 'launch_service_provider': {'response_mode': 'list', 'id': 44, 'url': 'https://lldev.thespacedevs.com/2.3.0/agencies/44/', 'name': 'National Aeronautics and Space Administration', 'abbrev': 'NASA', 'type': {'id': 1, 'name': 'Government'}}, 'rocket': {'id': 2625, 'configuration': {'response_mode': 'list', 'id': 143, 'url': 'https://lldev.thespacedevs.com/2.3.0/launcher_configurations/143/', 'name': 'Space Launch System (SLS)', 'families': [{'response_mode': 'list', 'id': 149, 'name': 'Space Launch System'}], 'full_name': 'Space Launch System Block 1', 'variant': 'Block 1'}}, 'mission': {'id': 7519, 'name': 'Artemis III', 'type': 'Human Exploration', 'description': 'Artemis III is the second crew mission as part of the Artemis program. Artemis III will send a crew of 4 on a Low Earth Orbit mission, with the Orion rendezvous and dock\u202fwith\u202fone or both\u202fcommercial lunar landers\u202fin development by SpaceX and Blue Origin, performing in-space tests of the docked vehicles, integrated checkout of life support, communications, and propulsion systems, as well as tests of the new Extravehicular Activity (xEVA) suits.', 'image': None, 'orbit': {'id': 8, 'name': 'Low Earth Orbit', 'abbrev': 'LEO', 'celestial_body': {'response_mode': 'list', 'id': 1, 'name': 'Earth'}}, 'agencies': [{'response_mode': 'normal', 'id': 44, 'url': 'https://lldev.thespacedevs.com/2.3.0/agencies/44/', 'name': 'National Aeronautics and Space Administration', 'abbrev': 'NASA', 'type': {'id': 1, 'name': 'Government'}, 'featured': True, 'country': [{'id': 2, 'name': 'United States of America', 'alpha_2_code': 'US', 'alpha_3_code': 'USA', 'nationality_name': 'American', 'nationality_name_composed': 'Americano'}], 'description': 'The National Aeronautics and Space Administration is an independent agency of the executive branch of the United States federal government responsible for the civilian space program, as well as aeronautics and aerospace research. NASA have many launch facilities but most are inactive. The most commonly used pad will be LC-39B at Kennedy Space Center in Florida.', 'administrator': 'Administrator: Jared Isaacman', 'founding_year': 1958, 'launchers': 'Space Shuttle | SLS', 'spacecraft': 'Orion', 'parent': None, 'image': {'id': 19, 'name': '[AUTO] National Aeronautics and Space Administration - image', 'image_url': 'https://thespacedevs-dev.nyc3.digitaloceanspaces.com/media/images/national2520aeronautics2520and2520space2520administration_image_20190207032448.jpeg', 'thumbnail_url': 'https://thespacedevs-dev.nyc3.digitaloceanspaces.com/media/images/255bauto255d__image_thumbnail_20240305184631.jpeg', 'credit': None, 'license': {'id': 1, 'name': 'Unknown', 'priority': 9, 'link': None}, 'single_use': True, 'variants': []}, 'logo': {'id': 161, 'name': '[AUTO] National Aeronautics and Space Administration - logo', 'image_url': 'https://thespacedevs-dev.nyc3.digitaloceanspaces.com/media/images/national2520aeronautics2520and2520space2520administration_logo_20190207032448.png', 'thumbnail_url': 'https://thespacedevs-dev.nyc3.digitaloceanspaces.com/media/images/255bauto255d__image_thumbnail_20240305185043.png', 'credit': None, 'license': {'id': 1, 'name': 'Unknown', 'priority': 9, 'link': None}, 'single_use': True, 'variants': []}, 'social_logo': {'id': 76, 'name': '[AUTO] National Aeronautics and Space Administration - social_logo', 'image_url': 'https://thespacedevs-dev.nyc3.digitaloceanspaces.com/media/images/national2520aeronautics2520and2520space2520administration_nation_20230803040809.jpg', 'thumbnail_url': 'https://thespacedevs-dev.nyc3.digitaloceanspaces.com/media/images/255bauto255d__image_thumbnail_20240305184823.jpeg', 'credit': None, 'license': {'id': 1, 'name': 'Unknown', 'priority': 9, 'link': None}, 'single_use': True, 'variants': []}, 'total_launch_count': 142, 'consecutive_successful_launches': 12, 'successful_launches': 122, 'failed_launches': 20, 'pending_launches': 5, 'consecutive_successful_landings': 0, 'successful_landings': 0, 'failed_landings': 0, 'attempted_landings': 0, 'successful_landings_spacecraft': 179, 'failed_landings_spacecraft': 2, 'attempted_landings_spacecraft': 181, 'successful_landings_payload': 0, 'failed_landings_payload': 0, 'attempted_landings_payload': 0, 'info_url': 'https://www.nasa.gov', 'wiki_url': 'https://en.wikipedia.org/wiki/National_Aeronautics_and_Space_Administration', 'social_media_links': []}], 'info_urls': [], 'vid_urls': []}, 'pad': {'id': 4, 'url': 'https://lldev.thespacedevs.com/2.3.0/pads/4/', 'active': True, 'agencies': [{'response_mode': 'normal', 'id': 44, 'url': 'https://lldev.thespacedevs.com/2.3.0/agencies/44/', 'name': 'National Aeronautics and Space Administration', 'abbrev': 'NASA', 'type': {'id': 1, 'name': 'Government'}, 'featured': True, 'country': [{'id': 2, 'name': 'United States of America', 'alpha_2_code': 'US', 'alpha_3_code': 'USA', 'nationality_name': 'American', 'nationality_name_composed': 'Americano'}], 'description': 'The National Aeronautics and Space Administration is an independent agency of the executive branch of the United States federal government responsible for the civilian space program, as well as aeronautics and aerospace research. NASA have many launch facilities but most are inactive. The most commonly used pad will be LC-39B at Kennedy Space Center in Florida.', 'administrator': 'Administrator: Jared Isaacman', 'founding_year': 1958, 'launchers': 'Space Shuttle | SLS', 'spacecraft': 'Orion', 'parent': None, 'image': {'id': 19, 'name': '[AUTO] National Aeronautics and Space Administration - image', 'image_url': 'https://thespacedevs-dev.nyc3.digitaloceanspaces.com/media/images/national2520aeronautics2520and2520space2520administration_image_20190207032448.jpeg', 'thumbnail_url': 'https://thespacedevs-dev.nyc3.digitaloceanspaces.com/media/images/255bauto255d__image_thumbnail_20240305184631.jpeg', 'credit': None, 'license': {'id': 1, 'name': 'Unknown', 'priority': 9, 'link': None}, 'single_use': True, 'variants': []}, 'logo': {'id': 161, 'name': '[AUTO] National Aeronautics and Space Administration - logo', 'image_url': 'https://thespacedevs-dev.nyc3.digitaloceanspaces.com/media/images/national2520aeronautics2520and2520space2520administration_logo_20190207032448.png', 'thumbnail_url': 'https://thespacedevs-dev.nyc3.digitaloceanspaces.com/media/images/255bauto255d__image_thumbnail_20240305185043.png', 'credit': None, 'license': {'id': 1, 'name': 'Unknown', 'priority': 9, 'link': None}, 'single_use': True, 'variants': []}, 'social_logo': {'id': 76, 'name': '[AUTO] National Aeronautics and Space Administration - social_logo', 'image_url': 'https://thespacedevs-dev.nyc3.digitaloceanspaces.com/media/images/national2520aeronautics2520and2520space2520administration_nation_20230803040809.jpg', 'thumbnail_url': 'https://thespacedevs-dev.nyc3.digitaloceanspaces.com/media/images/255bauto255d__image_thumbnail_20240305184823.jpeg', 'credit': None, 'license': {'id': 1, 'name': 'Unknown', 'priority': 9, 'link': None}, 'single_use': True, 'variants': []}}], 'name': 'Launch Complex 39B', 'image': None, 'description': None, 'info_url': None, 'wiki_url': 'https://en.wikipedia.org/wiki/Kennedy_Space_Center_Launch_Complex_39#Launch_Pad_39B', 'map_url': 'https://www.google.com/maps?q=28.62711233,-80.62101503', 'latitude': 28.62711233, 'longitude': -80.62101503, 'country': {'id': 2, 'name': 'United States of America', 'alpha_2_code': 'US', 'alpha_3_code': 'USA', 'nationality_name': 'American', 'nationality_name_composed': 'Americano'}, 'map_image': 'https://thespacedevs-dev.nyc3.digitaloceanspaces.com/media/map_images/pad_4_20200803143518.jpg', 'total_launch_count': 59, 'orbital_launch_attempt_count': 58, 'fastest_turnaround': 'P28DT11H55M4S', 'location': {'response_mode': 'normal', 'id': 27, 'url': 'https://lldev.thespacedevs.com/2.3.0/locations/27/', 'name': 'Kennedy Space Center, FL, USA', 'celestial_body': {'response_mode': 'normal', 'id': 1, 'name': 'Earth', 'type': {'id': 1, 'name': 'Planet'}, 'diameter': 12742000.0, 'mass': 5.972168e+24, 'gravity': 9.80655, 'length_of_day': '1 00:00:00', 'atmosphere': True, 'image': {'id': 2040, 'name': 'Earth (Apollo 17)', 'image_url': 'https://thespacedevs-dev.nyc3.digitaloceanspaces.com/media/images/earth_2528apol_image_20240402194304.jpeg', 'thumbnail_url': 'https://thespacedevs-dev.nyc3.digitaloceanspaces.com/media/images/earth_2528apol_image_thumbnail_20240402194305.jpeg', 'credit': 'NASA', 'license': {'id': 4, 'name': 'NASA Image and Media Guidelines', 'priority': 0, 'link': 'https://www.nasa.gov/nasa-brand-center/images-and-media/'}, 'single_use': True, 'variants': []}, 'description': 'Earth is the third planet from the Sun and the only astronomical object known to harbor life.', 'wiki_url': 'https://en.wikipedia.org/wiki/Earth', 'total_attempted_launches': 7584, 'successful_launches': 7028, 'failed_launches': 556, 'total_attempted_landings': 1351, 'successful_landings': 1302, 'failed_landings': 49}, 'active': True, 'country': {'id': 2, 'name': 'United States of America', 'alpha_2_code': 'US', 'alpha_3_code': 'USA', 'nationality_name': 'American', 'nationality_name_composed': 'Americano'}, 'description': ""The John F. Kennedy Space Center, located on Merritt Island, Florida, is one of NASA's ten field centers. Since 1968, KSC has been NASA's primary launch center of American spaceflight, research, and technology. Launch operations for the Apollo, Skylab and Space Shuttle programs were carried out from Kennedy Space Center Launch Complex 39 and managed by KSC. Located on the east coast of Florida, KSC is adjacent to Cape Canaveral Space Force Station (CCSFS)."", 'image': {'id': 2200, 'name': 'Cape Canaveral & KSC seen from orbit (STS-43)', 'image_url': 'https://thespacedevs-dev.nyc3.digitaloceanspaces.com/media/images/cape_canaveral__image_20240918151615.jpg', 'thumbnail_url': 'https://thespacedevs-dev.nyc3.digitaloceanspaces.com/media/images/cape_canaveral__image_thumbnail_20240918151616.jpeg', 'credit': 'NASA', 'license': {'id': 4, 'name': 'NASA Image and Media Guidelines', 'priority': 0, 'link': 'https://www.nasa.gov/nasa-brand-center/images-and-media/'}, 'single_use': True, 'variants': []}, 'map_image': 'https://thespacedevs-dev.nyc3.digitaloceanspaces.com/media/map_images/location_27_20200803142447.jpg', 'longitude': -80.650833, 'latitude': 28.524167, 'timezone_name': 'America/New_York', 'total_launch_count': 281, 'total_landing_count': 0}}, 'webcast_live': False, 'program': [{'response_mode': 'normal', 'id': 15, 'url': 'https://lldev.thespacedevs.com/2.3.0/programs/15/', 'name': 'Artemis', 'image': {'id': 1884, 'name': '[AUTO] Artemis - image', 'image_url': 'https://thespacedevs-dev.nyc3.digitaloceanspaces.com/media/images/artemis_program_20220827100930.png', 'thumbnail_url': 'https://thespacedevs-dev.nyc3.digitaloceanspaces.com/media/images/255bauto255d__image_thumbnail_20240305194033.png', 'credit': None, 'license': {'id': 1, 'name': 'Unknown', 'priority': 9, 'link': None}, 'single_use': True, 'variants': []}, 'info_url': 'https://www.nasa.gov/specials/artemis/', 'wiki_url': 'https://en.wikipedia.org/wiki/Artemis_program', 'description': 'The Artemis program is a US government-funded crewed spaceflight program that has the goal of landing ""the first woman and the next man"" on the Moon, specifically at the lunar south pole region.', 'agencies': [{'response_mode': 'list', 'id': 44, 'url': 'https://lldev.thespacedevs.com/2.3.0/agencies/44/', 'name': 'National Aeronautics and Space Administration', 'abbrev': 'NASA', 'type': {'id': 1, 'name': 'Government'}}], 'start_date': '2017-12-11T00:00:00Z', 'end_date': None, 'mission_patches': [], 'type': {'id': 2, 'name': 'Human Spaceflight'}}], 'orbital_launch_attempt_count': 7554, 'location_launch_attempt_count': 291, 'pad_launch_attempt_count': 60, 'agency_launch_attempt_count': 143, 'orbital_launch_attempt_count_year': 39, 'location_launch_attempt_count_year': 6, 'pad_launch_attempt_count_year': 1, 'agency_launch_attempt_count_year': 1}, 'duration': None, 'turn_around_time': None, 'response_mode': 'normal'}",
45,1049,https://lldev.thespacedevs.com/2.3.0/landings/1049/,True,,The Starliner spacecraft will land at White Sands Missile Range.,,"{'id': 20, 'name': 'White Sands Missile Range', 'active': True, 'abbrev': 'WSMR', 'description': 'US Army testing area and firing range located in the US state of New Mexico.', 'location': {'response_mode': 'normal', 'id': 155, 'url': 'https://lldev.thespacedevs.com/2.3.0/locations/155/', 'name': 'White Sands Missile Range', 'active': True, 'country': {'id': 2, 'name': 'United States of America', 'alpha_2_code': 'US', 'alpha_3_code': 'USA', 'nationality_name': 'American', 'nationality_name_composed': 'Americano'}, 'description': 'White Sands Missile Range is a United States Army military testing area and firing range located in the US state of New Mexico. The range was originally established in 1941 as the Alamogordo Bombing and Gunnery Range, where the Trinity test site lay at the northern end of the Range, in Socorro County near the towns of Carrizozo and San Antonio. It then became the White Sands Proving Ground on 9 July 1945.', 'image': {'id': 2229, 'name': 'Space Shuttle Columbia landing at White Sands (STS-3)', 'image_url': 'https://thespacedevs-dev.nyc3.digitaloceanspaces.com/media/images/space_shuttle_c_image_20240920084425.jpg', 'thumbnail_url': 'https://thespacedevs-dev.nyc3.digitaloceanspaces.com/media/images/space_shuttle_c_image_thumbnail_20240920084425.jpeg', 'credit': 'NASA', 'license': {'id': 4, 'name': 'NASA Image and Media Guidelines', 'priority': 0, 'link': 'https://www.nasa.gov/nasa-brand-center/images-and-media/'}, 'single_use': False, 'variants': []}, 'map_image': 'https://thespacedevs-dev.nyc3.digitaloceanspaces.com/media/map_images/location_white_sands_missile_range_20210901072636.jpg', 'longitude': -106.405833, 'latitude': 32.335556, 'timezone_name': 'America/Denver', 'total_launch_count': 5, 'total_landing_count': 0}, 'longitude': None, 'latitude': None, 'image': {'id': 2229, 'name': 'Space Shuttle Columbia landing at White Sands (STS-3)', 'image_url': 'https://thespacedevs-dev.nyc3.digitaloceanspaces.com/media/images/space_shuttle_c_image_20240920084425.jpg', 'thumbnail_url': 'https://thespacedevs-dev.nyc3.digitaloceanspaces.com/media/images/space_shuttle_c_image_thumbnail_20240920084425.jpeg', 'credit': 'NASA', 'license': {'id': 4, 'name': 'NASA Image and Media Guidelines', 'priority': 0, 'link': 'https://www.nasa.gov/nasa-brand-center/images-and-media/'}, 'single_use': False, 'variants': []}, 'successful_landings': 5, 'attempted_landings': 5, 'failed_landings': 0, 'celestial_body': {'response_mode': 'normal', 'id': 1, 'name': 'Earth', 'type': {'id': 1, 'name': 'Planet'}, 'diameter': 12742000.0, 'mass': 5.972168e+24, 'gravity': 9.80655, 'length_of_day': '1 00:00:00', 'atmosphere': True, 'image': {'id': 2040, 'name': 'Earth (Apollo 17)', 'image_url': 'https://thespacedevs-dev.nyc3.digitaloceanspaces.com/media/images/earth_2528apol_image_20240402194304.jpeg', 'thumbnail_url': 'https://thespacedevs-dev.nyc3.digitaloceanspaces.com/media/images/earth_2528apol_image_thumbnail_20240402194305.jpeg', 'credit': 'NASA', 'license': {'id': 4, 'name': 'NASA Image and Media Guidelines', 'priority': 0, 'link': 'https://www.nasa.gov/nasa-brand-center/images-and-media/'}, 'single_use': True, 'variants': []}, 'description': 'Earth is the third planet from the Sun and the only astronomical object known to harbor life.', 'wiki_url': 'https://en.wikipedia.org/wiki/Earth'}}","{'id': 4, 'name': 'Parachute Landing', 'abbrev': 'PCL', 'description': 'Unpowered landing using parachute(s).'}",,normal,,"{'id': 574, 'url': 'https://lldev.thespacedevs.com/2.3.0/spacecraft_flights/574/', 'destination': 'International Space Station', 'mission_end': None, 'spacecraft': {'response_mode': 'normal', 'id': 290, 'url': 'https://lldev.thespacedevs.com/2.3.0/spacecraft/290/', 'name': 'Starliner 2', 'serial_number': '2', 'is_placeholder': False, 'image': {'id': 1020, 'name': 'Boeing Starliner in orbit (OFT-2)', 'image_url': 'https://thespacedevs-dev.nyc3.digitaloceanspaces.com/media/images/boeing_starline_image_20220525180700.jpeg', 'thumbnail_url': 'https://thespacedevs-dev.nyc3.digitaloceanspaces.com/media/images/255bauto255d__image_thumbnail_20240305191414.jpeg', 'credit': 'NASA', 'license': {'id': 4, 'name': 'NASA Image and Media Guidelines', 'priority': 0, 'link': 'https://www.nasa.gov/nasa-brand-center/images-and-media/'}, 'single_use': False, 'variants': []}, 'in_space': False, 'time_in_space': 'P5DT23H54M13S', 'time_docked': 'P4DT18H8M', 'flights_count': 1, 'mission_ends_count': 1, 'status': {'id': 1, 'name': 'Active'}, 'description': 'The second CST-100 Starliner capsule to fly.', 'spacecraft_config': {'response_mode': 'normal', 'id': 9, 'url': 'https://lldev.thespacedevs.com/2.3.0/spacecraft_configurations/9/', 'name': 'CST-100 Starliner', 'type': {'id': 2, 'name': 'Capsule'}, 'agency': {'response_mode': 'list', 'id': 80, 'url': 'https://lldev.thespacedevs.com/2.3.0/agencies/80/', 'name': 'Boeing', 'abbrev': 'BA', 'type': {'id': 3, 'name': 'Commercial'}}, 'family': [], 'in_use': True, 'image': {'id': 1020, 'name': 'Boeing Starliner in orbit (OFT-2)', 'image_url': 'https://thespacedevs-dev.nyc3.digitaloceanspaces.com/media/images/boeing_starline_image_20220525180700.jpeg', 'thumbnail_url': 'https://thespacedevs-dev.nyc3.digitaloceanspaces.com/media/images/255bauto255d__image_thumbnail_20240305191414.jpeg', 'credit': 'NASA', 'license': {'id': 4, 'name': 'NASA Image and Media Guidelines', 'priority': 0, 'link': 'https://www.nasa.gov/nasa-brand-center/images-and-media/'}, 'single_use': False, 'variants': []}}, 'fastest_turnaround': None}, 'launch': {'id': '07e945c1-2ec6-4d29-a500-1afbe920440f', 'url': 'https://lldev.thespacedevs.com/2.3.0/launches/07e945c1-2ec6-4d29-a500-1afbe920440f/', 'name': 'Atlas V N22 | Starliner-1', 'response_mode': 'normal', 'slug': 'atlas-v-n22-starliner-1', 'launch_designator': None, 'status': {'id': 2, 'name': 'To Be Determined', 'abbrev': 'TBD', 'description': 'Current date is a placeholder or rough estimation based on unreliable or interpreted sources.'}, 'last_updated': '2026-03-11T15:12:58Z', 'net': '2026-12-31T00:00:00Z', 'net_precision': {'id': 14, 'name': 'Year', 'abbrev': 'Y', 'description': 'The T-0 is expected in the given year.'}, 'window_end': '2026-12-31T00:00:00Z', 'window_start': '2026-12-31T00:00:00Z', 'image': {'id': 1706, 'name': '[AUTO] Atlas V N22 - image', 'image_url': 'https://thespacedevs-dev.nyc3.digitaloceanspaces.com/media/images/atlas_v_n22_image_20210813082339.jpeg', 'thumbnail_url': 'https://thespacedevs-dev.nyc3.digitaloceanspaces.com/media/images/255bauto255d__image_thumbnail_20240305193538.jpeg', 'credit': None, 'license': {'id': 1, 'name': 'Unknown', 'priority': 9, 'link': None}, 'single_use': True, 'variants': []}, 'infographic': None, 'probability': None, 'weather_concerns': None, 'failreason': '', 'hashtag': None, 'launch_service_provider': {'response_mode': 'list', 'id': 124, 'url': 'https://lldev.thespacedevs.com/2.3.0/agencies/124/', 'name': 'United Launch Alliance', 'abbrev': 'ULA', 'type': {'id': 3, 'name': 'Commercial'}}, 'rocket': {'id': 2710, 'configuration': {'response_mode': 'list', 'id': 166, 'url': 'https://lldev.thespacedevs.com/2.3.0/launcher_configurations/166/', 'name': 'Atlas V N22', 'families': [{'response_mode': 'list', 'id': 66, 'name': 'Atlas'}, {'response_mode': 'list', 'id': 174, 'name': 'Atlas V'}], 'full_name': 'Atlas V N22', 'variant': 'V N22'}}, 'mission': {'id': 1113, 'name': 'Starliner-1', 'type': 'Human Exploration', 'description': ""Starliner-1 is the first operational flight of a Starliner spacecraft to the International Space Station as part of NASA's Commercial Crew Program. Due to problems with the Starliner spacecraft's RCS attitude control system during the Crew Flight Test mission in 2024, this mission has been re-scoped to not carry a crew by NASA. It will instead deliver necessary cargo to the orbital laboratory and allow in-flight validation of the system upgrades implemented following the Crew Flight Test mission last year."", 'image': None, 'orbit': {'id': 8, 'name': 'Low Earth Orbit', 'abbrev': 'LEO', 'celestial_body': {'response_mode': 'list', 'id': 1, 'name': 'Earth'}}, 'agencies': [], 'info_urls': [], 'vid_urls': []}, 'pad': {'id': 29, 'url': 'https://lldev.thespacedevs.com/2.3.0/pads/29/', 'active': True, 'agencies': [], 'name': 'Space Launch Complex 41', 'image': {'id': 1394, 'name': 'Atlas V 541 on the pad (Mars 2020/Perseverance rover & Ingenuity helicopter)', 'image_url': 'https://thespacedevs-dev.nyc3.digitaloceanspaces.com/media/images/atlas2520v252_image_20200729144937.jpg', 'thumbnail_url': 'https://thespacedevs-dev.nyc3.digitaloceanspaces.com/media/images/255bauto255d__image_thumbnail_20240305192627.jpeg', 'credit': 'United Launch Alliance', 'license': {'id': 10, 'name': 'ULA Image Use Policy', 'priority': 3, 'link': 'https://www.ulalaunch.com/terms-and-conditions'}, 'single_use': False, 'variants': []}, 'description': '', 'info_url': None, 'wiki_url': 'https://en.wikipedia.org/wiki/Cape_Canaveral_Air_Force_Station_Space_Launch_Complex_41', 'map_url': 'https://www.google.com/maps?q=28.58341025,-80.58303644', 'latitude': 28.58341025, 'longitude': -80.58303644, 'country': {'id': 2, 'name': 'United States of America', 'alpha_2_code': 'US', 'alpha_3_code': 'USA', 'nationality_name': 'American', 'nationality_name_composed': 'Americano'}, 'map_image': 'https://thespacedevs-dev.nyc3.digitaloceanspaces.com/media/map_images/pad_29_20200803143528.jpg', 'total_launch_count': 125, 'orbital_launch_attempt_count': 125, 'fastest_turnaround': 'P15DT22H26M17S', 'location': {'response_mode': 'normal', 'id': 12, 'url': 'https://lldev.thespacedevs.com/2.3.0/locations/12/', 'name': 'Cape Canaveral SFS, FL, USA', 'celestial_body': {'response_mode': 'normal', 'id': 1, 'name': 'Earth', 'type': {'id': 1, 'name': 'Planet'}, 'diameter': 12742000.0, 'mass': 5.972168e+24, 'gravity': 9.80655, 'length_of_day': '1 00:00:00', 'atmosphere': True, 'image': {'id': 2040, 'name': 'Earth (Apollo 17)', 'image_url': 'https://thespacedevs-dev.nyc3.digitaloceanspaces.com/media/images/earth_2528apol_image_20240402194304.jpeg', 'thumbnail_url': 'https://thespacedevs-dev.nyc3.digitaloceanspaces.com/media/images/earth_2528apol_image_thumbnail_20240402194305.jpeg', 'credit': 'NASA', 'license': {'id': 4, 'name': 'NASA Image and Media Guidelines', 'priority': 0, 'link': 'https://www.nasa.gov/nasa-brand-center/images-and-media/'}, 'single_use': True, 'variants': []}, 'description': 'Earth is the third planet from the Sun and the only astronomical object known to harbor life.', 'wiki_url': 'https://en.wikipedia.org/wiki/Earth', 'total_attempted_launches': 7584, 'successful_launches': 7028, 'failed_launches': 556, 'total_attempted_landings': 1351, 'successful_landings': 1302, 'failed_landings': 49}, 'active': True, 'country': {'id': 2, 'name': 'United States of America', 'alpha_2_code': 'US', 'alpha_3_code': 'USA', 'nationality_name': 'American', 'nationality_name_composed': 'Americano'}, 'description': ""Cape Canaveral Space Force Station (CCSFS) is an installation of the United States Space Force's Space Launch Delta 45, located on Cape Canaveral in Brevard County, Florida."", 'image': {'id': 2200, 'name': 'Cape Canaveral & KSC seen from orbit (STS-43)', 'image_url': 'https://thespacedevs-dev.nyc3.digitaloceanspaces.com/media/images/cape_canaveral__image_20240918151615.jpg', 'thumbnail_url': 'https://thespacedevs-dev.nyc3.digitaloceanspaces.com/media/images/cape_canaveral__image_thumbnail_20240918151616.jpeg', 'credit': 'NASA', 'license': {'id': 4, 'name': 'NASA Image and Media Guidelines', 'priority': 0, 'link': 'https://www.nasa.gov/nasa-brand-center/images-and-media/'}, 'single_use': True, 'variants': []}, 'map_image': 'https://thespacedevs-dev.nyc3.digitaloceanspaces.com/media/map_images/location_12_20200803142519.jpg', 'longitude': -80.577778, 'latitude': 28.488889, 'timezone_name': 'America/New_York', 'total_launch_count': 1124, 'total_landing_count': 76}}, 'webcast_live': False, 'program': [{'response_mode': 'normal', 'id': 5, 'url': 'https://lldev.thespacedevs.com/2.3.0/programs/5/', 'name': 'Commercial Crew Program', 'image': {'id': 1869, 'name': 'Commercial Crew Program logo', 'image_url': 'https://thespacedevs-dev.nyc3.digitaloceanspaces.com/media/images/commercial2520_program_20200820201209.png', 'thumbnail_url': 'https://thespacedevs-dev.nyc3.digitaloceanspaces.com/media/images/255bauto255d__image_thumbnail_20240305194004.png', 'credit': 'NASA', 'license': {'id': 4, 'name': 'NASA Image and Media Guidelines', 'priority': 0, 'link': 'https://www.nasa.gov/nasa-brand-center/images-and-media/'}, 'single_use': True, 'variants': []}, 'info_url': 'https://www.nasa.gov/exploration/commercial/crew/index.html', 'wiki_url': 'https://en.wikipedia.org/wiki/Commercial_Crew_Program', 'description': 'The Commercial Crew Program (CCP) is a human spaceflight program operated by NASA, in association with American aerospace manufacturers Boeing and SpaceX. The program conducts rotations between the expeditions of the International Space Station program, transporting crews to and from the International Space Station (ISS) aboard Boeing Starliner and SpaceX Crew Dragon capsules, in the first crewed orbital spaceflights operated by private companies.', 'agencies': [{'response_mode': 'list', 'id': 80, 'url': 'https://lldev.thespacedevs.com/2.3.0/agencies/80/', 'name': 'Boeing', 'abbrev': 'BA', 'type': {'id': 3, 'name': 'Commercial'}}, {'response_mode': 'list', 'id': 44, 'url': 'https://lldev.thespacedevs.com/2.3.0/agencies/44/', 'name': 'National Aeronautics and Space Administration', 'abbrev': 'NASA', 'type': {'id': 1, 'name': 'Government'}}, {'response_mode': 'list', 'id': 121, 'url': 'https://lldev.thespacedevs.com/2.3.0/agencies/121/', 'name': 'SpaceX', 'abbrev': 'SpX', 'type': {'id': 3, 'name': 'Commercial'}}], 'start_date': '2011-04-18T00:00:00Z', 'end_date': None, 'mission_patches': [], 'type': {'id': 2, 'name': 'Human Spaceflight'}}, {'response_mode': 'normal', 'id': 17, 'url': 'https://lldev.thespacedevs.com/2.3.0/programs/17/', 'name': 'International Space Station', 'image': {'id': 1874, 'name': '[AUTO] International Space Station - image', 'image_url': 'https://thespacedevs-dev.nyc3.digitaloceanspaces.com/media/images/international2_program_20201129184745.png', 'thumbnail_url': 'https://thespacedevs-dev.nyc3.digitaloceanspaces.com/media/images/255bauto255d__image_thumbnail_20240305194014.png', 'credit': None, 'license': {'id': 1, 'name': 'Unknown', 'priority': 9, 'link': None}, 'single_use': True, 'variants': []}, 'info_url': 'https://www.nasa.gov/mission_pages/station/main/index.html', 'wiki_url': 'https://en.wikipedia.org/wiki/International_Space_Station_programme', 'description': 'The International Space Station programme is tied together by a complex set of legal, political and financial agreements between the sixteen nations involved in the project, governing ownership of the various components, rights to crewing and utilization, and responsibilities for crew rotation and resupply of the International Space Station. It was conceived in 1984 by President Ronald Reagan, during the Space Station Freedom project as it was originally called.', 'agencies': [{'response_mode': 'list', 'id': 16, 'url': 'https://lldev.thespacedevs.com/2.3.0/agencies/16/', 'name': 'Canadian Space Agency', 'abbrev': 'CSA', 'type': {'id': 1, 'name': 'Government'}}, {'response_mode': 'list', 'id': 27, 'url': 'https://lldev.thespacedevs.com/2.3.0/agencies/27/', 'name': 'European Space Agency', 'abbrev': 'ESA', 'type': {'id': 2, 'name': 'Multinational'}}, {'response_mode': 'list', 'id': 37, 'url': 'https://lldev.thespacedevs.com/2.3.0/agencies/37/', 'name': 'Japan Aerospace Exploration Agency', 'abbrev': 'JAXA', 'type': {'id': 1, 'name': 'Government'}}, {'response_mode': 'list', 'id': 44, 'url': 'https://lldev.thespacedevs.com/2.3.0/agencies/44/', 'name': 'National Aeronautics and Space Administration', 'abbrev': 'NASA', 'type': {'id': 1, 'name': 'Government'}}, {'response_mode': 'list', 'id': 63, 'url': 'https://lldev.thespacedevs.com/2.3.0/agencies/63/', 'name': 'Russian Federal Space Agency (ROSCOSMOS)', 'abbrev': 'RFSA', 'type': {'id': 1, 'name': 'Government'}}], 'start_date': '1998-11-20T06:40:00Z', 'end_date': None, 'mission_patches': [], 'type': {'id': 2, 'name': 'Human Spaceflight'}}], 'orbital_launch_attempt_count': 7515, 'location_launch_attempt_count': 1169, 'pad_launch_attempt_count': 139, 'agency_launch_attempt_count': 196, 'orbital_launch_attempt_count_year': 342, 'location_launch_attempt_count_year': 93, 'pad_launch_attempt_count_year': 19, 'agency_launch_attempt_count_year': 26}, 'duration': None, 'turn_around_time': 'P1680DT1H11M', 'response_mode': 'normal'}",
46,1214,https://lldev.thespacedevs.com/2.3.0/landings/1214/,True,,The center core will attempt to land on an ASDS after launch.,,"{'id': 12, 'name': 'Unknown', 'active': True, 'abbrev': 'N/A', 'description': None, 'location': None, 'longitude': None, 'latitude': None, 'image': None, 'successful_landings': 0, 'attempted_landings': 0, 'failed_landings': 0, 'celestial_body': {'response_mode': 'normal', 'id': 1, 'name': 'Earth', 'type': {'id': 1, 'name': 'Planet'}, 'diameter': 12742000.0, 'mass': 5.972168e+24, 'gravity': 9.80655, 'length_of_day': '1 00:00:00', 'atmosphere': True, 'image': {'id': 2040, 'name': 'Earth (Apollo 17)', 'image_url': 'https://thespacedevs-dev.nyc3.digitaloceanspaces.com/media/images/earth_2528apol_image_20240402194304.jpeg', 'thumbnail_url': 'https://thespacedevs-dev.nyc3.digitaloceanspaces.com/media/images/earth_2528apol_image_thumbnail_20240402194305.jpeg', 'credit': 'NASA', 'license': {'id': 4, 'name': 'NASA Image and Media Guidelines', 'priority': 0, 'link': 'https://www.nasa.gov/nasa-brand-center/images-and-media/'}, 'single_use': True, 'variants': []}, 'description': 'Earth is the third planet from the Sun and the only astronomical object known to harbor life.', 'wiki_url': 'https://en.wikipedia.org/wiki/Earth'}}","{'id': 1, 'name': 'Autonomous Spaceport Drone Ship', 'abbrev': 'ASDS', 'description': 'An autonomous spaceport drone ship (ASDS) is an ocean-going vessel derived from a deck barge, outfitted with station-keeping engines and a large landing platform. Construction of such ships was commissioned by aerospace company SpaceX to allow for recovery of rocket first-stages at sea for high-velocity missions which do not carry enough fuel to return to the launch site after lofting spacecraft onto an orbital trajectory.'}",,normal,"{'id': 417, 'type': 'Core', 'reused': None, 'launcher_flight_number': None, 'launcher': {'response_mode': 'normal', 'id': 117, 'url': 'https://lldev.thespacedevs.com/2.3.0/launchers/117/', 'flight_proven': False, 'serial_number': 'Unknown FH', 'is_placeholder': True, 'status': {'id': 8, 'name': 'N/A'}, 'image': {'id': 1675, 'name': '[AUTO] Unknown FH - image', 'image_url': 'https://thespacedevs-dev.nyc3.digitaloceanspaces.com/media/images/117_image_20230723180948.png', 'thumbnail_url': 'https://thespacedevs-dev.nyc3.digitaloceanspaces.com/media/images/255bauto255d__image_thumbnail_20240305193445.png', 'credit': None, 'license': {'id': 1, 'name': 'Unknown', 'priority': 9, 'link': None}, 'single_use': True, 'variants': []}, 'details': 'Booster serial number unknown.', 'successful_landings': None, 'attempted_landings': None, 'flights': None, 'last_launch_date': None, 'first_launch_date': None, 'fastest_turnaround': None}, 'previous_flight_date': None, 'turn_around_time': None, 'previous_flight': None}",,
47,1215,https://lldev.thespacedevs.com/2.3.0/landings/1215/,True,,the sidebooster will attempt to land at the launch site after launch.,,"{'id': 12, 'name': 'Unknown', 'active': True, 'abbrev': 'N/A', 'description': None, 'location': None, 'longitude': None, 'latitude': None, 'image': None, 'successful_landings': 0, 'attempted_landings': 0, 'failed_landings': 0, 'celestial_body': {'response_mode': 'normal', 'id': 1, 'name': 'Earth', 'type': {'id': 1, 'name': 'Planet'}, 'diameter': 12742000.0, 'mass': 5.972168e+24, 'gravity': 9.80655, 'length_of_day': '1 00:00:00', 'atmosphere': True, 'image': {'id': 2040, 'name': 'Earth (Apollo 17)', 'image_url': 'https://thespacedevs-dev.nyc3.digitaloceanspaces.com/media/images/earth_2528apol_image_20240402194304.jpeg', 'thumbnail_url': 'https://thespacedevs-dev.nyc3.digitaloceanspaces.com/media/images/earth_2528apol_image_thumbnail_20240402194305.jpeg', 'credit': 'NASA', 'license': {'id': 4, 'name': 'NASA Image and Media Guidelines', 'priority': 0, 'link': 'https://www.nasa.gov/nasa-brand-center/images-and-media/'}, 'single_use': True, 'variants': []}, 'description': 'Earth is the third planet from the Sun and the only astronomical object known to harbor life.', 'wiki_url': 'https://en.wikipedia.org/wiki/Earth'}}","{'id': 2, 'name': 'Return to Launch Site', 'abbrev': 'RTLS', 'description': 'A return to launch site usually means that after stage separation the booster flips and does a burn back towards the launch site, landing near where it initially launched from.'}",,normal,"{'id': 418, 'type': 'Strap-On Booster', 'reused': None, 'launcher_flight_number': None, 'launcher': {'response_mode': 'normal', 'id': 117, 'url': 'https://lldev.thespacedevs.com/2.3.0/launchers/117/', 'flight_proven': False, 'serial_number': 'Unknown FH', 'is_placeholder': True, 'status': {'id': 8, 'name': 'N/A'}, 'image': {'id': 1675, 'name': '[AUTO] Unknown FH - image', 'image_url': 'https://thespacedevs-dev.nyc3.digitaloceanspaces.com/media/images/117_image_20230723180948.png', 'thumbnail_url': 'https://thespacedevs-dev.nyc3.digitaloceanspaces.com/media/images/255bauto255d__image_thumbnail_20240305193445.png', 'credit': None, 'license': {'id': 1, 'name': 'Unknown', 'priority': 9, 'link': None}, 'single_use': True, 'variants': []}, 'details': 'Booster serial number unknown.', 'successful_landings': None, 'attempted_landings': None, 'flights': None, 'last_launch_date': None, 'first_launch_date': None, 'fastest_turnaround': None}, 'previous_flight_date': None, 'turn_around_time': None, 'previous_flight': None}",,
48,1216,https://lldev.thespacedevs.com/2.3.0/landings/1216/,True,,the sidebooster will attempt to land at the launch site after launch.,,"{'id': 12, 'name': 'Unknown', 'active': True, 'abbrev': 'N/A', 'description': None, 'location': None, 'longitude': None, 'latitude': None, 'image': None, 'successful_landings': 0, 'attempted_landings': 0, 'failed_landings': 0, 'celestial_body': {'response_mode': 'normal', 'id': 1, 'name': 'Earth', 'type': {'id': 1, 'name': 'Planet'}, 'diameter': 12742000.0, 'mass': 5.972168e+24, 'gravity': 9.80655, 'length_of_day': '1 00:00:00', 'atmosphere': True, 'image': {'id': 2040, 'name': 'Earth (Apollo 17)', 'image_url': 'https://thespacedevs-dev.nyc3.digitaloceanspaces.com/media/images/earth_2528apol_image_20240402194304.jpeg', 'thumbnail_url': 'https://thespacedevs-dev.nyc3.digitaloceanspaces.com/media/images/earth_2528apol_image_thumbnail_20240402194305.jpeg', 'credit': 'NASA', 'license': {'id': 4, 'name': 'NASA Image and Media Guidelines', 'priority': 0, 'link': 'https://www.nasa.gov/nasa-brand-center/images-and-media/'}, 'single_use': True, 'variants': []}, 'description': 'Earth is the third planet from the Sun and the only astronomical object known to harbor life.', 'wiki_url': 'https://en.wikipedia.org/wiki/Earth'}}","{'id': 2, 'name': 'Return to Launch Site', 'abbrev': 'RTLS', 'description': 'A return to launch site usually means that after stage separation the booster flips and does a burn back towards the launch site, landing near where it initially launched from.'}",,normal,"{'id': 419, 'type': 'Strap-On Booster', 'reused': None, 'launcher_flight_number': None, 'launcher': {'response_mode': 'normal', 'id': 117, 'url': 'https://lldev.thespacedevs.com/2.3.0/launchers/117/', 'flight_proven': False, 'serial_number': 'Unknown FH', 'is_placeholder': True, 'status': {'id': 8, 'name': 'N/A'}, 'image': {'id': 1675, 'name': '[AUTO] Unknown FH - image', 'image_url': 'https://thespacedevs-dev.nyc3.digitaloceanspaces.com/media/images/117_image_20230723180948.png', 'thumbnail_url': 'https://thespacedevs-dev.nyc3.digitaloceanspaces.com/media/images/255bauto255d__image_thumbnail_20240305193445.png', 'credit': None, 'license': {'id': 1, 'name': 'Unknown', 'priority': 9, 'link': None}, 'single_use': True, 'variants': []}, 'details': 'Booster serial number unknown.', 'successful_landings': None, 'attempted_landings': None, 'flights': None, 'last_launch_date': None, 'first_launch_date': None, 'fastest_turnaround': None}, 'previous_flight_date': None, 'turn_around_time': None, 'previous_flight': None}",,
49,1245,https://lldev.thespacedevs.com/2.3.0/landings/1245/,True,,The Falcon 9 first stage will land back at the launch site after this flight.,0.30000000000000004,"{'id': 62, 'name': 'Landing Zone 40', 'active': True, 'abbrev': 'LZ-40', 'description': 'Landing Pad at SLC-40 for Falcon 9 boosters. Built as an replacement for LZ-1 & LZ-2.', 'location': {'response_mode': 'normal', 'id': 12, 'url': 'https://lldev.thespacedevs.com/2.3.0/locations/12/', 'name': 'Cape Canaveral SFS, FL, USA', 'active': True, 'country': {'id': 2, 'name': 'United States of America', 'alpha_2_code': 'US', 'alpha_3_code': 'USA', 'nationality_name': 'American', 'nationality_name_composed': 'Americano'}, 'description': ""Cape Canaveral Space Force Station (CCSFS) is an installation of the United States Space Force's Space Launch Delta 45, located on Cape Canaveral in Brevard County, Florida."", 'image': {'id': 2200, 'name': 'Cape Canaveral & KSC seen from orbit (STS-43)', 'image_url': 'https://thespacedevs-dev.nyc3.digitaloceanspaces.com/media/images/cape_canaveral__image_20240918151615.jpg', 'thumbnail_url': 'https://thespacedevs-dev.nyc3.digitaloceanspaces.com/media/images/cape_canaveral__image_thumbnail_20240918151616.jpeg', 'credit': 'NASA', 'license': {'id': 4, 'name': 'NASA Image and Media Guidelines', 'priority': 0, 'link': 'https://www.nasa.gov/nasa-brand-center/images-and-media/'}, 'single_use': True, 'variants': []}, 'map_image': 'https://thespacedevs-dev.nyc3.digitaloceanspaces.com/media/map_images/location_12_20200803142519.jpg', 'longitude': -80.577778, 'latitude': 28.488889, 'timezone_name': 'America/New_York', 'total_launch_count': 1124, 'total_landing_count': 76}, 'longitude': -80.5752619, 'latitude': 28.5634384, 'image': {'id': 2695, 'name': 'LZ-40 at SLC-40', 'image_url': 'https://thespacedevs-dev.nyc3.digitaloceanspaces.com/media/images/lz-40_at_slc-40_image_20260213111727.jpg', 'thumbnail_url': 'https://thespacedevs-dev.nyc3.digitaloceanspaces.com/media/images/lz-40_at_slc-40_image_thumbnail_20260213111727.jpeg', 'credit': 'SpaceX', 'license': {'id': 1, 'name': 'Unknown', 'priority': 9, 'link': None}, 'single_use': True, 'variants': []}, 'successful_landings': 4, 'attempted_landings': 4, 'failed_landings': 0, 'celestial_body': {'response_mode': 'normal', 'id': 1, 'name': 'Earth', 'type': {'id': 1, 'name': 'Planet'}, 'diameter': 12742000.0, 'mass': 5.972168e+24, 'gravity': 9.80655, 'length_of_day': '1 00:00:00', 'atmosphere': True, 'image': {'id': 2040, 'name': 'Earth (Apollo 17)', 'image_url': 'https://thespacedevs-dev.nyc3.digitaloceanspaces.com/media/images/earth_2528apol_image_20240402194304.jpeg', 'thumbnail_url': 'https://thespacedevs-dev.nyc3.digitaloceanspaces.com/media/images/earth_2528apol_image_thumbnail_20240402194305.jpeg', 'credit': 'NASA', 'license': {'id': 4, 'name': 'NASA Image and Media Guidelines', 'priority': 0, 'link': 'https://www.nasa.gov/nasa-brand-center/images-and-media/'}, 'single_use': True, 'variants': []}, 'description': 'Earth is the third planet from the Sun and the only astronomical object known to harbor life.', 'wiki_url': 'https://en.wikipedia.org/wiki/Earth'}}","{'id': 2, 'name': 'Return to Launch Site', 'abbrev': 'RTLS', 'description': 'A return to launch site usually means that after stage separation the booster flips and does a burn back towards the launch site, landing near where it initially launched from.'}",,normal,"{'id': 448, 'type': 'Core', 'reused': None, 'launcher_flight_number': None, 'launcher': {'response_mode': 'normal', 'id': 106, 'url': 'https://lldev.thespacedevs.com/2.3.0/launchers/106/', 'flight_proven': False, 'serial_number': 'Unknown F9', 'is_placeholder': True, 'status': {'id': 8, 'name': 'N/A'}, 'image': {'id': 1674, 'name': '[AUTO] Unknown F9 - image', 'image_url': 'https://thespacedevs-dev.nyc3.digitaloceanspaces.com/media/images/106_image_20230708172214.png', 'thumbnail_url': 'https://thespacedevs-dev.nyc3.digitaloceanspaces.com/media/images/255bauto255d__image_thumbnail_20240305193443.png', 'credit': None, 'license': {'id': 1, 'name': 'Unknown', 'priority': 9, 'link': None}, 'single_use': True, 'variants': []}, 'details': 'Booster serial number unknown.', 'successful_landings': None, 'attempted_landings': None, 'flights': None, 'last_launch_date': None, 'first_launch_date': None, 'fastest_turnaround': None}, 'previous_flight_date': None, 'turn_around_time': None, 'previous_flight': None}",,
50,1246,https://lldev.thespacedevs.com/2.3.0/landings/1246/,True,,The Crew Dragon capsule will splash down in the Pacific Ocean.,,"{'id': 18, 'name': 'Pacific Ocean', 'active': True, 'abbrev': 'PAC', 'description': 'Pacific Ocean', 'location': None, 'longitude': None, 'latitude': None, 'image': {'id': 2242, 'name': 'Pacific Ocean from the ISS', 'image_url': 'https://thespacedevs-dev.nyc3.digitaloceanspaces.com/media/images/pacific_ocean_f_image_20240920094534.jpg', 'thumbnail_url': 'https://thespacedevs-dev.nyc3.digitaloceanspaces.com/media/images/pacific_ocean_f_image_thumbnail_20240920094534.jpeg', 'credit': 'NASA', 'license': {'id': 4, 'name': 'NASA Image and Media Guidelines', 'priority': 0, 'link': 'https://www.nasa.gov/nasa-brand-center/images-and-media/'}, 'single_use': True, 'variants': []}, 'successful_landings': 53, 'attempted_landings': 55, 'failed_landings': 2, 'celestial_body': {'response_mode': 'normal', 'id': 1, 'name': 'Earth', 'type': {'id': 1, 'name': 'Planet'}, 'diameter': 12742000.0, 'mass': 5.972168e+24, 'gravity': 9.80655, 'length_of_day': '1 00:00:00', 'atmosphere': True, 'image': {'id': 2040, 'name': 'Earth (Apollo 17)', 'image_url': 'https://thespacedevs-dev.nyc3.digitaloceanspaces.com/media/images/earth_2528apol_image_20240402194304.jpeg', 'thumbnail_url': 'https://thespacedevs-dev.nyc3.digitaloceanspaces.com/media/images/earth_2528apol_image_thumbnail_20240402194305.jpeg', 'credit': 'NASA', 'license': {'id': 4, 'name': 'NASA Image and Media Guidelines', 'priority': 0, 'link': 'https://www.nasa.gov/nasa-brand-center/images-and-media/'}, 'single_use': True, 'variants': []}, 'description': 'Earth is the third planet from the Sun and the only astronomical object known to harbor life.', 'wiki_url': 'https://en.wikipedia.org/wiki/Earth'}}","{'id': 4, 'name': 'Parachute Landing', 'abbrev': 'PCL', 'description': 'Unpowered landing using parachute(s).'}",,normal,,"{'id': 818, 'url': 'https://lldev.thespacedevs.com/2.3.0/spacecraft_flights/818/', 'destination': 'International Space Station', 'mission_end': None, 'spacecraft': {'response_mode': 'normal', 'id': 452, 'url': 'https://lldev.thespacedevs.com/2.3.0/spacecraft/452/', 'name': 'Crew Dragon', 'serial_number': 'TBD', 'is_placeholder': True, 'image': {'id': 1181, 'name': 'Crew Dragon docking', 'image_url': 'https://thespacedevs-dev.nyc3.digitaloceanspaces.com/media/images/spacex_dm-2_cre_image_20200504065311.jpeg', 'thumbnail_url': 'https://thespacedevs-dev.nyc3.digitaloceanspaces.com/media/images/255bauto255d__image_thumbnail_20240305191923.jpeg', 'credit': 'NASA', 'license': {'id': 4, 'name': 'NASA Image and Media Guidelines', 'priority': 0, 'link': 'https://www.nasa.gov/nasa-brand-center/images-and-media/'}, 'single_use': False, 'variants': []}, 'in_space': False, 'time_in_space': 'P0D', 'time_docked': 'P0D', 'flights_count': 0, 'mission_ends_count': 0, 'status': {'id': 1, 'name': 'Active'}, 'description': 'The specific spacecraft for this launch is currently unknown.', 'spacecraft_config': {'response_mode': 'normal', 'id': 6, 'url': 'https://lldev.thespacedevs.com/2.3.0/spacecraft_configurations/6/', 'name': 'Crew Dragon 2', 'type': {'id': 2, 'name': 'Capsule'}, 'agency': {'response_mode': 'list', 'id': 121, 'url': 'https://lldev.thespacedevs.com/2.3.0/agencies/121/', 'name': 'SpaceX', 'abbrev': 'SpX', 'type': {'id': 3, 'name': 'Commercial'}}, 'family': [{'response_mode': 'normal', 'id': 6, 'name': 'Dragon', 'description': 'Dragon is a family of spacecraft developed and produced by American private space transportation company SpaceX.', 'manufacturer': {'response_mode': 'list', 'id': 121, 'url': 'https://lldev.thespacedevs.com/2.3.0/agencies/121/', 'name': 'SpaceX', 'abbrev': 'SpX', 'type': {'id': 3, 'name': 'Commercial'}}, 'parent': None, 'maiden_flight': '2010-12-08'}, {'response_mode': 'normal', 'id': 7, 'name': 'Dragon 2', 'description': 'Dragon 2 is a family of spacecraft developed and produced by American private space transportation company SpaceX. It was redesigned for human spaceflight, and is capable of docking to the ISS.', 'manufacturer': {'response_mode': 'list', 'id': 121, 'url': 'https://lldev.thespacedevs.com/2.3.0/agencies/121/', 'name': 'SpaceX', 'abbrev': 'SpX', 'type': {'id': 3, 'name': 'Commercial'}}, 'parent': {'response_mode': 'list', 'id': 6, 'name': 'Dragon'}, 'maiden_flight': '2019-03-02'}], 'in_use': True, 'image': {'id': 1181, 'name': 'Crew Dragon docking', 'image_url': 'https://thespacedevs-dev.nyc3.digitaloceanspaces.com/media/images/spacex_dm-2_cre_image_20200504065311.jpeg', 'thumbnail_url': 'https://thespacedevs-dev.nyc3.digitaloceanspaces.com/media/images/255bauto255d__image_thumbnail_20240305191923.jpeg', 'credit': 'NASA', 'license': {'id': 4, 'name': 'NASA Image and Media Guidelines', 'priority': 0, 'link': 'https://www.nasa.gov/nasa-brand-center/images-and-media/'}, 'single_use': False, 'variants': []}}, 'fastest_turnaround': None}, 'launch': {'id': 'de3d5d91-f115-4a86-b923-203a91a08735', 'url': 'https://lldev.thespacedevs.com/2.3.0/launches/de3d5d91-f115-4a86-b923-203a91a08735/', 'name': 'Falcon 9 Block 5 | Axiom Space Mission 5', 'response_mode': 'normal', 'slug': 'falcon-9-block-5-axiom-space-mission-5', 'launch_designator': None, 'status': {'id': 2, 'name': 'To Be Determined', 'abbrev': 'TBD', 'description': 'Current date is a placeholder or rough estimation based on unreliable or interpreted sources.'}, 'last_updated': '2026-01-30T23:49:40Z', 'net': '2027-01-31T00:00:00Z', 'net_precision': {'id': 7, 'name': 'Month', 'abbrev': 'M', 'description': 'The T-0 is expected in the given month.'}, 'window_end': '2027-01-31T00:00:00Z', 'window_start': '2027-01-31T00:00:00Z', 'image': {'id': 1360, 'name': 'Crew Dragon at sunrise', 'image_url': 'https://thespacedevs-dev.nyc3.digitaloceanspaces.com/media/images/falcon2520925_image_20210525170218.jpeg', 'thumbnail_url': 'https://thespacedevs-dev.nyc3.digitaloceanspaces.com/media/images/255bauto255d__image_thumbnail_20240305192522.jpeg', 'credit': 'SpaceX', 'license': {'id': 5, 'name': 'CC BY-NC 2.0', 'priority': 1, 'link': 'https://creativecommons.org/licenses/by-nc/2.0/'}, 'single_use': False, 'variants': []}, 'infographic': None, 'probability': None, 'weather_concerns': None, 'failreason': '', 'hashtag': None, 'launch_service_provider': {'response_mode': 'list', 'id': 121, 'url': 'https://lldev.thespacedevs.com/2.3.0/agencies/121/', 'name': 'SpaceX', 'abbrev': 'SpX', 'type': {'id': 3, 'name': 'Commercial'}}, 'rocket': {'id': 8033, 'configuration': {'response_mode': 'list', 'id': 164, 'url': 'https://lldev.thespacedevs.com/2.3.0/launcher_configurations/164/', 'name': 'Falcon 9', 'families': [{'response_mode': 'list', 'id': 1, 'name': 'Falcon'}, {'response_mode': 'list', 'id': 176, 'name': 'Falcon 9'}], 'full_name': 'Falcon 9 Block 5', 'variant': 'Block 5'}}, 'mission': {'id': 6565, 'name': 'Axiom Space Mission 5', 'type': 'Tourism', 'description': 'This is a Crew Dragon flight for a private company Axiom Space. The mission will carry a professionally trained commander alongside three private astronauts to and from the International Space Station for a month.', 'image': None, 'orbit': {'id': 8, 'name': 'Low Earth Orbit', 'abbrev': 'LEO', 'celestial_body': {'response_mode': 'list', 'id': 1, 'name': 'Earth'}}, 'agencies': [], 'info_urls': [], 'vid_urls': []}, 'pad': {'id': 80, 'url': 'https://lldev.thespacedevs.com/2.3.0/pads/80/', 'active': True, 'agencies': [{'response_mode': 'normal', 'id': 121, 'url': 'https://lldev.thespacedevs.com/2.3.0/agencies/121/', 'name': 'SpaceX', 'abbrev': 'SpX', 'type': {'id': 3, 'name': 'Commercial'}, 'featured': True, 'country': [{'id': 2, 'name': 'United States of America', 'alpha_2_code': 'US', 'alpha_3_code': 'USA', 'nationality_name': 'American', 'nationality_name_composed': 'Americano'}], 'description': 'Space Exploration Technologies Corp., known as SpaceX, is an American aerospace manufacturer and space transport services company headquartered in Hawthorne, California. It was founded in 2002 by entrepreneur Elon Musk with the goal of reducing space transportation costs and enabling the colonization of Mars. SpaceX operates from many pads, on the East Coast of the US they operate from SLC-40 at Cape Canaveral Space Force Station and historic LC-39A at Kennedy Space Center. They also operate from SLC-4E at Vandenberg Space Force Base, California, usually for polar launches. Another launch site is being developed at Boca Chica, Texas.', 'administrator': 'CEO: Elon Musk', 'founding_year': 2002, 'launchers': 'Falcon | Starship', 'spacecraft': 'Dragon', 'parent': None, 'image': {'id': 1736, 'name': 'Falcon 9 liftoff from LC-39A', 'image_url': 'https://thespacedevs-dev.nyc3.digitaloceanspaces.com/media/images/falcon_9_image_20230807133459.jpeg', 'thumbnail_url': 'https://thespacedevs-dev.nyc3.digitaloceanspaces.com/media/images/255bauto255d__image_thumbnail_20240305193628.jpeg', 'credit': 'SpaceX', 'license': {'id': 5, 'name': 'CC BY-NC 2.0', 'priority': 1, 'link': 'https://creativecommons.org/licenses/by-nc/2.0/'}, 'single_use': False, 'variants': []}, 'logo': {'id': 186, 'name': 'SpaceX logo', 'image_url': 'https://thespacedevs-dev.nyc3.digitaloceanspaces.com/media/images/spacex_logo_20220826094919.png', 'thumbnail_url': 'https://thespacedevs-dev.nyc3.digitaloceanspaces.com/media/images/255bauto255d__image_thumbnail_20240305185138.png', 'credit': 'SpaceX', 'license': {'id': 5, 'name': 'CC BY-NC 2.0', 'priority': 1, 'link': 'https://creativecommons.org/licenses/by-nc/2.0/'}, 'single_use': True, 'variants': []}, 'social_logo': {'id': 94, 'name': 'SpaceX social logo', 'image_url': 'https://thespacedevs-dev.nyc3.digitaloceanspaces.com/media/images/spacex_social_l_image_20260407054626.jpg', 'thumbnail_url': 'https://thespacedevs-dev.nyc3.digitaloceanspaces.com/media/images/spacex_social_l_image_thumbnail_20260407054626.jpeg', 'credit': 'SpaceX', 'license': {'id': 5, 'name': 'CC BY-NC 2.0', 'priority': 1, 'link': 'https://creativecommons.org/licenses/by-nc/2.0/'}, 'single_use': True, 'variants': []}}], 'name': 'Space Launch Complex 40', 'image': {'id': 2113, 'name': 'F9 liftoff from SLC-40 (SES-24)', 'image_url': 'https://thespacedevs-dev.nyc3.digitaloceanspaces.com/media/images/f9_liftoff_from_image_20240621050513.jpeg', 'thumbnail_url': 'https://thespacedevs-dev.nyc3.digitaloceanspaces.com/media/images/f9_liftoff_from_image_thumbnail_20240621050514.jpeg', 'credit': 'SpaceX', 'license': {'id': 5, 'name': 'CC BY-NC 2.0', 'priority': 1, 'link': 'https://creativecommons.org/licenses/by-nc/2.0/'}, 'single_use': False, 'variants': []}, 'description': '', 'info_url': None, 'wiki_url': 'https://en.wikipedia.org/wiki/Cape_Canaveral_Air_Force_Station_Space_Launch_Complex_40', 'map_url': 'https://www.google.com/maps?q=28.56194122,-80.57735736', 'latitude': 28.56194122, 'longitude': -80.57735736, 'country': {'id': 2, 'name': 'United States of America', 'alpha_2_code': 'US', 'alpha_3_code': 'USA', 'nationality_name': 'American', 'nationality_name_composed': 'Americano'}, 'map_image': 'https://thespacedevs-dev.nyc3.digitaloceanspaces.com/media/map_images/pad_80_20200803143323.jpg', 'total_launch_count': 396, 'orbital_launch_attempt_count': 396, 'fastest_turnaround': 'P1DT21H', 'location': {'response_mode': 'normal', 'id': 12, 'url': 'https://lldev.thespacedevs.com/2.3.0/locations/12/', 'name': 'Cape Canaveral SFS, FL, USA', 'celestial_body': {'response_mode': 'normal', 'id': 1, 'name': 'Earth', 'type': {'id': 1, 'name': 'Planet'}, 'diameter': 12742000.0, 'mass': 5.972168e+24, 'gravity': 9.80655, 'length_of_day': '1 00:00:00', 'atmosphere': True, 'image': {'id': 2040, 'name': 'Earth (Apollo 17)', 'image_url': 'https://thespacedevs-dev.nyc3.digitaloceanspaces.com/media/images/earth_2528apol_image_20240402194304.jpeg', 'thumbnail_url': 'https://thespacedevs-dev.nyc3.digitaloceanspaces.com/media/images/earth_2528apol_image_thumbnail_20240402194305.jpeg', 'credit': 'NASA', 'license': {'id': 4, 'name': 'NASA Image and Media Guidelines', 'priority': 0, 'link': 'https://www.nasa.gov/nasa-brand-center/images-and-media/'}, 'single_use': True, 'variants': []}, 'description': 'Earth is the third planet from the Sun and the only astronomical object known to harbor life.', 'wiki_url': 'https://en.wikipedia.org/wiki/Earth', 'total_attempted_launches': 7584, 'successful_launches': 7028, 'failed_launches': 556, 'total_attempted_landings': 1351, 'successful_landings': 1302, 'failed_landings': 49}, 'active': True, 'country': {'id': 2, 'name': 'United States of America', 'alpha_2_code': 'US', 'alpha_3_code': 'USA', 'nationality_name': 'American', 'nationality_name_composed': 'Americano'}, 'description': ""Cape Canaveral Space Force Station (CCSFS) is an installation of the United States Space Force's Space Launch Delta 45, located on Cape Canaveral in Brevard County, Florida."", 'image': {'id': 2200, 'name': 'Cape Canaveral & KSC seen from orbit (STS-43)', 'image_url': 'https://thespacedevs-dev.nyc3.digitaloceanspaces.com/media/images/cape_canaveral__image_20240918151615.jpg', 'thumbnail_url': 'https://thespacedevs-dev.nyc3.digitaloceanspaces.com/media/images/cape_canaveral__image_thumbnail_20240918151616.jpeg', 'credit': 'NASA', 'license': {'id': 4, 'name': 'NASA Image and Media Guidelines', 'priority': 0, 'link': 'https://www.nasa.gov/nasa-brand-center/images-and-media/'}, 'single_use': True, 'variants': []}, 'map_image': 'https://thespacedevs-dev.nyc3.digitaloceanspaces.com/media/map_images/location_12_20200803142519.jpg', 'longitude': -80.577778, 'latitude': 28.488889, 'timezone_name': 'America/New_York', 'total_launch_count': 1124, 'total_landing_count': 76}}, 'webcast_live': False, 'program': [{'response_mode': 'normal', 'id': 32, 'url': 'https://lldev.thespacedevs.com/2.3.0/programs/32/', 'name': 'Axiom Private Spaceflight', 'image': {'id': 1899, 'name': 'Crew Dragon at sunrise with Axiom logo', 'image_url': 'https://thespacedevs-dev.nyc3.digitaloceanspaces.com/media/images/axiom2520priva_program_20231231100427.jpeg', 'thumbnail_url': 'https://thespacedevs-dev.nyc3.digitaloceanspaces.com/media/images/255bauto255d__image_thumbnail_20240305194101.jpeg', 'credit': 'Axiom Space', 'license': {'id': 6, 'name': 'Axiom Space Licence', 'priority': 2, 'link': 'https://www.axiomspace.com/terms-and-conditions'}, 'single_use': True, 'variants': []}, 'info_url': 'https://www.axiomspace.com/missions/', 'wiki_url': 'https://en.wikipedia.org/wiki/Axiom_Space#Missions', 'description': 'Axiom Space provides human spaceflight missions to the International Space Station. \r\nThe company sent its first commercial astronauts into orbit in 2022. It also plans human spaceflight for government-funded and commercial astronauts engaging in in-space research, in-space manufacturing, and space exploration.', 'agencies': [{'response_mode': 'list', 'id': 1022, 'url': 'https://lldev.thespacedevs.com/2.3.0/agencies/1022/', 'name': 'Axiom Space', 'abbrev': 'AXS', 'type': {'id': 5, 'name': 'Private'}}], 'start_date': '2022-04-08T00:00:00Z', 'end_date': None, 'mission_patches': [{'id': 778, 'name': 'Axiom Mission 2 Patch', 'priority': 10, 'image_url': 'https://thespacedevs-dev.nyc3.digitaloceanspaces.com/media/mission_patch_images/axiom2520missi_mission_patch_20230522161438.png', 'agency': {'response_mode': 'list', 'id': 1022, 'url': 'https://lldev.thespacedevs.com/2.3.0/agencies/1022/', 'name': 'Axiom Space', 'abbrev': 'AXS', 'type': {'id': 5, 'name': 'Private'}}, 'response_mode': 'normal'}, {'id': 605, 'name': 'Ax-1 Patch', 'priority': 10, 'image_url': 'https://thespacedevs-dev.nyc3.digitaloceanspaces.com/media/mission_patch_images/ax-12520patch_mission_patch_20220401172359.png', 'agency': {'response_mode': 'list', 'id': 1022, 'url': 'https://lldev.thespacedevs.com/2.3.0/agencies/1022/', 'name': 'Axiom Space', 'abbrev': 'AXS', 'type': {'id': 5, 'name': 'Private'}}, 'response_mode': 'normal'}, {'id': 901, 'name': 'Ax-3 Patch', 'priority': 10, 'image_url': 'https://thespacedevs-dev.nyc3.digitaloceanspaces.com/media/mission_patch_images/ax-32520patch_mission_patch_20231019065301.png', 'agency': {'response_mode': 'list', 'id': 1022, 'url': 'https://lldev.thespacedevs.com/2.3.0/agencies/1022/', 'name': 'Axiom Space', 'abbrev': 'AXS', 'type': {'id': 5, 'name': 'Private'}}, 'response_mode': 'normal'}], 'type': {'id': 2, 'name': 'Human Spaceflight'}}], 'orbital_launch_attempt_count': 7518, 'location_launch_attempt_count': 1171, 'pad_launch_attempt_count': 403, 'agency_launch_attempt_count': 769, 'orbital_launch_attempt_count_year': 3, 'location_launch_attempt_count_year': 2, 'pad_launch_attempt_count_year': 1, 'agency_launch_attempt_count_year': 3}, 'duration': None, 'turn_around_time': None, 'response_mode': 'normal'}",
51,1247,https://lldev.thespacedevs.com/2.3.0/landings/1247/,True,,The Falcon 9 first stage will land on ASDS OCISLY after this flight.,,"{'id': 1, 'name': 'Of Course I Still Love You', 'active': True, 'abbrev': 'OCISLY', 'description': 'The second ASDS barge, Of Course I Still Love You (OCISLY) services launches in the Pacific Ocean and was the site of the first landing of a SpaceX Falcon 9 first stage during CRS-8, the launch of a Dragon spacecraft to the International Space Station.', 'location': None, 'longitude': None, 'latitude': None, 'image': {'id': 1969, 'name': 'OCISLY empty', 'image_url': 'https://thespacedevs-dev.nyc3.digitaloceanspaces.com/media/images/ocisly_empty_image_20240310164323.png', 'thumbnail_url': 'https://thespacedevs-dev.nyc3.digitaloceanspaces.com/media/images/ocisly_empty_image_thumbnail_20240310164323.png', 'credit': 'SpaceX', 'license': {'id': 5, 'name': 'CC BY-NC 2.0', 'priority': 1, 'link': 'https://creativecommons.org/licenses/by-nc/2.0/'}, 'single_use': True, 'variants': []}, 'successful_landings': 217, 'attempted_landings': 225, 'failed_landings': 8, 'celestial_body': {'response_mode': 'normal', 'id': 1, 'name': 'Earth', 'type': {'id': 1, 'name': 'Planet'}, 'diameter': 12742000.0, 'mass': 5.972168e+24, 'gravity': 9.80655, 'length_of_day': '1 00:00:00', 'atmosphere': True, 'image': {'id': 2040, 'name': 'Earth (Apollo 17)', 'image_url': 'https://thespacedevs-dev.nyc3.digitaloceanspaces.com/media/images/earth_2528apol_image_20240402194304.jpeg', 'thumbnail_url': 'https://thespacedevs-dev.nyc3.digitaloceanspaces.com/media/images/earth_2528apol_image_thumbnail_20240402194305.jpeg', 'credit': 'NASA', 'license': {'id': 4, 'name': 'NASA Image and Media Guidelines', 'priority': 0, 'link': 'https://www.nasa.gov/nasa-brand-center/images-and-media/'}, 'single_use': True, 'variants': []}, 'description': 'Earth is the third planet from the Sun and the only astronomical object known to harbor life.', 'wiki_url': 'https://en.wikipedia.org/wiki/Earth'}}","{'id': 1, 'name': 'Autonomous Spaceport Drone Ship', 'abbrev': 'ASDS', 'description': 'An autonomous spaceport drone ship (ASDS) is an ocean-going vessel derived from a deck barge, outfitted with station-keeping engines and a large landing platform. Construction of such ships was commissioned by aerospace company SpaceX to allow for recovery of rocket first-stages at sea for high-velocity missions which do not carry enough fuel to return to the launch site after lofting spacecraft onto an orbital trajectory.'}",,normal,"{'id': 449, 'type': 'Core', 'reused': None, 'launcher_flight_number': None, 'launcher': {'response_mode': 'normal', 'id': 106, 'url': 'https://lldev.thespacedevs.com/2.3.0/launchers/106/', 'flight_proven': False, 'serial_number': 'Unknown F9', 'is_placeholder': True, 'status': {'id': 8, 'name': 'N/A'}, 'image': {'id': 1674, 'name': '[AUTO] Unknown F9 - image', 'image_url': 'https://thespacedevs-dev.nyc3.digitaloceanspaces.com/media/images/106_image_20230708172214.png', 'thumbnail_url': 'https://thespacedevs-dev.nyc3.digitaloceanspaces.com/media/images/255bauto255d__image_thumbnail_20240305193443.png', 'credit': None, 'license': {'id': 1, 'name': 'Unknown', 'priority': 9, 'link': None}, 'single_use': True, 'variants': []}, 'details': 'Booster serial number unknown.', 'successful_landings': None, 'attempted_landings': None, 'flights': None, 'last_launch_date': None, 'first_launch_date': None, 'fastest_turnaround': None}, 'previous_flight_date': None, 'turn_around_time': None, 'previous_flight': None}",,
52,1248,https://lldev.thespacedevs.com/2.3.0/landings/1248/,True,,The Falcon 9 first stage will land on ASDS OCISLY after this flight.,,"{'id': 1, 'name': 'Of Course I Still Love You', 'active': True, 'abbrev': 'OCISLY', 'description': 'The second ASDS barge, Of Course I Still Love You (OCISLY) services launches in the Pacific Ocean and was the site of the first landing of a SpaceX Falcon 9 first stage during CRS-8, the launch of a Dragon spacecraft to the International Space Station.', 'location': None, 'longitude': None, 'latitude': None, 'image': {'id': 1969, 'name': 'OCISLY empty', 'image_url': 'https://thespacedevs-dev.nyc3.digitaloceanspaces.com/media/images/ocisly_empty_image_20240310164323.png', 'thumbnail_url': 'https://thespacedevs-dev.nyc3.digitaloceanspaces.com/media/images/ocisly_empty_image_thumbnail_20240310164323.png', 'credit': 'SpaceX', 'license': {'id': 5, 'name': 'CC BY-NC 2.0', 'priority': 1, 'link': 'https://creativecommons.org/licenses/by-nc/2.0/'}, 'single_use': True, 'variants': []}, 'successful_landings': 217, 'attempted_landings': 225, 'failed_landings': 8, 'celestial_body': {'response_mode': 'normal', 'id': 1, 'name': 'Earth', 'type': {'id': 1, 'name': 'Planet'}, 'diameter': 12742000.0, 'mass': 5.972168e+24, 'gravity': 9.80655, 'length_of_day': '1 00:00:00', 'atmosphere': True, 'image': {'id': 2040, 'name': 'Earth (Apollo 17)', 'image_url': 'https://thespacedevs-dev.nyc3.digitaloceanspaces.com/media/images/earth_2528apol_image_20240402194304.jpeg', 'thumbnail_url': 'https://thespacedevs-dev.nyc3.digitaloceanspaces.com/media/images/earth_2528apol_image_thumbnail_20240402194305.jpeg', 'credit': 'NASA', 'license': {'id': 4, 'name': 'NASA Image and Media Guidelines', 'priority': 0, 'link': 'https://www.nasa.gov/nasa-brand-center/images-and-media/'}, 'single_use': True, 'variants': []}, 'description': 'Earth is the third planet from the Sun and the only astronomical object known to harbor life.', 'wiki_url': 'https://en.wikipedia.org/wiki/Earth'}}","{'id': 1, 'name': 'Autonomous Spaceport Drone Ship', 'abbrev': 'ASDS', 'description': 'An autonomous spaceport drone ship (ASDS) is an ocean-going vessel derived from a deck barge, outfitted with station-keeping engines and a large landing platform. Construction of such ships was commissioned by aerospace company SpaceX to allow for recovery of rocket first-stages at sea for high-velocity missions which do not carry enough fuel to return to the launch site after lofting spacecraft onto an orbital trajectory.'}",,normal,"{'id': 450, 'type': 'Core', 'reused': None, 'launcher_flight_number': None, 'launcher': {'response_mode': 'normal', 'id': 106, 'url': 'https://lldev.thespacedevs.com/2.3.0/launchers/106/', 'flight_proven': False, 'serial_number': 'Unknown F9', 'is_placeholder': True, 'status': {'id': 8, 'name': 'N/A'}, 'image': {'id': 1674, 'name': '[AUTO] Unknown F9 - image', 'image_url': 'https://thespacedevs-dev.nyc3.digitaloceanspaces.com/media/images/106_image_20230708172214.png', 'thumbnail_url': 'https://thespacedevs-dev.nyc3.digitaloceanspaces.com/media/images/255bauto255d__image_thumbnail_20240305193443.png', 'credit': None, 'license': {'id': 1, 'name': 'Unknown', 'priority': 9, 'link': None}, 'single_use': True, 'variants': []}, 'details': 'Booster serial number unknown.', 'successful_landings': None, 'attempted_landings': None, 'flights': None, 'last_launch_date': None, 'first_launch_date': None, 'fastest_turnaround': None}, 'previous_flight_date': None, 'turn_around_time': None, 'previous_flight': None}",,
53,1249,https://lldev.thespacedevs.com/2.3.0/landings/1249/,True,,The Falcon 9 first stage will land on ASDS OCISLY after this flight.,,"{'id': 1, 'name': 'Of Course I Still Love You', 'active': True, 'abbrev': 'OCISLY', 'description': 'The second ASDS barge, Of Course I Still Love You (OCISLY) services launches in the Pacific Ocean and was the site of the first landing of a SpaceX Falcon 9 first stage during CRS-8, the launch of a Dragon spacecraft to the International Space Station.', 'location': None, 'longitude': None, 'latitude': None, 'image': {'id': 1969, 'name': 'OCISLY empty', 'image_url': 'https://thespacedevs-dev.nyc3.digitaloceanspaces.com/media/images/ocisly_empty_image_20240310164323.png', 'thumbnail_url': 'https://thespacedevs-dev.nyc3.digitaloceanspaces.com/media/images/ocisly_empty_image_thumbnail_20240310164323.png', 'credit': 'SpaceX', 'license': {'id': 5, 'name': 'CC BY-NC 2.0', 'priority': 1, 'link': 'https://creativecommons.org/licenses/by-nc/2.0/'}, 'single_use': True, 'variants': []}, 'successful_landings': 217, 'attempted_landings': 225, 'failed_landings': 8, 'celestial_body': {'response_mode': 'normal', 'id': 1, 'name': 'Earth', 'type': {'id': 1, 'name': 'Planet'}, 'diameter': 12742000.0, 'mass': 5.972168e+24, 'gravity': 9.80655, 'length_of_day': '1 00:00:00', 'atmosphere': True, 'image': {'id': 2040, 'name': 'Earth (Apollo 17)', 'image_url': 'https://thespacedevs-dev.nyc3.digitaloceanspaces.com/media/images/earth_2528apol_image_20240402194304.jpeg', 'thumbnail_url': 'https://thespacedevs-dev.nyc3.digitaloceanspaces.com/media/images/earth_2528apol_image_thumbnail_20240402194305.jpeg', 'credit': 'NASA', 'license': {'id': 4, 'name': 'NASA Image and Media Guidelines', 'priority': 0, 'link': 'https://www.nasa.gov/nasa-brand-center/images-and-media/'}, 'single_use': True, 'variants': []}, 'description': 'Earth is the third planet from the Sun and the only astronomical object known to harbor life.', 'wiki_url': 'https://en.wikipedia.org/wiki/Earth'}}","{'id': 1, 'name': 'Autonomous Spaceport Drone Ship', 'abbrev': 'ASDS', 'description': 'An autonomous spaceport drone ship (ASDS) is an ocean-going vessel derived from a deck barge, outfitted with station-keeping engines and a large landing platform. Construction of such ships was commissioned by aerospace company SpaceX to allow for recovery of rocket first-stages at sea for high-velocity missions which do not carry enough fuel to return to the launch site after lofting spacecraft onto an orbital trajectory.'}",,normal,"{'id': 451, 'type': 'Core', 'reused': None, 'launcher_flight_number': None, 'launcher': {'response_mode': 'normal', 'id': 106, 'url': 'https://lldev.thespacedevs.com/2.3.0/launchers/106/', 'flight_proven': False, 'serial_number': 'Unknown F9', 'is_placeholder': True, 'status': {'id': 8, 'name': 'N/A'}, 'image': {'id': 1674, 'name': '[AUTO] Unknown F9 - image', 'image_url': 'https://thespacedevs-dev.nyc3.digitaloceanspaces.com/media/images/106_image_20230708172214.png', 'thumbnail_url': 'https://thespacedevs-dev.nyc3.digitaloceanspaces.com/media/images/255bauto255d__image_thumbnail_20240305193443.png', 'credit': None, 'license': {'id': 1, 'name': 'Unknown', 'priority': 9, 'link': None}, 'single_use': True, 'variants': []}, 'details': 'Booster serial number unknown.', 'successful_landings': None, 'attempted_landings': None, 'flights': None, 'last_launch_date': None, 'first_launch_date': None, 'fastest_turnaround': None}, 'previous_flight_date': None, 'turn_around_time': None, 'previous_flight': None}",,
54,1250,https://lldev.thespacedevs.com/2.3.0/landings/1250/,True,,The Falcon 9 first stage will land on ASDS OCISLY after this flight.,,"{'id': 1, 'name': 'Of Course I Still Love You', 'active': True, 'abbrev': 'OCISLY', 'description': 'The second ASDS barge, Of Course I Still Love You (OCISLY) services launches in the Pacific Ocean and was the site of the first landing of a SpaceX Falcon 9 first stage during CRS-8, the launch of a Dragon spacecraft to the International Space Station.', 'location': None, 'longitude': None, 'latitude': None, 'image': {'id': 1969, 'name': 'OCISLY empty', 'image_url': 'https://thespacedevs-dev.nyc3.digitaloceanspaces.com/media/images/ocisly_empty_image_20240310164323.png', 'thumbnail_url': 'https://thespacedevs-dev.nyc3.digitaloceanspaces.com/media/images/ocisly_empty_image_thumbnail_20240310164323.png', 'credit': 'SpaceX', 'license': {'id': 5, 'name': 'CC BY-NC 2.0', 'priority': 1, 'link': 'https://creativecommons.org/licenses/by-nc/2.0/'}, 'single_use': True, 'variants': []}, 'successful_landings': 217, 'attempted_landings': 225, 'failed_landings': 8, 'celestial_body': {'response_mode': 'normal', 'id': 1, 'name': 'Earth', 'type': {'id': 1, 'name': 'Planet'}, 'diameter': 12742000.0, 'mass': 5.972168e+24, 'gravity': 9.80655, 'length_of_day': '1 00:00:00', 'atmosphere': True, 'image': {'id': 2040, 'name': 'Earth (Apollo 17)', 'image_url': 'https://thespacedevs-dev.nyc3.digitaloceanspaces.com/media/images/earth_2528apol_image_20240402194304.jpeg', 'thumbnail_url': 'https://thespacedevs-dev.nyc3.digitaloceanspaces.com/media/images/earth_2528apol_image_thumbnail_20240402194305.jpeg', 'credit': 'NASA', 'license': {'id': 4, 'name': 'NASA Image and Media Guidelines', 'priority': 0, 'link': 'https://www.nasa.gov/nasa-brand-center/images-and-media/'}, 'single_use': True, 'variants': []}, 'description': 'Earth is the third planet from the Sun and the only astronomical object known to harbor life.', 'wiki_url': 'https://en.wikipedia.org/wiki/Earth'}}","{'id': 1, 'name': 'Autonomous Spaceport Drone Ship', 'abbrev': 'ASDS', 'description': 'An autonomous spaceport drone ship (ASDS) is an ocean-going vessel derived from a deck barge, outfitted with station-keeping engines and a large landing platform. Construction of such ships was commissioned by aerospace company SpaceX to allow for recovery of rocket first-stages at sea for high-velocity missions which do not carry enough fuel to return to the launch site after lofting spacecraft onto an orbital trajectory.'}",,normal,"{'id': 452, 'type': 'Core', 'reused': None, 'launcher_flight_number': None, 'launcher': {'response_mode': 'normal', 'id': 106, 'url': 'https://lldev.thespacedevs.com/2.3.0/launchers/106/', 'flight_proven': False, 'serial_number': 'Unknown F9', 'is_placeholder': True, 'status': {'id': 8, 'name': 'N/A'}, 'image': {'id': 1674, 'name': '[AUTO] Unknown F9 - image', 'image_url': 'https://thespacedevs-dev.nyc3.digitaloceanspaces.com/media/images/106_image_20230708172214.png', 'thumbnail_url': 'https://thespacedevs-dev.nyc3.digitaloceanspaces.com/media/images/255bauto255d__image_thumbnail_20240305193443.png', 'credit': None, 'license': {'id': 1, 'name': 'Unknown', 'priority': 9, 'link': None}, 'single_use': True, 'variants': []}, 'details': 'Booster serial number unknown.', 'successful_landings': None, 'attempted_landings': None, 'flights': None, 'last_launch_date': None, 'first_launch_date': None, 'fastest_turnaround': None}, 'previous_flight_date': None, 'turn_around_time': None, 'previous_flight': None}",,
55,1251,https://lldev.thespacedevs.com/2.3.0/landings/1251/,True,,The Falcon 9 first stage will land on ASDS OCISLY after this flight.,,"{'id': 1, 'name': 'Of Course I Still Love You', 'active': True, 'abbrev': 'OCISLY', 'description': 'The second ASDS barge, Of Course I Still Love You (OCISLY) services launches in the Pacific Ocean and was the site of the first landing of a SpaceX Falcon 9 first stage during CRS-8, the launch of a Dragon spacecraft to the International Space Station.', 'location': None, 'longitude': None, 'latitude': None, 'image': {'id': 1969, 'name': 'OCISLY empty', 'image_url': 'https://thespacedevs-dev.nyc3.digitaloceanspaces.com/media/images/ocisly_empty_image_20240310164323.png', 'thumbnail_url': 'https://thespacedevs-dev.nyc3.digitaloceanspaces.com/media/images/ocisly_empty_image_thumbnail_20240310164323.png', 'credit': 'SpaceX', 'license': {'id': 5, 'name': 'CC BY-NC 2.0', 'priority': 1, 'link': 'https://creativecommons.org/licenses/by-nc/2.0/'}, 'single_use': True, 'variants': []}, 'successful_landings': 217, 'attempted_landings': 225, 'failed_landings': 8, 'celestial_body': {'response_mode': 'normal', 'id': 1, 'name': 'Earth', 'type': {'id': 1, 'name': 'Planet'}, 'diameter': 12742000.0, 'mass': 5.972168e+24, 'gravity': 9.80655, 'length_of_day': '1 00:00:00', 'atmosphere': True, 'image': {'id': 2040, 'name': 'Earth (Apollo 17)', 'image_url': 'https://thespacedevs-dev.nyc3.digitaloceanspaces.com/media/images/earth_2528apol_image_20240402194304.jpeg', 'thumbnail_url': 'https://thespacedevs-dev.nyc3.digitaloceanspaces.com/media/images/earth_2528apol_image_thumbnail_20240402194305.jpeg', 'credit': 'NASA', 'license': {'id': 4, 'name': 'NASA Image and Media Guidelines', 'priority': 0, 'link': 'https://www.nasa.gov/nasa-brand-center/images-and-media/'}, 'single_use': True, 'variants': []}, 'description': 'Earth is the third planet from the Sun and the only astronomical object known to harbor life.', 'wiki_url': 'https://en.wikipedia.org/wiki/Earth'}}","{'id': 1, 'name': 'Autonomous Spaceport Drone Ship', 'abbrev': 'ASDS', 'description': 'An autonomous spaceport drone ship (ASDS) is an ocean-going vessel derived from a deck barge, outfitted with station-keeping engines and a large landing platform. Construction of such ships was commissioned by aerospace company SpaceX to allow for recovery of rocket first-stages at sea for high-velocity missions which do not carry enough fuel to return to the launch site after lofting spacecraft onto an orbital trajectory.'}",,normal,"{'id': 453, 'type': 'Core', 'reused': None, 'launcher_flight_number': None, 'launcher': {'response_mode': 'normal', 'id': 106, 'url': 'https://lldev.thespacedevs.com/2.3.0/launchers/106/', 'flight_proven': False, 'serial_number': 'Unknown F9', 'is_placeholder': True, 'status': {'id': 8, 'name': 'N/A'}, 'image': {'id': 1674, 'name': '[AUTO] Unknown F9 - image', 'image_url': 'https://thespacedevs-dev.nyc3.digitaloceanspaces.com/media/images/106_image_20230708172214.png', 'thumbnail_url': 'https://thespacedevs-dev.nyc3.digitaloceanspaces.com/media/images/255bauto255d__image_thumbnail_20240305193443.png', 'credit': None, 'license': {'id': 1, 'name': 'Unknown', 'priority': 9, 'link': None}, 'single_use': True, 'variants': []}, 'details': 'Booster serial number unknown.', 'successful_landings': None, 'attempted_landings': None, 'flights': None, 'last_launch_date': None, 'first_launch_date': None, 'fastest_turnaround': None}, 'previous_flight_date': None, 'turn_around_time': None, 'previous_flight': None}",,
56,1252,https://lldev.thespacedevs.com/2.3.0/landings/1252/,True,,The Falcon 9 first stage will land on ASDS OCISLY after this flight.,,"{'id': 1, 'name': 'Of Course I Still Love You', 'active': True, 'abbrev': 'OCISLY', 'description': 'The second ASDS barge, Of Course I Still Love You (OCISLY) services launches in the Pacific Ocean and was the site of the first landing of a SpaceX Falcon 9 first stage during CRS-8, the launch of a Dragon spacecraft to the International Space Station.', 'location': None, 'longitude': None, 'latitude': None, 'image': {'id': 1969, 'name': 'OCISLY empty', 'image_url': 'https://thespacedevs-dev.nyc3.digitaloceanspaces.com/media/images/ocisly_empty_image_20240310164323.png', 'thumbnail_url': 'https://thespacedevs-dev.nyc3.digitaloceanspaces.com/media/images/ocisly_empty_image_thumbnail_20240310164323.png', 'credit': 'SpaceX', 'license': {'id': 5, 'name': 'CC BY-NC 2.0', 'priority': 1, 'link': 'https://creativecommons.org/licenses/by-nc/2.0/'}, 'single_use': True, 'variants': []}, 'successful_landings': 217, 'attempted_landings': 225, 'failed_landings': 8, 'celestial_body': {'response_mode': 'normal', 'id': 1, 'name': 'Earth', 'type': {'id': 1, 'name': 'Planet'}, 'diameter': 12742000.0, 'mass': 5.972168e+24, 'gravity': 9.80655, 'length_of_day': '1 00:00:00', 'atmosphere': True, 'image': {'id': 2040, 'name': 'Earth (Apollo 17)', 'image_url': 'https://thespacedevs-dev.nyc3.digitaloceanspaces.com/media/images/earth_2528apol_image_20240402194304.jpeg', 'thumbnail_url': 'https://thespacedevs-dev.nyc3.digitaloceanspaces.com/media/images/earth_2528apol_image_thumbnail_20240402194305.jpeg', 'credit': 'NASA', 'license': {'id': 4, 'name': 'NASA Image and Media Guidelines', 'priority': 0, 'link': 'https://www.nasa.gov/nasa-brand-center/images-and-media/'}, 'single_use': True, 'variants': []}, 'description': 'Earth is the third planet from the Sun and the only astronomical object known to harbor life.', 'wiki_url': 'https://en.wikipedia.org/wiki/Earth'}}","{'id': 1, 'name': 'Autonomous Spaceport Drone Ship', 'abbrev': 'ASDS', 'description': 'An autonomous spaceport drone ship (ASDS) is an ocean-going vessel derived from a deck barge, outfitted with station-keeping engines and a large landing platform. Construction of such ships was commissioned by aerospace company SpaceX to allow for recovery of rocket first-stages at sea for high-velocity missions which do not carry enough fuel to return to the launch site after lofting spacecraft onto an orbital trajectory.'}",,normal,"{'id': 454, 'type': 'Core', 'reused': None, 'launcher_flight_number': None, 'launcher': {'response_mode': 'normal', 'id': 106, 'url': 'https://lldev.thespacedevs.com/2.3.0/launchers/106/', 'flight_proven': False, 'serial_number': 'Unknown F9', 'is_placeholder': True, 'status': {'id': 8, 'name': 'N/A'}, 'image': {'id': 1674, 'name': '[AUTO] Unknown F9 - image', 'image_url': 'https://thespacedevs-dev.nyc3.digitaloceanspaces.com/media/images/106_image_20230708172214.png', 'thumbnail_url': 'https://thespacedevs-dev.nyc3.digitaloceanspaces.com/media/images/255bauto255d__image_thumbnail_20240305193443.png', 'credit': None, 'license': {'id': 1, 'name': 'Unknown', 'priority': 9, 'link': None}, 'single_use': True, 'variants': []}, 'details': 'Booster serial number unknown.', 'successful_landings': None, 'attempted_landings': None, 'flights': None, 'last_launch_date': None, 'first_launch_date': None, 'fastest_turnaround': None}, 'previous_flight_date': None, 'turn_around_time': None, 'previous_flight': None}",,
57,1253,https://lldev.thespacedevs.com/2.3.0/landings/1253/,True,,The Falcon 9 first stage will land on ASDS OCISLY after this flight.,,"{'id': 1, 'name': 'Of Course I Still Love You', 'active': True, 'abbrev': 'OCISLY', 'description': 'The second ASDS barge, Of Course I Still Love You (OCISLY) services launches in the Pacific Ocean and was the site of the first landing of a SpaceX Falcon 9 first stage during CRS-8, the launch of a Dragon spacecraft to the International Space Station.', 'location': None, 'longitude': None, 'latitude': None, 'image': {'id': 1969, 'name': 'OCISLY empty', 'image_url': 'https://thespacedevs-dev.nyc3.digitaloceanspaces.com/media/images/ocisly_empty_image_20240310164323.png', 'thumbnail_url': 'https://thespacedevs-dev.nyc3.digitaloceanspaces.com/media/images/ocisly_empty_image_thumbnail_20240310164323.png', 'credit': 'SpaceX', 'license': {'id': 5, 'name': 'CC BY-NC 2.0', 'priority': 1, 'link': 'https://creativecommons.org/licenses/by-nc/2.0/'}, 'single_use': True, 'variants': []}, 'successful_landings': 217, 'attempted_landings': 225, 'failed_landings': 8, 'celestial_body': {'response_mode': 'normal', 'id': 1, 'name': 'Earth', 'type': {'id': 1, 'name': 'Planet'}, 'diameter': 12742000.0, 'mass': 5.972168e+24, 'gravity': 9.80655, 'length_of_day': '1 00:00:00', 'atmosphere': True, 'image': {'id': 2040, 'name': 'Earth (Apollo 17)', 'image_url': 'https://thespacedevs-dev.nyc3.digitaloceanspaces.com/media/images/earth_2528apol_image_20240402194304.jpeg', 'thumbnail_url': 'https://thespacedevs-dev.nyc3.digitaloceanspaces.com/media/images/earth_2528apol_image_thumbnail_20240402194305.jpeg', 'credit': 'NASA', 'license': {'id': 4, 'name': 'NASA Image and Media Guidelines', 'priority': 0, 'link': 'https://www.nasa.gov/nasa-brand-center/images-and-media/'}, 'single_use': True, 'variants': []}, 'description': 'Earth is the third planet from the Sun and the only astronomical object known to harbor life.', 'wiki_url': 'https://en.wikipedia.org/wiki/Earth'}}","{'id': 1, 'name': 'Autonomous Spaceport Drone Ship', 'abbrev': 'ASDS', 'description': 'An autonomous spaceport drone ship (ASDS) is an ocean-going vessel derived from a deck barge, outfitted with station-keeping engines and a large landing platform. Construction of such ships was commissioned by aerospace company SpaceX to allow for recovery of rocket first-stages at sea for high-velocity missions which do not carry enough fuel to return to the launch site after lofting spacecraft onto an orbital trajectory.'}",,normal,"{'id': 455, 'type': 'Core', 'reused': None, 'launcher_flight_number': None, 'launcher': {'response_mode': 'normal', 'id': 106, 'url': 'https://lldev.thespacedevs.com/2.3.0/launchers/106/', 'flight_proven': False, 'serial_number': 'Unknown F9', 'is_placeholder': True, 'status': {'id': 8, 'name': 'N/A'}, 'image': {'id': 1674, 'name': '[AUTO] Unknown F9 - image', 'image_url': 'https://thespacedevs-dev.nyc3.digitaloceanspaces.com/media/images/106_image_20230708172214.png', 'thumbnail_url': 'https://thespacedevs-dev.nyc3.digitaloceanspaces.com/media/images/255bauto255d__image_thumbnail_20240305193443.png', 'credit': None, 'license': {'id': 1, 'name': 'Unknown', 'priority': 9, 'link': None}, 'single_use': True, 'variants': []}, 'details': 'Booster serial number unknown.', 'successful_landings': None, 'attempted_landings': None, 'flights': None, 'last_launch_date': None, 'first_launch_date': None, 'fastest_turnaround': None}, 'previous_flight_date': None, 'turn_around_time': None, 'previous_flight': None}",,
58,1254,https://lldev.thespacedevs.com/2.3.0/landings/1254/,True,,The Falcon 9 first stage will land on ASDS OCISLY after this flight.,,"{'id': 1, 'name': 'Of Course I Still Love You', 'active': True, 'abbrev': 'OCISLY', 'description': 'The second ASDS barge, Of Course I Still Love You (OCISLY) services launches in the Pacific Ocean and was the site of the first landing of a SpaceX Falcon 9 first stage during CRS-8, the launch of a Dragon spacecraft to the International Space Station.', 'location': None, 'longitude': None, 'latitude': None, 'image': {'id': 1969, 'name': 'OCISLY empty', 'image_url': 'https://thespacedevs-dev.nyc3.digitaloceanspaces.com/media/images/ocisly_empty_image_20240310164323.png', 'thumbnail_url': 'https://thespacedevs-dev.nyc3.digitaloceanspaces.com/media/images/ocisly_empty_image_thumbnail_20240310164323.png', 'credit': 'SpaceX', 'license': {'id': 5, 'name': 'CC BY-NC 2.0', 'priority': 1, 'link': 'https://creativecommons.org/licenses/by-nc/2.0/'}, 'single_use': True, 'variants': []}, 'successful_landings': 217, 'attempted_landings': 225, 'failed_landings': 8, 'celestial_body': {'response_mode': 'normal', 'id': 1, 'name': 'Earth', 'type': {'id': 1, 'name': 'Planet'}, 'diameter': 12742000.0, 'mass': 5.972168e+24, 'gravity': 9.80655, 'length_of_day': '1 00:00:00', 'atmosphere': True, 'image': {'id': 2040, 'name': 'Earth (Apollo 17)', 'image_url': 'https://thespacedevs-dev.nyc3.digitaloceanspaces.com/media/images/earth_2528apol_image_20240402194304.jpeg', 'thumbnail_url': 'https://thespacedevs-dev.nyc3.digitaloceanspaces.com/media/images/earth_2528apol_image_thumbnail_20240402194305.jpeg', 'credit': 'NASA', 'license': {'id': 4, 'name': 'NASA Image and Media Guidelines', 'priority': 0, 'link': 'https://www.nasa.gov/nasa-brand-center/images-and-media/'}, 'single_use': True, 'variants': []}, 'description': 'Earth is the third planet from the Sun and the only astronomical object known to harbor life.', 'wiki_url': 'https://en.wikipedia.org/wiki/Earth'}}","{'id': 1, 'name': 'Autonomous Spaceport Drone Ship', 'abbrev': 'ASDS', 'description': 'An autonomous spaceport drone ship (ASDS) is an ocean-going vessel derived from a deck barge, outfitted with station-keeping engines and a large landing platform. Construction of such ships was commissioned by aerospace company SpaceX to allow for recovery of rocket first-stages at sea for high-velocity missions which do not carry enough fuel to return to the launch site after lofting spacecraft onto an orbital trajectory.'}",,normal,"{'id': 456, 'type': 'Core', 'reused': None, 'launcher_flight_number': None, 'launcher': {'response_mode': 'normal', 'id': 106, 'url': 'https://lldev.thespacedevs.com/2.3.0/launchers/106/', 'flight_proven': False, 'serial_number': 'Unknown F9', 'is_placeholder': True, 'status': {'id': 8, 'name': 'N/A'}, 'image': {'id': 1674, 'name': '[AUTO] Unknown F9 - image', 'image_url': 'https://thespacedevs-dev.nyc3.digitaloceanspaces.com/media/images/106_image_20230708172214.png', 'thumbnail_url': 'https://thespacedevs-dev.nyc3.digitaloceanspaces.com/media/images/255bauto255d__image_thumbnail_20240305193443.png', 'credit': None, 'license': {'id': 1, 'name': 'Unknown', 'priority': 9, 'link': None}, 'single_use': True, 'variants': []}, 'details': 'Booster serial number unknown.', 'successful_landings': None, 'attempted_landings': None, 'flights': None, 'last_launch_date': None, 'first_launch_date': None, 'fastest_turnaround': None}, 'previous_flight_date': None, 'turn_around_time': None, 'previous_flight': None}",,
59,1255,https://lldev.thespacedevs.com/2.3.0/landings/1255/,True,,The Falcon 9 first stage will land on ASDS OCISLY after this flight.,,"{'id': 1, 'name': 'Of Course I Still Love You', 'active': True, 'abbrev': 'OCISLY', 'description': 'The second ASDS barge, Of Course I Still Love You (OCISLY) services launches in the Pacific Ocean and was the site of the first landing of a SpaceX Falcon 9 first stage during CRS-8, the launch of a Dragon spacecraft to the International Space Station.', 'location': None, 'longitude': None, 'latitude': None, 'image': {'id': 1969, 'name': 'OCISLY empty', 'image_url': 'https://thespacedevs-dev.nyc3.digitaloceanspaces.com/media/images/ocisly_empty_image_20240310164323.png', 'thumbnail_url': 'https://thespacedevs-dev.nyc3.digitaloceanspaces.com/media/images/ocisly_empty_image_thumbnail_20240310164323.png', 'credit': 'SpaceX', 'license': {'id': 5, 'name': 'CC BY-NC 2.0', 'priority': 1, 'link': 'https://creativecommons.org/licenses/by-nc/2.0/'}, 'single_use': True, 'variants': []}, 'successful_landings': 217, 'attempted_landings': 225, 'failed_landings': 8, 'celestial_body': {'response_mode': 'normal', 'id': 1, 'name': 'Earth', 'type': {'id': 1, 'name': 'Planet'}, 'diameter': 12742000.0, 'mass': 5.972168e+24, 'gravity': 9.80655, 'length_of_day': '1 00:00:00', 'atmosphere': True, 'image': {'id': 2040, 'name': 'Earth (Apollo 17)', 'image_url': 'https://thespacedevs-dev.nyc3.digitaloceanspaces.com/media/images/earth_2528apol_image_20240402194304.jpeg', 'thumbnail_url': 'https://thespacedevs-dev.nyc3.digitaloceanspaces.com/media/images/earth_2528apol_image_thumbnail_20240402194305.jpeg', 'credit': 'NASA', 'license': {'id': 4, 'name': 'NASA Image and Media Guidelines', 'priority': 0, 'link': 'https://www.nasa.gov/nasa-brand-center/images-and-media/'}, 'single_use': True, 'variants': []}, 'description': 'Earth is the third planet from the Sun and the only astronomical object known to harbor life.', 'wiki_url': 'https://en.wikipedia.org/wiki/Earth'}}","{'id': 1, 'name': 'Autonomous Spaceport Drone Ship', 'abbrev': 'ASDS', 'description': 'An autonomous spaceport drone ship (ASDS) is an ocean-going vessel derived from a deck barge, outfitted with station-keeping engines and a large landing platform. Construction of such ships was commissioned by aerospace company SpaceX to allow for recovery of rocket first-stages at sea for high-velocity missions which do not carry enough fuel to return to the launch site after lofting spacecraft onto an orbital trajectory.'}",,normal,"{'id': 457, 'type': 'Core', 'reused': None, 'launcher_flight_number': None, 'launcher': {'response_mode': 'normal', 'id': 106, 'url': 'https://lldev.thespacedevs.com/2.3.0/launchers/106/', 'flight_proven': False, 'serial_number': 'Unknown F9', 'is_placeholder': True, 'status': {'id': 8, 'name': 'N/A'}, 'image': {'id': 1674, 'name': '[AUTO] Unknown F9 - image', 'image_url': 'https://thespacedevs-dev.nyc3.digitaloceanspaces.com/media/images/106_image_20230708172214.png', 'thumbnail_url': 'https://thespacedevs-dev.nyc3.digitaloceanspaces.com/media/images/255bauto255d__image_thumbnail_20240305193443.png', 'credit': None, 'license': {'id': 1, 'name': 'Unknown', 'priority': 9, 'link': None}, 'single_use': True, 'variants': []}, 'details': 'Booster serial number unknown.', 'successful_landings': None, 'attempted_landings': None, 'flights': None, 'last_launch_date': None, 'first_launch_date': None, 'fastest_turnaround': None}, 'previous_flight_date': None, 'turn_around_time': None, 'previous_flight': None}",,
60,1256,https://lldev.thespacedevs.com/2.3.0/landings/1256/,True,,The Falcon 9 first stage will land on ASDS OCISLY after this flight.,,"{'id': 1, 'name': 'Of Course I Still Love You', 'active': True, 'abbrev': 'OCISLY', 'description': 'The second ASDS barge, Of Course I Still Love You (OCISLY) services launches in the Pacific Ocean and was the site of the first landing of a SpaceX Falcon 9 first stage during CRS-8, the launch of a Dragon spacecraft to the International Space Station.', 'location': None, 'longitude': None, 'latitude': None, 'image': {'id': 1969, 'name': 'OCISLY empty', 'image_url': 'https://thespacedevs-dev.nyc3.digitaloceanspaces.com/media/images/ocisly_empty_image_20240310164323.png', 'thumbnail_url': 'https://thespacedevs-dev.nyc3.digitaloceanspaces.com/media/images/ocisly_empty_image_thumbnail_20240310164323.png', 'credit': 'SpaceX', 'license': {'id': 5, 'name': 'CC BY-NC 2.0', 'priority': 1, 'link': 'https://creativecommons.org/licenses/by-nc/2.0/'}, 'single_use': True, 'variants': []}, 'successful_landings': 217, 'attempted_landings': 225, 'failed_landings': 8, 'celestial_body': {'response_mode': 'normal', 'id': 1, 'name': 'Earth', 'type': {'id': 1, 'name': 'Planet'}, 'diameter': 12742000.0, 'mass': 5.972168e+24, 'gravity': 9.80655, 'length_of_day': '1 00:00:00', 'atmosphere': True, 'image': {'id': 2040, 'name': 'Earth (Apollo 17)', 'image_url': 'https://thespacedevs-dev.nyc3.digitaloceanspaces.com/media/images/earth_2528apol_image_20240402194304.jpeg', 'thumbnail_url': 'https://thespacedevs-dev.nyc3.digitaloceanspaces.com/media/images/earth_2528apol_image_thumbnail_20240402194305.jpeg', 'credit': 'NASA', 'license': {'id': 4, 'name': 'NASA Image and Media Guidelines', 'priority': 0, 'link': 'https://www.nasa.gov/nasa-brand-center/images-and-media/'}, 'single_use': True, 'variants': []}, 'description': 'Earth is the third planet from the Sun and the only astronomical object known to harbor life.', 'wiki_url': 'https://en.wikipedia.org/wiki/Earth'}}","{'id': 1, 'name': 'Autonomous Spaceport Drone Ship', 'abbrev': 'ASDS', 'description': 'An autonomous spaceport drone ship (ASDS) is an ocean-going vessel derived from a deck barge, outfitted with station-keeping engines and a large landing platform. Construction of such ships was commissioned by aerospace company SpaceX to allow for recovery of rocket first-stages at sea for high-velocity missions which do not carry enough fuel to return to the launch site after lofting spacecraft onto an orbital trajectory.'}",,normal,"{'id': 458, 'type': 'Core', 'reused': None, 'launcher_flight_number': None, 'launcher': {'response_mode': 'normal', 'id': 106, 'url': 'https://lldev.thespacedevs.com/2.3.0/launchers/106/', 'flight_proven': False, 'serial_number': 'Unknown F9', 'is_placeholder': True, 'status': {'id': 8, 'name': 'N/A'}, 'image': {'id': 1674, 'name': '[AUTO] Unknown F9 - image', 'image_url': 'https://thespacedevs-dev.nyc3.digitaloceanspaces.com/media/images/106_image_20230708172214.png', 'thumbnail_url': 'https://thespacedevs-dev.nyc3.digitaloceanspaces.com/media/images/255bauto255d__image_thumbnail_20240305193443.png', 'credit': None, 'license': {'id': 1, 'name': 'Unknown', 'priority': 9, 'link': None}, 'single_use': True, 'variants': []}, 'details': 'Booster serial number unknown.', 'successful_landings': None, 'attempted_landings': None, 'flights': None, 'last_launch_date': None, 'first_launch_date': None, 'fastest_turnaround': None}, 'previous_flight_date': None, 'turn_around_time': None, 'previous_flight': None}",,
61,1257,https://lldev.thespacedevs.com/2.3.0/landings/1257/,True,,The Falcon 9 first stage will land on ASDS OCISLY after this flight.,,"{'id': 1, 'name': 'Of Course I Still Love You', 'active': True, 'abbrev': 'OCISLY', 'description': 'The second ASDS barge, Of Course I Still Love You (OCISLY) services launches in the Pacific Ocean and was the site of the first landing of a SpaceX Falcon 9 first stage during CRS-8, the launch of a Dragon spacecraft to the International Space Station.', 'location': None, 'longitude': None, 'latitude': None, 'image': {'id': 1969, 'name': 'OCISLY empty', 'image_url': 'https://thespacedevs-dev.nyc3.digitaloceanspaces.com/media/images/ocisly_empty_image_20240310164323.png', 'thumbnail_url': 'https://thespacedevs-dev.nyc3.digitaloceanspaces.com/media/images/ocisly_empty_image_thumbnail_20240310164323.png', 'credit': 'SpaceX', 'license': {'id': 5, 'name': 'CC BY-NC 2.0', 'priority': 1, 'link': 'https://creativecommons.org/licenses/by-nc/2.0/'}, 'single_use': True, 'variants': []}, 'successful_landings': 217, 'attempted_landings': 225, 'failed_landings': 8, 'celestial_body': {'response_mode': 'normal', 'id': 1, 'name': 'Earth', 'type': {'id': 1, 'name': 'Planet'}, 'diameter': 12742000.0, 'mass': 5.972168e+24, 'gravity': 9.80655, 'length_of_day': '1 00:00:00', 'atmosphere': True, 'image': {'id': 2040, 'name': 'Earth (Apollo 17)', 'image_url': 'https://thespacedevs-dev.nyc3.digitaloceanspaces.com/media/images/earth_2528apol_image_20240402194304.jpeg', 'thumbnail_url': 'https://thespacedevs-dev.nyc3.digitaloceanspaces.com/media/images/earth_2528apol_image_thumbnail_20240402194305.jpeg', 'credit': 'NASA', 'license': {'id': 4, 'name': 'NASA Image and Media Guidelines', 'priority': 0, 'link': 'https://www.nasa.gov/nasa-brand-center/images-and-media/'}, 'single_use': True, 'variants': []}, 'description': 'Earth is the third planet from the Sun and the only astronomical object known to harbor life.', 'wiki_url': 'https://en.wikipedia.org/wiki/Earth'}}","{'id': 1, 'name': 'Autonomous Spaceport Drone Ship', 'abbrev': 'ASDS', 'description': 'An autonomous spaceport drone ship (ASDS) is an ocean-going vessel derived from a deck barge, outfitted with station-keeping engines and a large landing platform. Construction of such ships was commissioned by aerospace company SpaceX to allow for recovery of rocket first-stages at sea for high-velocity missions which do not carry enough fuel to return to the launch site after lofting spacecraft onto an orbital trajectory.'}",,normal,"{'id': 459, 'type': 'Core', 'reused': None, 'launcher_flight_number': None, 'launcher': {'response_mode': 'normal', 'id': 106, 'url': 'https://lldev.thespacedevs.com/2.3.0/launchers/106/', 'flight_proven': False, 'serial_number': 'Unknown F9', 'is_placeholder': True, 'status': {'id': 8, 'name': 'N/A'}, 'image': {'id': 1674, 'name': '[AUTO] Unknown F9 - image', 'image_url': 'https://thespacedevs-dev.nyc3.digitaloceanspaces.com/media/images/106_image_20230708172214.png', 'thumbnail_url': 'https://thespacedevs-dev.nyc3.digitaloceanspaces.com/media/images/255bauto255d__image_thumbnail_20240305193443.png', 'credit': None, 'license': {'id': 1, 'name': 'Unknown', 'priority': 9, 'link': None}, 'single_use': True, 'variants': []}, 'details': 'Booster serial number unknown.', 'successful_landings': None, 'attempted_landings': None, 'flights': None, 'last_launch_date': None, 'first_launch_date': None, 'fastest_turnaround': None}, 'previous_flight_date': None, 'turn_around_time': None, 'previous_flight': None}",,
62,1258,https://lldev.thespacedevs.com/2.3.0/landings/1258/,True,,The Falcon 9 first stage will land on ASDS OCISLY after this flight.,,"{'id': 1, 'name': 'Of Course I Still Love You', 'active': True, 'abbrev': 'OCISLY', 'description': 'The second ASDS barge, Of Course I Still Love You (OCISLY) services launches in the Pacific Ocean and was the site of the first landing of a SpaceX Falcon 9 first stage during CRS-8, the launch of a Dragon spacecraft to the International Space Station.', 'location': None, 'longitude': None, 'latitude': None, 'image': {'id': 1969, 'name': 'OCISLY empty', 'image_url': 'https://thespacedevs-dev.nyc3.digitaloceanspaces.com/media/images/ocisly_empty_image_20240310164323.png', 'thumbnail_url': 'https://thespacedevs-dev.nyc3.digitaloceanspaces.com/media/images/ocisly_empty_image_thumbnail_20240310164323.png', 'credit': 'SpaceX', 'license': {'id': 5, 'name': 'CC BY-NC 2.0', 'priority': 1, 'link': 'https://creativecommons.org/licenses/by-nc/2.0/'}, 'single_use': True, 'variants': []}, 'successful_landings': 217, 'attempted_landings': 225, 'failed_landings': 8, 'celestial_body': {'response_mode': 'normal', 'id': 1, 'name': 'Earth', 'type': {'id': 1, 'name': 'Planet'}, 'diameter': 12742000.0, 'mass': 5.972168e+24, 'gravity': 9.80655, 'length_of_day': '1 00:00:00', 'atmosphere': True, 'image': {'id': 2040, 'name': 'Earth (Apollo 17)', 'image_url': 'https://thespacedevs-dev.nyc3.digitaloceanspaces.com/media/images/earth_2528apol_image_20240402194304.jpeg', 'thumbnail_url': 'https://thespacedevs-dev.nyc3.digitaloceanspaces.com/media/images/earth_2528apol_image_thumbnail_20240402194305.jpeg', 'credit': 'NASA', 'license': {'id': 4, 'name': 'NASA Image and Media Guidelines', 'priority': 0, 'link': 'https://www.nasa.gov/nasa-brand-center/images-and-media/'}, 'single_use': True, 'variants': []}, 'description': 'Earth is the third planet from the Sun and the only astronomical object known to harbor life.', 'wiki_url': 'https://en.wikipedia.org/wiki/Earth'}}","{'id': 1, 'name': 'Autonomous Spaceport Drone Ship', 'abbrev': 'ASDS', 'description': 'An autonomous spaceport drone ship (ASDS) is an ocean-going vessel derived from a deck barge, outfitted with station-keeping engines and a large landing platform. Construction of such ships was commissioned by aerospace company SpaceX to allow for recovery of rocket first-stages at sea for high-velocity missions which do not carry enough fuel to return to the launch site after lofting spacecraft onto an orbital trajectory.'}",,normal,"{'id': 460, 'type': 'Core', 'reused': None, 'launcher_flight_number': None, 'launcher': {'response_mode': 'normal', 'id': 106, 'url': 'https://lldev.thespacedevs.com/2.3.0/launchers/106/', 'flight_proven': False, 'serial_number': 'Unknown F9', 'is_placeholder': True, 'status': {'id': 8, 'name': 'N/A'}, 'image': {'id': 1674, 'name': '[AUTO] Unknown F9 - image', 'image_url': 'https://thespacedevs-dev.nyc3.digitaloceanspaces.com/media/images/106_image_20230708172214.png', 'thumbnail_url': 'https://thespacedevs-dev.nyc3.digitaloceanspaces.com/media/images/255bauto255d__image_thumbnail_20240305193443.png', 'credit': None, 'license': {'id': 1, 'name': 'Unknown', 'priority': 9, 'link': None}, 'single_use': True, 'variants': []}, 'details': 'Booster serial number unknown.', 'successful_landings': None, 'attempted_landings': None, 'flights': None, 'last_launch_date': None, 'first_launch_date': None, 'fastest_turnaround': None}, 'previous_flight_date': None, 'turn_around_time': None, 'previous_flight': None}",,
63,1415,https://lldev.thespacedevs.com/2.3.0/landings/1415/,True,True,New Glenn booster GS1-SN002 has landed on Jacklyn after its first flight.,560.0,"{'id': 51, 'name': 'Jacklyn', 'active': True, 'abbrev': 'LPV1', 'description': 'Jacklyn is Blue Origins first floating landing platform for New Glenn.', 'location': None, 'longitude': None, 'latitude': None, 'image': {'id': 2195, 'name': 'Jackllyn in Port Canaveral', 'image_url': 'https://thespacedevs-dev.nyc3.digitaloceanspaces.com/media/images/jackllyn_in_por_image_20240904203154.jpg', 'thumbnail_url': 'https://thespacedevs-dev.nyc3.digitaloceanspaces.com/media/images/jackllyn_in_por_image_thumbnail_20240904203155.jpeg', 'credit': 'Blue Origin', 'license': {'id': 1, 'name': 'Unknown', 'priority': 9, 'link': None}, 'single_use': True, 'variants': []}, 'successful_landings': 2, 'attempted_landings': 3, 'failed_landings': 1, 'celestial_body': {'response_mode': 'normal', 'id': 1, 'name': 'Earth', 'type': {'id': 1, 'name': 'Planet'}, 'diameter': 12742000.0, 'mass': 5.972168e+24, 'gravity': 9.80655, 'length_of_day': '1 00:00:00', 'atmosphere': True, 'image': {'id': 2040, 'name': 'Earth (Apollo 17)', 'image_url': 'https://thespacedevs-dev.nyc3.digitaloceanspaces.com/media/images/earth_2528apol_image_20240402194304.jpeg', 'thumbnail_url': 'https://thespacedevs-dev.nyc3.digitaloceanspaces.com/media/images/earth_2528apol_image_thumbnail_20240402194305.jpeg', 'credit': 'NASA', 'license': {'id': 4, 'name': 'NASA Image and Media Guidelines', 'priority': 0, 'link': 'https://www.nasa.gov/nasa-brand-center/images-and-media/'}, 'single_use': True, 'variants': []}, 'description': 'Earth is the third planet from the Sun and the only astronomical object known to harbor life.', 'wiki_url': 'https://en.wikipedia.org/wiki/Earth'}}","{'id': 1, 'name': 'Autonomous Spaceport Drone Ship', 'abbrev': 'ASDS', 'description': 'An autonomous spaceport drone ship (ASDS) is an ocean-going vessel derived from a deck barge, outfitted with station-keeping engines and a large landing platform. Construction of such ships was commissioned by aerospace company SpaceX to allow for recovery of rocket first-stages at sea for high-velocity missions which do not carry enough fuel to return to the launch site after lofting spacecraft onto an orbital trajectory.'}",,normal,"{'id': 557, 'type': 'Core', 'reused': False, 'launcher_flight_number': 1, 'launcher': {'response_mode': 'normal', 'id': 238, 'url': 'https://lldev.thespacedevs.com/2.3.0/launchers/238/', 'flight_proven': True, 'serial_number': 'GS1-SN002', 'is_placeholder': False, 'status': {'id': 3, 'name': 'active'}, 'image': {'id': 2529, 'name': 'GS1-SN002 on Jacklyn (Escapade)', 'image_url': 'https://thespacedevs-dev.nyc3.digitaloceanspaces.com/media/images/gs1-sn002_on_ja_image_20251119073646.jpg', 'thumbnail_url': 'https://thespacedevs-dev.nyc3.digitaloceanspaces.com/media/images/gs1-sn002_on_ja_image_thumbnail_20251119073647.jpeg', 'credit': 'Dave Limp', 'license': {'id': 37, 'name': 'Blue Origin Terms of Use', 'priority': 6, 'link': 'https://www.blueorigin.com/terms-of-use'}, 'single_use': True, 'variants': []}, 'details': 'Second New Glenn first stage booster. Named ""Never Tell Me The Odds"". Used for the second New Glenn launch with EscaPADE, becoming the first New Glenn Stage 1 booster (GS1) to be recovered. \r\n\r\nCurrently it\'s slated for re-use on New Glenn\'s third launch with AST SpaceMobile\'s BlueBird Block 2 FM2.', 'successful_landings': 2, 'attempted_landings': 2, 'flights': 2, 'last_launch_date': '2026-04-19T11:25:00Z', 'first_launch_date': '2025-11-13T20:55:01Z', 'fastest_turnaround': 'P156DT14H29M59S'}, 'previous_flight_date': None, 'turn_around_time': None, 'previous_flight': None}",,
64,1568,https://lldev.thespacedevs.com/2.3.0/landings/1568/,True,True,The Falcon 9 booster B1081 has landed back at the launch site at LZ-4 after its 18th flight.,0.4,"{'id': 7, 'name': 'Landing Zone 4', 'active': True, 'abbrev': 'LZ-4', 'description': 'LZ at Vandenberg', 'location': {'response_mode': 'normal', 'id': 11, 'url': 'https://lldev.thespacedevs.com/2.3.0/locations/11/', 'name': 'Vandenberg SFB, CA, USA', 'active': True, 'country': {'id': 2, 'name': 'United States of America', 'alpha_2_code': 'US', 'alpha_3_code': 'USA', 'nationality_name': 'American', 'nationality_name_composed': 'Americano'}, 'description': ""Vandenberg Space Force Base is a United States Space Force Base in Santa Barbara County, California. Established in 1941, Vandenberg Space Force Base is a space launch base, launching spacecraft from the Western Range, and also performs missile testing. The United States Space Force's Space Launch Delta 30 serves as the host delta for the base, equivalent to an Air Force air base wing. In addition to its military space launch mission, Vandenberg Space Force Base also hosts space launches for civil and commercial space entities, such as NASA and SpaceX."", 'image': {'id': 2226, 'name': 'Vandenberg SFB imaged by Sentinel-2', 'image_url': 'https://thespacedevs-dev.nyc3.digitaloceanspaces.com/media/images/vandenberg_sfb__image_20240920082910.jpeg', 'thumbnail_url': 'https://thespacedevs-dev.nyc3.digitaloceanspaces.com/media/images/vandenberg_sfb__image_thumbnail_20240920082910.jpeg', 'credit': 'Contains modified Copernicus Sentinel data 2020', 'license': {'id': 33, 'name': 'Copernicus Image Use Policy', 'priority': 0, 'link': 'https://eur-lex.europa.eu/legal-content/EN/TXT/?uri=CELEX:32013R1159'}, 'single_use': True, 'variants': []}, 'map_image': 'https://thespacedevs-dev.nyc3.digitaloceanspaces.com/media/map_images/location_11_20200803142416.jpg', 'longitude': -120.52023, 'latitude': 34.75133, 'timezone_name': 'America/Los_Angeles', 'total_launch_count': 904, 'total_landing_count': 35}, 'longitude': -120.615193, 'latitude': 34.632994, 'image': {'id': 1967, 'name': 'LZ-4 at SLC-4E empty', 'image_url': 'https://thespacedevs-dev.nyc3.digitaloceanspaces.com/media/images/lz-4_at_slc-4e__image_20240310162737.jpeg', 'thumbnail_url': 'https://thespacedevs-dev.nyc3.digitaloceanspaces.com/media/images/lz-4_at_slc-4e__image_thumbnail_20240310162738.jpeg', 'credit': 'SpaceX', 'license': {'id': 5, 'name': 'CC BY-NC 2.0', 'priority': 1, 'link': 'https://creativecommons.org/licenses/by-nc/2.0/'}, 'single_use': True, 'variants': []}, 'successful_landings': 35, 'attempted_landings': 35, 'failed_landings': 0, 'celestial_body': {'response_mode': 'normal', 'id': 1, 'name': 'Earth', 'type': {'id': 1, 'name': 'Planet'}, 'diameter': 12742000.0, 'mass': 5.972168e+24, 'gravity': 9.80655, 'length_of_day': '1 00:00:00', 'atmosphere': True, 'image': {'id': 2040, 'name': 'Earth (Apollo 17)', 'image_url': 'https://thespacedevs-dev.nyc3.digitaloceanspaces.com/media/images/earth_2528apol_image_20240402194304.jpeg', 'thumbnail_url': 'https://thespacedevs-dev.nyc3.digitaloceanspaces.com/media/images/earth_2528apol_image_thumbnail_20240402194305.jpeg', 'credit': 'NASA', 'license': {'id': 4, 'name': 'NASA Image and Media Guidelines', 'priority': 0, 'link': 'https://www.nasa.gov/nasa-brand-center/images-and-media/'}, 'single_use': True, 'variants': []}, 'description': 'Earth is the third planet from the Sun and the only astronomical object known to harbor life.', 'wiki_url': 'https://en.wikipedia.org/wiki/Earth'}}","{'id': 2, 'name': 'Return to Launch Site', 'abbrev': 'RTLS', 'description': 'A return to launch site usually means that after stage separation the booster flips and does a burn back towards the launch site, landing near where it initially launched from.'}",,normal,"{'id': 696, 'type': 'Core', 'reused': True, 'launcher_flight_number': 18, 'launcher': {'response_mode': 'normal', 'id': 124, 'url': 'https://lldev.thespacedevs.com/2.3.0/launchers/124/', 'flight_proven': True, 'serial_number': 'B1081', 'is_placeholder': False, 'status': {'id': 3, 'name': 'active'}, 'image': {'id': 1641, 'name': 'B1081 at LZ-1 after Crew-7 launch', 'image_url': 'https://thespacedevs-dev.nyc3.digitaloceanspaces.com/media/images/124_image_20230827172435.jpeg', 'thumbnail_url': 'https://thespacedevs-dev.nyc3.digitaloceanspaces.com/media/images/255bauto255d__image_thumbnail_20240305193351.jpeg', 'credit': 'SpaceX', 'license': {'id': 1, 'name': 'Unknown', 'priority': 9, 'link': None}, 'single_use': False, 'variants': []}, 'details': 'Launched Crew-7 on its first flight.', 'successful_landings': 26, 'attempted_landings': 26, 'flights': 26, 'last_launch_date': '2026-08-01T03:08:43Z', 'first_launch_date': '2023-08-26T07:27:27Z', 'fastest_turnaround': 'P24DT19H13M20S'}, 'previous_flight_date': '2025-08-22T17:04:49Z', 'turn_around_time': 'P31DT33M11S', 'previous_flight': {'id': '80af8d63-64aa-4d16-9abd-bdbe167cecb9', 'url': 'https://lldev.thespacedevs.com/2.3.0/launches/80af8d63-64aa-4d16-9abd-bdbe167cecb9/', 'name': 'Falcon 9 Block 5 | Starlink Group 17-6'}}",,
65,1594,https://lldev.thespacedevs.com/2.3.0/landings/1594/,True,True,"The Shenzhou 21 spacecraft landed at the Donfgeng landing site in Inner Mongolia, China.",,"{'id': 22, 'name': 'Dongfeng Landing Site', 'active': True, 'abbrev': 'DLS', 'description': ""Dongfeng landing site in the Gobi Desert, North China's Inner Mongolia Autonomous Region."", 'location': None, 'longitude': None, 'latitude': None, 'image': {'id': 1260, 'name': '[AUTO] Shenzhou 16 Landing - image', 'image_url': 'https://thespacedevs-dev.nyc3.digitaloceanspaces.com/media/images/shenzhou_16_lan_image_20231027084649.jpeg', 'thumbnail_url': 'https://thespacedevs-dev.nyc3.digitaloceanspaces.com/media/images/255bauto255d__image_thumbnail_20240305192204.jpeg', 'credit': None, 'license': {'id': 1, 'name': 'Unknown', 'priority': 9, 'link': None}, 'single_use': True, 'variants': []}, 'successful_landings': 11, 'attempted_landings': 11, 'failed_landings': 0, 'celestial_body': {'response_mode': 'normal', 'id': 1, 'name': 'Earth', 'type': {'id': 1, 'name': 'Planet'}, 'diameter': 12742000.0, 'mass': 5.972168e+24, 'gravity': 9.80655, 'length_of_day': '1 00:00:00', 'atmosphere': True, 'image': {'id': 2040, 'name': 'Earth (Apollo 17)', 'image_url': 'https://thespacedevs-dev.nyc3.digitaloceanspaces.com/media/images/earth_2528apol_image_20240402194304.jpeg', 'thumbnail_url': 'https://thespacedevs-dev.nyc3.digitaloceanspaces.com/media/images/earth_2528apol_image_thumbnail_20240402194305.jpeg', 'credit': 'NASA', 'license': {'id': 4, 'name': 'NASA Image and Media Guidelines', 'priority': 0, 'link': 'https://www.nasa.gov/nasa-brand-center/images-and-media/'}, 'single_use': True, 'variants': []}, 'description': 'Earth is the third planet from the Sun and the only astronomical object known to harbor life.', 'wiki_url': 'https://en.wikipedia.org/wiki/Earth'}}","{'id': 4, 'name': 'Parachute Landing', 'abbrev': 'PCL', 'description': 'Unpowered landing using parachute(s).'}",,normal,,"{'id': 875, 'url': 'https://lldev.thespacedevs.com/2.3.0/spacecraft_flights/875/', 'destination': 'Tiangong space station', 'mission_end': '2025-11-14T08:40:00Z', 'spacecraft': {'response_mode': 'normal', 'id': 610, 'url': 'https://lldev.thespacedevs.com/2.3.0/spacecraft/610/', 'name': 'Shenzhou 21', 'serial_number': '21', 'is_placeholder': False, 'image': {'id': 1926, 'name': '[AUTO] Shenzhou - image', 'image_url': 'https://thespacedevs-dev.nyc3.digitaloceanspaces.com/media/images/shenzhou_image_20190207032522.jpeg', 'thumbnail_url': 'https://thespacedevs-dev.nyc3.digitaloceanspaces.com/media/images/255bauto255d__image_thumbnail_20240305194145.jpeg', 'credit': None, 'license': {'id': 1, 'name': 'Unknown', 'priority': 9, 'link': None}, 'single_use': True, 'variants': []}, 'in_space': False, 'time_in_space': 'P13DT16H55M14S', 'time_docked': 'P13DT7H52M', 'flights_count': 1, 'mission_ends_count': 1, 'status': {'id': 4, 'name': 'Single Use'}, 'description': 'Spacecraft used to launch 3 astronauts on the 10th crewed mission to the Chinese Space Station.', 'spacecraft_config': {'response_mode': 'normal', 'id': 2, 'url': 'https://lldev.thespacedevs.com/2.3.0/spacecraft_configurations/2/', 'name': 'Shenzhou', 'type': {'id': 2, 'name': 'Capsule'}, 'agency': {'response_mode': 'list', 'id': 17, 'url': 'https://lldev.thespacedevs.com/2.3.0/agencies/17/', 'name': 'China National Space Administration', 'abbrev': 'CNSA', 'type': {'id': 1, 'name': 'Government'}}, 'family': [], 'in_use': True, 'image': {'id': 1926, 'name': '[AUTO] Shenzhou - image', 'image_url': 'https://thespacedevs-dev.nyc3.digitaloceanspaces.com/media/images/shenzhou_image_20190207032522.jpeg', 'thumbnail_url': 'https://thespacedevs-dev.nyc3.digitaloceanspaces.com/media/images/255bauto255d__image_thumbnail_20240305194145.jpeg', 'credit': None, 'license': {'id': 1, 'name': 'Unknown', 'priority': 9, 'link': None}, 'single_use': True, 'variants': []}}, 'fastest_turnaround': None}, 'launch': {'id': '5ca83f30-9e3d-439c-ac1d-b57953943355', 'url': 'https://lldev.thespacedevs.com/2.3.0/launches/5ca83f30-9e3d-439c-ac1d-b57953943355/', 'name': 'Long March 2F/G | Shenzhou 21', 'response_mode': 'normal', 'slug': 'long-march-2fg-shenzhou-21', 'launch_designator': '2025-246', 'status': {'id': 3, 'name': 'Launch Successful', 'abbrev': 'Success', 'description': 'The launch vehicle successfully inserted its payload(s) into the target orbit(s).'}, 'last_updated': '2025-10-31T23:14:14Z', 'net': '2025-10-31T15:44:46Z', 'net_precision': {'id': 0, 'name': 'Second', 'abbrev': 'SEC', 'description': 'The T-0 is accurate to the second.'}, 'window_end': '2025-10-31T16:14:00Z', 'window_start': '2025-10-31T15:34:00Z', 'image': {'id': 2580, 'name': 'Shenzhou 22 launch', 'image_url': 'https://thespacedevs-dev.nyc3.digitaloceanspaces.com/media/images/shenzhou_22_lau_image_20251129175823.jpg', 'thumbnail_url': 'https://thespacedevs-dev.nyc3.digitaloceanspaces.com/media/images/shenzhou_22_lau_image_thumbnail_20251129175823.jpeg', 'credit': 'Xinhua', 'license': {'id': 1, 'name': 'Unknown', 'priority': 9, 'link': None}, 'single_use': True, 'variants': []}, 'infographic': None, 'probability': None, 'weather_concerns': None, 'failreason': '', 'hashtag': None, 'launch_service_provider': {'response_mode': 'list', 'id': 88, 'url': 'https://lldev.thespacedevs.com/2.3.0/agencies/88/', 'name': 'China Aerospace Science and Technology Corporation', 'abbrev': 'CASC', 'type': {'id': 1, 'name': 'Government'}}, 'rocket': {'id': 8559, 'configuration': {'response_mode': 'list', 'id': 84, 'url': 'https://lldev.thespacedevs.com/2.3.0/launcher_configurations/84/', 'name': 'Long March 2F/G', 'families': [{'response_mode': 'list', 'id': 106, 'name': 'Long March'}, {'response_mode': 'list', 'id': 109, 'name': 'Long March 2'}], 'full_name': 'Long March 2F/G', 'variant': 'F/G'}}, 'mission': {'id': 7150, 'name': 'Shenzhou 21', 'type': 'Human Exploration', 'description': 'Tenth crewed flight to the Chinese space station.', 'image': None, 'orbit': {'id': 8, 'name': 'Low Earth Orbit', 'abbrev': 'LEO', 'celestial_body': {'response_mode': 'list', 'id': 1, 'name': 'Earth'}}, 'agencies': [{'response_mode': 'normal', 'id': 17, 'url': 'https://lldev.thespacedevs.com/2.3.0/agencies/17/', 'name': 'China National Space Administration', 'abbrev': 'CNSA', 'type': {'id': 1, 'name': 'Government'}, 'featured': True, 'country': [{'id': 6, 'name': 'China', 'alpha_2_code': 'CN', 'alpha_3_code': 'CHN', 'nationality_name': 'Chinese', 'nationality_name_composed': 'Sino'}], 'description': ""The China National Space Administration (CNSA) is the national space agency of the People's Republic of China. It is responsible for the national space program and for planning and development of space activities. CNSA and China Aerospace Corporation (CASC) assumed the authority over space development efforts previously held by the Ministry of Aerospace Industry. The CNSA has many launch sites around China with their orbital sites located in Jiuquan, Xichang, Taiyuan and Wenchang."", 'administrator': 'Administrator: Tang Dengjie', 'founding_year': 1993, 'launchers': '', 'spacecraft': 'Shenzhou', 'parent': None, 'image': {'id': 9, 'name': '[AUTO] China National Space Administration - image', 'image_url': 'https://thespacedevs-dev.nyc3.digitaloceanspaces.com/media/images/china2520national2520space2520administration_image_20190207032431.jpeg', 'thumbnail_url': 'https://thespacedevs-dev.nyc3.digitaloceanspaces.com/media/images/255bauto255d__image_thumbnail_20240305184601.jpeg', 'credit': None, 'license': {'id': 1, 'name': 'Unknown', 'priority': 9, 'link': None}, 'single_use': True, 'variants': []}, 'logo': {'id': 125, 'name': '[AUTO] China National Space Administration - logo', 'image_url': 'https://thespacedevs-dev.nyc3.digitaloceanspaces.com/media/images/china2520national2520space2520administration_logo_20190207032431.png', 'thumbnail_url': 'https://thespacedevs-dev.nyc3.digitaloceanspaces.com/media/images/255bauto255d__image_thumbnail_20240305184936.png', 'credit': None, 'license': {'id': 1, 'name': 'Unknown', 'priority': 9, 'link': None}, 'single_use': True, 'variants': []}, 'social_logo': {'id': 51, 'name': 'CNSA social logo', 'image_url': 'https://thespacedevs-dev.nyc3.digitaloceanspaces.com/media/images/cnsa_social_log_image_20260504180043.jpg', 'thumbnail_url': 'https://thespacedevs-dev.nyc3.digitaloceanspaces.com/media/images/cnsa_social_log_image_thumbnail_20260504180043.jpeg', 'credit': 'CNSA', 'license': {'id': 1, 'name': 'Unknown', 'priority': 9, 'link': None}, 'single_use': True, 'variants': []}, 'total_launch_count': 2, 'consecutive_successful_launches': 2, 'successful_launches': 2, 'failed_launches': 0, 'pending_launches': 0, 'consecutive_successful_landings': 0, 'successful_landings': 0, 'failed_landings': 0, 'attempted_landings': 0, 'successful_landings_spacecraft': 21, 'failed_landings_spacecraft': 1, 'attempted_landings_spacecraft': 22, 'successful_landings_payload': 2, 'failed_landings_payload': 0, 'attempted_landings_payload': 2, 'info_url': 'https://www.cnsa.gov.cn/', 'wiki_url': 'https://en.wikipedia.org/wiki/China_National_Space_Administration', 'social_media_links': []}], 'info_urls': [], 'vid_urls': []}, 'pad': {'id': 37, 'url': 'https://lldev.thespacedevs.com/2.3.0/pads/37/', 'active': True, 'agencies': [], 'name': 'Launch Area 91 (SLS-1 / 921)', 'image': {'id': 1363, 'name': 'Long March 2F/G from LA-4 (Shenzhou 17)', 'image_url': 'https://thespacedevs-dev.nyc3.digitaloceanspaces.com/media/images/long2520march_image_20231231163528.jpeg', 'thumbnail_url': 'https://thespacedevs-dev.nyc3.digitaloceanspaces.com/media/images/255bauto255d__image_thumbnail_20240305192527.jpeg', 'credit': '我们的太空', 'license': {'id': 1, 'name': 'Unknown', 'priority': 9, 'link': None}, 'single_use': False, 'variants': []}, 'description': '', 'info_url': None, 'wiki_url': 'https://en.wikipedia.org/wiki/Jiuquan_Launch_Area_4', 'map_url': 'https://www.google.com/maps?q=40.957893,100.290944', 'latitude': 40.957893, 'longitude': 100.290944, 'country': {'id': 6, 'name': 'China', 'alpha_2_code': 'CN', 'alpha_3_code': 'CHN', 'nationality_name': 'Chinese', 'nationality_name_composed': 'Sino'}, 'map_image': 'https://thespacedevs-dev.nyc3.digitaloceanspaces.com/media/map_images/pad_37_20200803143603.jpg', 'total_launch_count': 29, 'orbital_launch_attempt_count': 29, 'fastest_turnaround': 'P24DT12H26M59S', 'location': {'response_mode': 'normal', 'id': 17, 'url': 'https://lldev.thespacedevs.com/2.3.0/locations/17/', 'name': ""Jiuquan Satellite Launch Center, People's Republic of China"", 'celestial_body': {'response_mode': 'normal', 'id': 1, 'name': 'Earth', 'type': {'id': 1, 'name': 'Planet'}, 'diameter': 12742000.0, 'mass': 5.972168e+24, 'gravity': 9.80655, 'length_of_day': '1 00:00:00', 'atmosphere': True, 'image': {'id': 2040, 'name': 'Earth (Apollo 17)', 'image_url': 'https://thespacedevs-dev.nyc3.digitaloceanspaces.com/media/images/earth_2528apol_image_20240402194304.jpeg', 'thumbnail_url': 'https://thespacedevs-dev.nyc3.digitaloceanspaces.com/media/images/earth_2528apol_image_thumbnail_20240402194305.jpeg', 'credit': 'NASA', 'license': {'id': 4, 'name': 'NASA Image and Media Guidelines', 'priority': 0, 'link': 'https://www.nasa.gov/nasa-brand-center/images-and-media/'}, 'single_use': True, 'variants': []}, 'description': 'Earth is the third planet from the Sun and the only astronomical object known to harbor life.', 'wiki_url': 'https://en.wikipedia.org/wiki/Earth', 'total_attempted_launches': 7584, 'successful_launches': 7028, 'failed_launches': 556, 'total_attempted_landings': 1351, 'successful_landings': 1302, 'failed_landings': 49}, 'active': True, 'country': {'id': 6, 'name': 'China', 'alpha_2_code': 'CN', 'alpha_3_code': 'CHN', 'nationality_name': 'Chinese', 'nationality_name_composed': 'Sino'}, 'description': 'Jiuquan Satellite Launch Center is a Chinese spaceport located between the Ejin, Alxa, Inner Mongolia and Hangtian Town, Jinta County, Jiuquan, Gansu Province. It is part of the Dongfeng Aerospace City (Base 10).', 'image': {'id': 1374, 'name': 'Long March 2F/G liftoff (Shenzhou 16)', 'image_url': 'https://thespacedevs-dev.nyc3.digitaloceanspaces.com/media/images/long2520march_image_20240101085213.jpeg', 'thumbnail_url': 'https://thespacedevs-dev.nyc3.digitaloceanspaces.com/media/images/255bauto255d__image_thumbnail_20240305192548.jpeg', 'credit': 'CMS', 'license': {'id': 1, 'name': 'Unknown', 'priority': 9, 'link': None}, 'single_use': False, 'variants': []}, 'map_image': 'https://thespacedevs-dev.nyc3.digitaloceanspaces.com/media/map_images/location_17_20200803142429.jpg', 'longitude': 100.291111, 'latitude': 40.958056, 'timezone_name': 'Asia/Shanghai', 'total_launch_count': 292, 'total_landing_count': 2}}, 'webcast_live': False, 'program': [{'response_mode': 'normal', 'id': 19, 'url': 'https://lldev.thespacedevs.com/2.3.0/programs/19/', 'name': 'Tiangong space station', 'image': {'id': 1893, 'name': '[AUTO] Tiangong space station - image', 'image_url': 'https://thespacedevs-dev.nyc3.digitaloceanspaces.com/media/images/chinese2520spa_program_20210608105528.png', 'thumbnail_url': 'https://thespacedevs-dev.nyc3.digitaloceanspaces.com/media/images/255bauto255d__image_thumbnail_20240305194050.png', 'credit': None, 'license': {'id': 1, 'name': 'Unknown', 'priority': 9, 'link': None}, 'single_use': True, 'variants': []}, 'info_url': None, 'wiki_url': 'https://en.wikipedia.org/wiki/Tiangong_space_station', 'description': 'The Tiangong space station is a space station placed in Low Earth orbit between 340 and 450 km above the surface.', 'agencies': [{'response_mode': 'list', 'id': 88, 'url': 'https://lldev.thespacedevs.com/2.3.0/agencies/88/', 'name': 'China Aerospace Science and Technology Corporation', 'abbrev': 'CASC', 'type': {'id': 1, 'name': 'Government'}}], 'start_date': '2021-04-29T03:23:00Z', 'end_date': None, 'mission_patches': [], 'type': {'id': 2, 'name': 'Human Spaceflight'}}, {'response_mode': 'normal', 'id': 7, 'url': 'https://lldev.thespacedevs.com/2.3.0/programs/7/', 'name': 'Shenzhou', 'image': {'id': 1888, 'name': '[AUTO] Shenzhou - image', 'image_url': 'https://thespacedevs-dev.nyc3.digitaloceanspaces.com/media/images/shenzhou_program_20200820204745.PNG', 'thumbnail_url': 'https://thespacedevs-dev.nyc3.digitaloceanspaces.com/media/images/255bauto255d__image_thumbnail_20240305194040.png', 'credit': None, 'license': {'id': 1, 'name': 'Unknown', 'priority': 9, 'link': None}, 'single_use': True, 'variants': []}, 'info_url': None, 'wiki_url': 'https://en.wikipedia.org/wiki/Shenzhou_program', 'description': 'The Shenzhou program is a crewed spaceflight initiative by China. The program put the first Chinese citizen, Yang Liwei, into orbit on 15 October 2003.', 'agencies': [{'response_mode': 'list', 'id': 17, 'url': 'https://lldev.thespacedevs.com/2.3.0/agencies/17/', 'name': 'China National Space Administration', 'abbrev': 'CNSA', 'type': {'id': 1, 'name': 'Government'}}], 'start_date': '1993-01-01T00:00:00Z', 'end_date': None, 'mission_patches': [], 'type': {'id': 2, 'name': 'Human Spaceflight'}}], 'orbital_launch_attempt_count': 7101, 'location_launch_attempt_count': 262, 'pad_launch_attempt_count': 26, 'agency_launch_attempt_count': 551, 'orbital_launch_attempt_count_year': 252, 'location_launch_attempt_count_year': 23, 'pad_launch_attempt_count_year': 2, 'agency_launch_attempt_count_year': 50}, 'duration': 'P13DT16H55M14S', 'turn_around_time': None, 'response_mode': 'normal'}",
66,1599,https://lldev.thespacedevs.com/2.3.0/landings/1599/,True,True,The Cargo Dragon C211 spacecraft has splashed down in the Pacific Ocean.,,"{'id': 18, 'name': 'Pacific Ocean', 'active': True, 'abbrev': 'PAC', 'description': 'Pacific Ocean', 'location': None, 'longitude': None, 'latitude': None, 'image': {'id': 2242, 'name': 'Pacific Ocean from the ISS', 'image_url': 'https://thespacedevs-dev.nyc3.digitaloceanspaces.com/media/images/pacific_ocean_f_image_20240920094534.jpg', 'thumbnail_url': 'https://thespacedevs-dev.nyc3.digitaloceanspaces.com/media/images/pacific_ocean_f_image_thumbnail_20240920094534.jpeg', 'credit': 'NASA', 'license': {'id': 4, 'name': 'NASA Image and Media Guidelines', 'priority': 0, 'link': 'https://www.nasa.gov/nasa-brand-center/images-and-media/'}, 'single_use': True, 'variants': []}, 'successful_landings': 53, 'attempted_landings': 55, 'failed_landings': 2, 'celestial_body': {'response_mode': 'normal', 'id': 1, 'name': 'Earth', 'type': {'id': 1, 'name': 'Planet'}, 'diameter': 12742000.0, 'mass': 5.972168e+24, 'gravity': 9.80655, 'length_of_day': '1 00:00:00', 'atmosphere': True, 'image': {'id': 2040, 'name': 'Earth (Apollo 17)', 'image_url': 'https://thespacedevs-dev.nyc3.digitaloceanspaces.com/media/images/earth_2528apol_image_20240402194304.jpeg', 'thumbnail_url': 'https://thespacedevs-dev.nyc3.digitaloceanspaces.com/media/images/earth_2528apol_image_thumbnail_20240402194305.jpeg', 'credit': 'NASA', 'license': {'id': 4, 'name': 'NASA Image and Media Guidelines', 'priority': 0, 'link': 'https://www.nasa.gov/nasa-brand-center/images-and-media/'}, 'single_use': True, 'variants': []}, 'description': 'Earth is the third planet from the Sun and the only astronomical object known to harbor life.', 'wiki_url': 'https://en.wikipedia.org/wiki/Earth'}}","{'id': 4, 'name': 'Parachute Landing', 'abbrev': 'PCL', 'description': 'Unpowered landing using parachute(s).'}",,normal,,"{'id': 878, 'url': 'https://lldev.thespacedevs.com/2.3.0/spacecraft_flights/878/', 'destination': 'International Space Station', 'mission_end': '2026-02-27T07:44:00Z', 'spacecraft': {'response_mode': 'normal', 'id': 554, 'url': 'https://lldev.thespacedevs.com/2.3.0/spacecraft/554/', 'name': 'Cargo Dragon C211', 'serial_number': 'C211', 'is_placeholder': False, 'image': {'id': 1086, 'name': 'Cargo Dragon docking', 'image_url': 'https://thespacedevs-dev.nyc3.digitaloceanspaces.com/media/images/crs-28_dragon_d_image_20230530191602.jpeg', 'thumbnail_url': 'https://thespacedevs-dev.nyc3.digitaloceanspaces.com/media/images/255bauto255d__image_thumbnail_20240305191606.jpeg', 'credit': 'NASA', 'license': {'id': 4, 'name': 'NASA Image and Media Guidelines', 'priority': 0, 'link': 'https://www.nasa.gov/nasa-brand-center/images-and-media/'}, 'single_use': False, 'variants': []}, 'in_space': False, 'time_in_space': 'P275DT8H1M27S', 'time_docked': 'P269DT2H24M', 'flights_count': 3, 'mission_ends_count': 3, 'status': {'id': 1, 'name': 'Active'}, 'description': 'Third Cargo Dragon 2', 'spacecraft_config': {'response_mode': 'normal', 'id': 7, 'url': 'https://lldev.thespacedevs.com/2.3.0/spacecraft_configurations/7/', 'name': 'Cargo Dragon 2', 'type': {'id': 2, 'name': 'Capsule'}, 'agency': {'response_mode': 'list', 'id': 121, 'url': 'https://lldev.thespacedevs.com/2.3.0/agencies/121/', 'name': 'SpaceX', 'abbrev': 'SpX', 'type': {'id': 3, 'name': 'Commercial'}}, 'family': [{'response_mode': 'normal', 'id': 6, 'name': 'Dragon', 'description': 'Dragon is a family of spacecraft developed and produced by American private space transportation company SpaceX.', 'manufacturer': {'response_mode': 'list', 'id': 121, 'url': 'https://lldev.thespacedevs.com/2.3.0/agencies/121/', 'name': 'SpaceX', 'abbrev': 'SpX', 'type': {'id': 3, 'name': 'Commercial'}}, 'parent': None, 'maiden_flight': '2010-12-08'}, {'response_mode': 'normal', 'id': 7, 'name': 'Dragon 2', 'description': 'Dragon 2 is a family of spacecraft developed and produced by American private space transportation company SpaceX. It was redesigned for human spaceflight, and is capable of docking to the ISS.', 'manufacturer': {'response_mode': 'list', 'id': 121, 'url': 'https://lldev.thespacedevs.com/2.3.0/agencies/121/', 'name': 'SpaceX', 'abbrev': 'SpX', 'type': {'id': 3, 'name': 'Commercial'}}, 'parent': {'response_mode': 'list', 'id': 6, 'name': 'Dragon'}, 'maiden_flight': '2019-03-02'}], 'in_use': True, 'image': {'id': 1086, 'name': 'Cargo Dragon docking', 'image_url': 'https://thespacedevs-dev.nyc3.digitaloceanspaces.com/media/images/crs-28_dragon_d_image_20230530191602.jpeg', 'thumbnail_url': 'https://thespacedevs-dev.nyc3.digitaloceanspaces.com/media/images/255bauto255d__image_thumbnail_20240305191606.jpeg', 'credit': 'NASA', 'license': {'id': 4, 'name': 'NASA Image and Media Guidelines', 'priority': 0, 'link': 'https://www.nasa.gov/nasa-brand-center/images-and-media/'}, 'single_use': False, 'variants': []}}, 'fastest_turnaround': 'P302DT15H9M14S'}, 'launch': {'id': 'e8e93778-657c-401c-9c88-3cd4c7c45c9d', 'url': 'https://lldev.thespacedevs.com/2.3.0/launches/e8e93778-657c-401c-9c88-3cd4c7c45c9d/', 'name': 'Falcon 9 Block 5 | Dragon CRS-2 SpX-33', 'response_mode': 'normal', 'slug': 'falcon-9-block-5-dragon-crs-2-spx-33', 'launch_designator': '2025-186', 'status': {'id': 3, 'name': 'Launch Successful', 'abbrev': 'Success', 'description': 'The launch vehicle successfully inserted its payload(s) into the target orbit(s).'}, 'last_updated': '2025-10-26T08:33:20Z', 'net': '2025-08-24T06:45:36Z', 'net_precision': {'id': 0, 'name': 'Second', 'abbrev': 'SEC', 'description': 'The T-0 is accurate to the second.'}, 'window_end': '2025-08-24T06:45:36Z', 'window_start': '2025-08-24T06:45:36Z', 'image': {'id': 1390, 'name': 'F9B5 liftoff from 39A with Cargo Dragon', 'image_url': 'https://thespacedevs-dev.nyc3.digitaloceanspaces.com/media/images/falcon2520925_image_20210520085648.jpeg', 'thumbnail_url': 'https://thespacedevs-dev.nyc3.digitaloceanspaces.com/media/images/255bauto255d__image_thumbnail_20240305192619.jpeg', 'credit': 'SpaceX', 'license': {'id': 5, 'name': 'CC BY-NC 2.0', 'priority': 1, 'link': 'https://creativecommons.org/licenses/by-nc/2.0/'}, 'single_use': False, 'variants': []}, 'infographic': None, 'probability': 70, 'weather_concerns': 'Cumulus Cloud Rule, Lightning Rule', 'failreason': '', 'hashtag': None, 'launch_service_provider': {'response_mode': 'list', 'id': 121, 'url': 'https://lldev.thespacedevs.com/2.3.0/agencies/121/', 'name': 'SpaceX', 'abbrev': 'SpX', 'type': {'id': 3, 'name': 'Commercial'}}, 'rocket': {'id': 7746, 'configuration': {'response_mode': 'list', 'id': 164, 'url': 'https://lldev.thespacedevs.com/2.3.0/launcher_configurations/164/', 'name': 'Falcon 9', 'families': [{'response_mode': 'list', 'id': 1, 'name': 'Falcon'}, {'response_mode': 'list', 'id': 176, 'name': 'Falcon 9'}], 'full_name': 'Falcon 9 Block 5', 'variant': 'Block 5'}}, 'mission': {'id': 6264, 'name': 'Dragon CRS-2 SpX-33', 'type': 'Resupply', 'description': '33rd commercial resupply services mission to the International Space Station operated by SpaceX. The flight will be conducted under the second Commercial Resupply Services contract with NASA.\r\n\r\nCargo Dragon 2 brings supplies and payloads, including critical materials to directly support science and research investigations that occur onboard the orbiting laboratory.\r\n\r\nThe CRS SpX-33 Mission will be the first mission including a boost module inside the dragons trunk for ISS orbit raising.', 'image': None, 'orbit': {'id': 8, 'name': 'Low Earth Orbit', 'abbrev': 'LEO', 'celestial_body': {'response_mode': 'list', 'id': 1, 'name': 'Earth'}}, 'agencies': [{'response_mode': 'normal', 'id': 44, 'url': 'https://lldev.thespacedevs.com/2.3.0/agencies/44/', 'name': 'National Aeronautics and Space Administration', 'abbrev': 'NASA', 'type': {'id': 1, 'name': 'Government'}, 'featured': True, 'country': [{'id': 2, 'name': 'United States of America', 'alpha_2_code': 'US', 'alpha_3_code': 'USA', 'nationality_name': 'American', 'nationality_name_composed': 'Americano'}], 'description': 'The National Aeronautics and Space Administration is an independent agency of the executive branch of the United States federal government responsible for the civilian space program, as well as aeronautics and aerospace research. NASA have many launch facilities but most are inactive. The most commonly used pad will be LC-39B at Kennedy Space Center in Florida.', 'administrator': 'Administrator: Jared Isaacman', 'founding_year': 1958, 'launchers': 'Space Shuttle | SLS', 'spacecraft': 'Orion', 'parent': None, 'image': {'id': 19, 'name': '[AUTO] National Aeronautics and Space Administration - image', 'image_url': 'https://thespacedevs-dev.nyc3.digitaloceanspaces.com/media/images/national2520aeronautics2520and2520space2520administration_image_20190207032448.jpeg', 'thumbnail_url': 'https://thespacedevs-dev.nyc3.digitaloceanspaces.com/media/images/255bauto255d__image_thumbnail_20240305184631.jpeg', 'credit': None, 'license': {'id': 1, 'name': 'Unknown', 'priority': 9, 'link': None}, 'single_use': True, 'variants': []}, 'logo': {'id': 161, 'name': '[AUTO] National Aeronautics and Space Administration - logo', 'image_url': 'https://thespacedevs-dev.nyc3.digitaloceanspaces.com/media/images/national2520aeronautics2520and2520space2520administration_logo_20190207032448.png', 'thumbnail_url': 'https://thespacedevs-dev.nyc3.digitaloceanspaces.com/media/images/255bauto255d__image_thumbnail_20240305185043.png', 'credit': None, 'license': {'id': 1, 'name': 'Unknown', 'priority': 9, 'link': None}, 'single_use': True, 'variants': []}, 'social_logo': {'id': 76, 'name': '[AUTO] National Aeronautics and Space Administration - social_logo', 'image_url': 'https://thespacedevs-dev.nyc3.digitaloceanspaces.com/media/images/national2520aeronautics2520and2520space2520administration_nation_20230803040809.jpg', 'thumbnail_url': 'https://thespacedevs-dev.nyc3.digitaloceanspaces.com/media/images/255bauto255d__image_thumbnail_20240305184823.jpeg', 'credit': None, 'license': {'id': 1, 'name': 'Unknown', 'priority': 9, 'link': None}, 'single_use': True, 'variants': []}, 'total_launch_count': 142, 'consecutive_successful_launches': 12, 'successful_launches': 122, 'failed_launches': 20, 'pending_launches': 5, 'consecutive_successful_landings': 0, 'successful_landings': 0, 'failed_landings': 0, 'attempted_landings': 0, 'successful_landings_spacecraft': 179, 'failed_landings_spacecraft': 2, 'attempted_landings_spacecraft': 181, 'successful_landings_payload': 0, 'failed_landings_payload': 0, 'attempted_landings_payload': 0, 'info_url': 'https://www.nasa.gov', 'wiki_url': 'https://en.wikipedia.org/wiki/National_Aeronautics_and_Space_Administration', 'social_media_links': []}], 'info_urls': [], 'vid_urls': []}, 'pad': {'id': 80, 'url': 'https://lldev.thespacedevs.com/2.3.0/pads/80/', 'active': True, 'agencies': [{'response_mode': 'normal', 'id': 121, 'url': 'https://lldev.thespacedevs.com/2.3.0/agencies/121/', 'name': 'SpaceX', 'abbrev': 'SpX', 'type': {'id': 3, 'name': 'Commercial'}, 'featured': True, 'country': [{'id': 2, 'name': 'United States of America', 'alpha_2_code': 'US', 'alpha_3_code': 'USA', 'nationality_name': 'American', 'nationality_name_composed': 'Americano'}], 'description': 'Space Exploration Technologies Corp., known as SpaceX, is an American aerospace manufacturer and space transport services company headquartered in Hawthorne, California. It was founded in 2002 by entrepreneur Elon Musk with the goal of reducing space transportation costs and enabling the colonization of Mars. SpaceX operates from many pads, on the East Coast of the US they operate from SLC-40 at Cape Canaveral Space Force Station and historic LC-39A at Kennedy Space Center. They also operate from SLC-4E at Vandenberg Space Force Base, California, usually for polar launches. Another launch site is being developed at Boca Chica, Texas.', 'administrator': 'CEO: Elon Musk', 'founding_year': 2002, 'launchers': 'Falcon | Starship', 'spacecraft': 'Dragon', 'parent': None, 'image': {'id': 1736, 'name': 'Falcon 9 liftoff from LC-39A', 'image_url': 'https://thespacedevs-dev.nyc3.digitaloceanspaces.com/media/images/falcon_9_image_20230807133459.jpeg', 'thumbnail_url': 'https://thespacedevs-dev.nyc3.digitaloceanspaces.com/media/images/255bauto255d__image_thumbnail_20240305193628.jpeg', 'credit': 'SpaceX', 'license': {'id': 5, 'name': 'CC BY-NC 2.0', 'priority': 1, 'link': 'https://creativecommons.org/licenses/by-nc/2.0/'}, 'single_use': False, 'variants': []}, 'logo': {'id': 186, 'name': 'SpaceX logo', 'image_url': 'https://thespacedevs-dev.nyc3.digitaloceanspaces.com/media/images/spacex_logo_20220826094919.png', 'thumbnail_url': 'https://thespacedevs-dev.nyc3.digitaloceanspaces.com/media/images/255bauto255d__image_thumbnail_20240305185138.png', 'credit': 'SpaceX', 'license': {'id': 5, 'name': 'CC BY-NC 2.0', 'priority': 1, 'link': 'https://creativecommons.org/licenses/by-nc/2.0/'}, 'single_use': True, 'variants': []}, 'social_logo': {'id': 94, 'name': 'SpaceX social logo', 'image_url': 'https://thespacedevs-dev.nyc3.digitaloceanspaces.com/media/images/spacex_social_l_image_20260407054626.jpg', 'thumbnail_url': 'https://thespacedevs-dev.nyc3.digitaloceanspaces.com/media/images/spacex_social_l_image_thumbnail_20260407054626.jpeg', 'credit': 'SpaceX', 'license': {'id': 5, 'name': 'CC BY-NC 2.0', 'priority': 1, 'link': 'https://creativecommons.org/licenses/by-nc/2.0/'}, 'single_use': True, 'variants': []}}], 'name': 'Space Launch Complex 40', 'image': {'id': 2113, 'name': 'F9 liftoff from SLC-40 (SES-24)', 'image_url': 'https://thespacedevs-dev.nyc3.digitaloceanspaces.com/media/images/f9_liftoff_from_image_20240621050513.jpeg', 'thumbnail_url': 'https://thespacedevs-dev.nyc3.digitaloceanspaces.com/media/images/f9_liftoff_from_image_thumbnail_20240621050514.jpeg', 'credit': 'SpaceX', 'license': {'id': 5, 'name': 'CC BY-NC 2.0', 'priority': 1, 'link': 'https://creativecommons.org/licenses/by-nc/2.0/'}, 'single_use': False, 'variants': []}, 'description': '', 'info_url': None, 'wiki_url': 'https://en.wikipedia.org/wiki/Cape_Canaveral_Air_Force_Station_Space_Launch_Complex_40', 'map_url': 'https://www.google.com/maps?q=28.56194122,-80.57735736', 'latitude': 28.56194122, 'longitude': -80.57735736, 'country': {'id': 2, 'name': 'United States of America', 'alpha_2_code': 'US', 'alpha_3_code': 'USA', 'nationality_name': 'American', 'nationality_name_composed': 'Americano'}, 'map_image': 'https://thespacedevs-dev.nyc3.digitaloceanspaces.com/media/map_images/pad_80_20200803143323.jpg', 'total_launch_count': 396, 'orbital_launch_attempt_count': 396, 'fastest_turnaround': 'P1DT21H', 'location': {'response_mode': 'normal', 'id': 12, 'url': 'https://lldev.thespacedevs.com/2.3.0/locations/12/', 'name': 'Cape Canaveral SFS, FL, USA', 'celestial_body': {'response_mode': 'normal', 'id': 1, 'name': 'Earth', 'type': {'id': 1, 'name': 'Planet'}, 'diameter': 12742000.0, 'mass': 5.972168e+24, 'gravity': 9.80655, 'length_of_day': '1 00:00:00', 'atmosphere': True, 'image': {'id': 2040, 'name': 'Earth (Apollo 17)', 'image_url': 'https://thespacedevs-dev.nyc3.digitaloceanspaces.com/media/images/earth_2528apol_image_20240402194304.jpeg', 'thumbnail_url': 'https://thespacedevs-dev.nyc3.digitaloceanspaces.com/media/images/earth_2528apol_image_thumbnail_20240402194305.jpeg', 'credit': 'NASA', 'license': {'id': 4, 'name': 'NASA Image and Media Guidelines', 'priority': 0, 'link': 'https://www.nasa.gov/nasa-brand-center/images-and-media/'}, 'single_use': True, 'variants': []}, 'description': 'Earth is the third planet from the Sun and the only astronomical object known to harbor life.', 'wiki_url': 'https://en.wikipedia.org/wiki/Earth', 'total_attempted_launches': 7584, 'successful_launches': 7028, 'failed_launches': 556, 'total_attempted_landings': 1351, 'successful_landings': 1302, 'failed_landings': 49}, 'active': True, 'country': {'id': 2, 'name': 'United States of America', 'alpha_2_code': 'US', 'alpha_3_code': 'USA', 'nationality_name': 'American', 'nationality_name_composed': 'Americano'}, 'description': ""Cape Canaveral Space Force Station (CCSFS) is an installation of the United States Space Force's Space Launch Delta 45, located on Cape Canaveral in Brevard County, Florida."", 'image': {'id': 2200, 'name': 'Cape Canaveral & KSC seen from orbit (STS-43)', 'image_url': 'https://thespacedevs-dev.nyc3.digitaloceanspaces.com/media/images/cape_canaveral__image_20240918151615.jpg', 'thumbnail_url': 'https://thespacedevs-dev.nyc3.digitaloceanspaces.com/media/images/cape_canaveral__image_thumbnail_20240918151616.jpeg', 'credit': 'NASA', 'license': {'id': 4, 'name': 'NASA Image and Media Guidelines', 'priority': 0, 'link': 'https://www.nasa.gov/nasa-brand-center/images-and-media/'}, 'single_use': True, 'variants': []}, 'map_image': 'https://thespacedevs-dev.nyc3.digitaloceanspaces.com/media/map_images/location_12_20200803142519.jpg', 'longitude': -80.577778, 'latitude': 28.488889, 'timezone_name': 'America/New_York', 'total_launch_count': 1124, 'total_landing_count': 76}}, 'webcast_live': False, 'program': [{'response_mode': 'normal', 'id': 17, 'url': 'https://lldev.thespacedevs.com/2.3.0/programs/17/', 'name': 'International Space Station', 'image': {'id': 1874, 'name': '[AUTO] International Space Station - image', 'image_url': 'https://thespacedevs-dev.nyc3.digitaloceanspaces.com/media/images/international2_program_20201129184745.png', 'thumbnail_url': 'https://thespacedevs-dev.nyc3.digitaloceanspaces.com/media/images/255bauto255d__image_thumbnail_20240305194014.png', 'credit': None, 'license': {'id': 1, 'name': 'Unknown', 'priority': 9, 'link': None}, 'single_use': True, 'variants': []}, 'info_url': 'https://www.nasa.gov/mission_pages/station/main/index.html', 'wiki_url': 'https://en.wikipedia.org/wiki/International_Space_Station_programme', 'description': 'The International Space Station programme is tied together by a complex set of legal, political and financial agreements between the sixteen nations involved in the project, governing ownership of the various components, rights to crewing and utilization, and responsibilities for crew rotation and resupply of the International Space Station. It was conceived in 1984 by President Ronald Reagan, during the Space Station Freedom project as it was originally called.', 'agencies': [{'response_mode': 'list', 'id': 16, 'url': 'https://lldev.thespacedevs.com/2.3.0/agencies/16/', 'name': 'Canadian Space Agency', 'abbrev': 'CSA', 'type': {'id': 1, 'name': 'Government'}}, {'response_mode': 'list', 'id': 27, 'url': 'https://lldev.thespacedevs.com/2.3.0/agencies/27/', 'name': 'European Space Agency', 'abbrev': 'ESA', 'type': {'id': 2, 'name': 'Multinational'}}, {'response_mode': 'list', 'id': 37, 'url': 'https://lldev.thespacedevs.com/2.3.0/agencies/37/', 'name': 'Japan Aerospace Exploration Agency', 'abbrev': 'JAXA', 'type': {'id': 1, 'name': 'Government'}}, {'response_mode': 'list', 'id': 44, 'url': 'https://lldev.thespacedevs.com/2.3.0/agencies/44/', 'name': 'National Aeronautics and Space Administration', 'abbrev': 'NASA', 'type': {'id': 1, 'name': 'Government'}}, {'response_mode': 'list', 'id': 63, 'url': 'https://lldev.thespacedevs.com/2.3.0/agencies/63/', 'name': 'Russian Federal Space Agency (ROSCOSMOS)', 'abbrev': 'RFSA', 'type': {'id': 1, 'name': 'Government'}}], 'start_date': '1998-11-20T06:40:00Z', 'end_date': None, 'mission_patches': [], 'type': {'id': 2, 'name': 'Human Spaceflight'}}, {'response_mode': 'normal', 'id': 11, 'url': 'https://lldev.thespacedevs.com/2.3.0/programs/11/', 'name': 'Commercial Resupply Services', 'image': {'id': 1878, 'name': '[AUTO] Commercial Resupply Services - image', 'image_url': 'https://thespacedevs-dev.nyc3.digitaloceanspaces.com/media/images/commercial2520_program_20201129212219.png', 'thumbnail_url': 'https://thespacedevs-dev.nyc3.digitaloceanspaces.com/media/images/255bauto255d__image_thumbnail_20240305194021.png', 'credit': None, 'license': {'id': 1, 'name': 'Unknown', 'priority': 9, 'link': None}, 'single_use': True, 'variants': []}, 'info_url': None, 'wiki_url': 'https://en.wikipedia.org/wiki/Commercial_Resupply_Services#Commercial_Resupply_Services', 'description': 'Commercial Resupply Services (CRS) are a series of flights awarded by NASA for the delivery of cargo and supplies to the International Space Station.The first CRS contracts were signed in 2008 and awarded $1.6 billion to SpaceX for twelve cargo Dragon and $1.9 billion to Orbital Sciences for eight Cygnus flights, covering deliveries to 2016. The Falcon 9 and Antares rockets were also developed under the CRS program to deliver cargo spacecraft to the ISS.', 'agencies': [{'response_mode': 'list', 'id': 44, 'url': 'https://lldev.thespacedevs.com/2.3.0/agencies/44/', 'name': 'National Aeronautics and Space Administration', 'abbrev': 'NASA', 'type': {'id': 1, 'name': 'Government'}}, {'response_mode': 'list', 'id': 257, 'url': 'https://lldev.thespacedevs.com/2.3.0/agencies/257/', 'name': 'Northrop Grumman Space Systems', 'abbrev': 'NGSS', 'type': {'id': 3, 'name': 'Commercial'}}, {'response_mode': 'list', 'id': 1020, 'url': 'https://lldev.thespacedevs.com/2.3.0/agencies/1020/', 'name': 'Sierra Nevada Corporation', 'abbrev': 'SNC', 'type': {'id': 3, 'name': 'Commercial'}}, {'response_mode': 'list', 'id': 121, 'url': 'https://lldev.thespacedevs.com/2.3.0/agencies/121/', 'name': 'SpaceX', 'abbrev': 'SpX', 'type': {'id': 3, 'name': 'Commercial'}}], 'start_date': '2008-12-23T00:00:00Z', 'end_date': None, 'mission_patches': [], 'type': {'id': 2, 'name': 'Human Spaceflight'}}], 'orbital_launch_attempt_count': 7041, 'location_launch_attempt_count': 1047, 'pad_launch_attempt_count': 329, 'agency_launch_attempt_count': 555, 'orbital_launch_attempt_count_year': 192, 'location_launch_attempt_count_year': 53, 'pad_launch_attempt_count_year': 49, 'agency_launch_attempt_count_year': 106}, 'duration': 'P187DT58M24S', 'turn_around_time': 'P610DT13H12M36S', 'response_mode': 'normal'}",
67,1600,https://lldev.thespacedevs.com/2.3.0/landings/1600/,True,True,The Cargo Dragon C209 spacecraft has splashed down in the Pacific Ocean.,,"{'id': 18, 'name': 'Pacific Ocean', 'active': True, 'abbrev': 'PAC', 'description': 'Pacific Ocean', 'location': None, 'longitude': None, 'latitude': None, 'image': {'id': 2242, 'name': 'Pacific Ocean from the ISS', 'image_url': 'https://thespacedevs-dev.nyc3.digitaloceanspaces.com/media/images/pacific_ocean_f_image_20240920094534.jpg', 'thumbnail_url': 'https://thespacedevs-dev.nyc3.digitaloceanspaces.com/media/images/pacific_ocean_f_image_thumbnail_20240920094534.jpeg', 'credit': 'NASA', 'license': {'id': 4, 'name': 'NASA Image and Media Guidelines', 'priority': 0, 'link': 'https://www.nasa.gov/nasa-brand-center/images-and-media/'}, 'single_use': True, 'variants': []}, 'successful_landings': 53, 'attempted_landings': 55, 'failed_landings': 2, 'celestial_body': {'response_mode': 'normal', 'id': 1, 'name': 'Earth', 'type': {'id': 1, 'name': 'Planet'}, 'diameter': 12742000.0, 'mass': 5.972168e+24, 'gravity': 9.80655, 'length_of_day': '1 00:00:00', 'atmosphere': True, 'image': {'id': 2040, 'name': 'Earth (Apollo 17)', 'image_url': 'https://thespacedevs-dev.nyc3.digitaloceanspaces.com/media/images/earth_2528apol_image_20240402194304.jpeg', 'thumbnail_url': 'https://thespacedevs-dev.nyc3.digitaloceanspaces.com/media/images/earth_2528apol_image_thumbnail_20240402194305.jpeg', 'credit': 'NASA', 'license': {'id': 4, 'name': 'NASA Image and Media Guidelines', 'priority': 0, 'link': 'https://www.nasa.gov/nasa-brand-center/images-and-media/'}, 'single_use': True, 'variants': []}, 'description': 'Earth is the third planet from the Sun and the only astronomical object known to harbor life.', 'wiki_url': 'https://en.wikipedia.org/wiki/Earth'}}","{'id': 4, 'name': 'Parachute Landing', 'abbrev': 'PCL', 'description': 'Unpowered landing using parachute(s).'}",,normal,,"{'id': 879, 'url': 'https://lldev.thespacedevs.com/2.3.0/spacecraft_flights/879/', 'destination': 'ISS', 'mission_end': '2026-06-17T12:11:00Z', 'spacecraft': {'response_mode': 'normal', 'id': 474, 'url': 'https://lldev.thespacedevs.com/2.3.0/spacecraft/474/', 'name': 'Cargo Dragon C209', 'serial_number': 'C209', 'is_placeholder': False, 'image': {'id': 1086, 'name': 'Cargo Dragon docking', 'image_url': 'https://thespacedevs-dev.nyc3.digitaloceanspaces.com/media/images/crs-28_dragon_d_image_20230530191602.jpeg', 'thumbnail_url': 'https://thespacedevs-dev.nyc3.digitaloceanspaces.com/media/images/255bauto255d__image_thumbnail_20240305191606.jpeg', 'credit': 'NASA', 'license': {'id': 4, 'name': 'NASA Image and Media Guidelines', 'priority': 0, 'link': 'https://www.nasa.gov/nasa-brand-center/images-and-media/'}, 'single_use': False, 'variants': []}, 'in_space': False, 'time_in_space': 'P208DT13H41M20S', 'time_docked': 'P193DT7H13M23S', 'flights_count': 6, 'mission_ends_count': 6, 'status': {'id': 1, 'name': 'Active'}, 'description': 'Second Cargo Dragon 2', 'spacecraft_config': {'response_mode': 'normal', 'id': 7, 'url': 'https://lldev.thespacedevs.com/2.3.0/spacecraft_configurations/7/', 'name': 'Cargo Dragon 2', 'type': {'id': 2, 'name': 'Capsule'}, 'agency': {'response_mode': 'list', 'id': 121, 'url': 'https://lldev.thespacedevs.com/2.3.0/agencies/121/', 'name': 'SpaceX', 'abbrev': 'SpX', 'type': {'id': 3, 'name': 'Commercial'}}, 'family': [{'response_mode': 'normal', 'id': 6, 'name': 'Dragon', 'description': 'Dragon is a family of spacecraft developed and produced by American private space transportation company SpaceX.', 'manufacturer': {'response_mode': 'list', 'id': 121, 'url': 'https://lldev.thespacedevs.com/2.3.0/agencies/121/', 'name': 'SpaceX', 'abbrev': 'SpX', 'type': {'id': 3, 'name': 'Commercial'}}, 'parent': None, 'maiden_flight': '2010-12-08'}, {'response_mode': 'normal', 'id': 7, 'name': 'Dragon 2', 'description': 'Dragon 2 is a family of spacecraft developed and produced by American private space transportation company SpaceX. It was redesigned for human spaceflight, and is capable of docking to the ISS.', 'manufacturer': {'response_mode': 'list', 'id': 121, 'url': 'https://lldev.thespacedevs.com/2.3.0/agencies/121/', 'name': 'SpaceX', 'abbrev': 'SpX', 'type': {'id': 3, 'name': 'Commercial'}}, 'parent': {'response_mode': 'list', 'id': 6, 'name': 'Dragon'}, 'maiden_flight': '2019-03-02'}], 'in_use': True, 'image': {'id': 1086, 'name': 'Cargo Dragon docking', 'image_url': 'https://thespacedevs-dev.nyc3.digitaloceanspaces.com/media/images/crs-28_dragon_d_image_20230530191602.jpeg', 'thumbnail_url': 'https://thespacedevs-dev.nyc3.digitaloceanspaces.com/media/images/255bauto255d__image_thumbnail_20240305191606.jpeg', 'credit': 'NASA', 'license': {'id': 4, 'name': 'NASA Image and Media Guidelines', 'priority': 0, 'link': 'https://www.nasa.gov/nasa-brand-center/images-and-media/'}, 'single_use': False, 'variants': []}}, 'fastest_turnaround': 'P164DT6H38M8S'}, 'launch': {'id': 'e60aa241-1f2c-4459-ba94-2f576c3e5632', 'url': 'https://lldev.thespacedevs.com/2.3.0/launches/e60aa241-1f2c-4459-ba94-2f576c3e5632/', 'name': 'Falcon 9 Block 5 | Dragon CRS-2 SpX-34', 'response_mode': 'normal', 'slug': 'falcon-9-block-5-dragon-crs-2-spx-34', 'launch_designator': '2026-107', 'status': {'id': 3, 'name': 'Launch Successful', 'abbrev': 'Success', 'description': 'The launch vehicle successfully inserted its payload(s) into the target orbit(s).'}, 'last_updated': '2026-05-16T05:14:50Z', 'net': '2026-05-15T22:05:41Z', 'net_precision': {'id': 0, 'name': 'Second', 'abbrev': 'SEC', 'description': 'The T-0 is accurate to the second.'}, 'window_end': '2026-05-15T22:05:41Z', 'window_start': '2026-05-15T22:05:41Z', 'image': {'id': 1390, 'name': 'F9B5 liftoff from 39A with Cargo Dragon', 'image_url': 'https://thespacedevs-dev.nyc3.digitaloceanspaces.com/media/images/falcon2520925_image_20210520085648.jpeg', 'thumbnail_url': 'https://thespacedevs-dev.nyc3.digitaloceanspaces.com/media/images/255bauto255d__image_thumbnail_20240305192619.jpeg', 'credit': 'SpaceX', 'license': {'id': 5, 'name': 'CC BY-NC 2.0', 'priority': 1, 'link': 'https://creativecommons.org/licenses/by-nc/2.0/'}, 'single_use': False, 'variants': []}, 'infographic': None, 'probability': 95, 'weather_concerns': 'Cumulus Cloud Rule', 'failreason': '', 'hashtag': None, 'launch_service_provider': {'response_mode': 'list', 'id': 121, 'url': 'https://lldev.thespacedevs.com/2.3.0/agencies/121/', 'name': 'SpaceX', 'abbrev': 'SpX', 'type': {'id': 3, 'name': 'Commercial'}}, 'rocket': {'id': 7747, 'configuration': {'response_mode': 'list', 'id': 164, 'url': 'https://lldev.thespacedevs.com/2.3.0/launcher_configurations/164/', 'name': 'Falcon 9', 'families': [{'response_mode': 'list', 'id': 1, 'name': 'Falcon'}, {'response_mode': 'list', 'id': 176, 'name': 'Falcon 9'}], 'full_name': 'Falcon 9 Block 5', 'variant': 'Block 5'}}, 'mission': {'id': 6265, 'name': 'Dragon CRS-2 SpX-34', 'type': 'Resupply', 'description': '34th commercial resupply services mission to the International Space Station operated by SpaceX. The flight will be conducted under the second Commercial Resupply Services contract with NASA.\r\n\r\nCargo Dragon 2 brings supplies and payloads, including critical materials to directly support science and research investigations that occur onboard the orbiting laboratory.', 'image': None, 'orbit': {'id': 8, 'name': 'Low Earth Orbit', 'abbrev': 'LEO', 'celestial_body': {'response_mode': 'list', 'id': 1, 'name': 'Earth'}}, 'agencies': [{'response_mode': 'normal', 'id': 44, 'url': 'https://lldev.thespacedevs.com/2.3.0/agencies/44/', 'name': 'National Aeronautics and Space Administration', 'abbrev': 'NASA', 'type': {'id': 1, 'name': 'Government'}, 'featured': True, 'country': [{'id': 2, 'name': 'United States of America', 'alpha_2_code': 'US', 'alpha_3_code': 'USA', 'nationality_name': 'American', 'nationality_name_composed': 'Americano'}], 'description': 'The National Aeronautics and Space Administration is an independent agency of the executive branch of the United States federal government responsible for the civilian space program, as well as aeronautics and aerospace research. NASA have many launch facilities but most are inactive. The most commonly used pad will be LC-39B at Kennedy Space Center in Florida.', 'administrator': 'Administrator: Jared Isaacman', 'founding_year': 1958, 'launchers': 'Space Shuttle | SLS', 'spacecraft': 'Orion', 'parent': None, 'image': {'id': 19, 'name': '[AUTO] National Aeronautics and Space Administration - image', 'image_url': 'https://thespacedevs-dev.nyc3.digitaloceanspaces.com/media/images/national2520aeronautics2520and2520space2520administration_image_20190207032448.jpeg', 'thumbnail_url': 'https://thespacedevs-dev.nyc3.digitaloceanspaces.com/media/images/255bauto255d__image_thumbnail_20240305184631.jpeg', 'credit': None, 'license': {'id': 1, 'name': 'Unknown', 'priority': 9, 'link': None}, 'single_use': True, 'variants': []}, 'logo': {'id': 161, 'name': '[AUTO] National Aeronautics and Space Administration - logo', 'image_url': 'https://thespacedevs-dev.nyc3.digitaloceanspaces.com/media/images/national2520aeronautics2520and2520space2520administration_logo_20190207032448.png', 'thumbnail_url': 'https://thespacedevs-dev.nyc3.digitaloceanspaces.com/media/images/255bauto255d__image_thumbnail_20240305185043.png', 'credit': None, 'license': {'id': 1, 'name': 'Unknown', 'priority': 9, 'link': None}, 'single_use': True, 'variants': []}, 'social_logo': {'id': 76, 'name': '[AUTO] National Aeronautics and Space Administration - social_logo', 'image_url': 'https://thespacedevs-dev.nyc3.digitaloceanspaces.com/media/images/national2520aeronautics2520and2520space2520administration_nation_20230803040809.jpg', 'thumbnail_url': 'https://thespacedevs-dev.nyc3.digitaloceanspaces.com/media/images/255bauto255d__image_thumbnail_20240305184823.jpeg', 'credit': None, 'license': {'id': 1, 'name': 'Unknown', 'priority': 9, 'link': None}, 'single_use': True, 'variants': []}, 'total_launch_count': 142, 'consecutive_successful_launches': 12, 'successful_launches': 122, 'failed_launches': 20, 'pending_launches': 5, 'consecutive_successful_landings': 0, 'successful_landings': 0, 'failed_landings': 0, 'attempted_landings': 0, 'successful_landings_spacecraft': 179, 'failed_landings_spacecraft': 2, 'attempted_landings_spacecraft': 181, 'successful_landings_payload': 0, 'failed_landings_payload': 0, 'attempted_landings_payload': 0, 'info_url': 'https://www.nasa.gov', 'wiki_url': 'https://en.wikipedia.org/wiki/National_Aeronautics_and_Space_Administration', 'social_media_links': []}], 'info_urls': [], 'vid_urls': []}, 'pad': {'id': 80, 'url': 'https://lldev.thespacedevs.com/2.3.0/pads/80/', 'active': True, 'agencies': [{'response_mode': 'normal', 'id': 121, 'url': 'https://lldev.thespacedevs.com/2.3.0/agencies/121/', 'name': 'SpaceX', 'abbrev': 'SpX', 'type': {'id': 3, 'name': 'Commercial'}, 'featured': True, 'country': [{'id': 2, 'name': 'United States of America', 'alpha_2_code': 'US', 'alpha_3_code': 'USA', 'nationality_name': 'American', 'nationality_name_composed': 'Americano'}], 'description': 'Space Exploration Technologies Corp., known as SpaceX, is an American aerospace manufacturer and space transport services company headquartered in Hawthorne, California. It was founded in 2002 by entrepreneur Elon Musk with the goal of reducing space transportation costs and enabling the colonization of Mars. SpaceX operates from many pads, on the East Coast of the US they operate from SLC-40 at Cape Canaveral Space Force Station and historic LC-39A at Kennedy Space Center. They also operate from SLC-4E at Vandenberg Space Force Base, California, usually for polar launches. Another launch site is being developed at Boca Chica, Texas.', 'administrator': 'CEO: Elon Musk', 'founding_year': 2002, 'launchers': 'Falcon | Starship', 'spacecraft': 'Dragon', 'parent': None, 'image': {'id': 1736, 'name': 'Falcon 9 liftoff from LC-39A', 'image_url': 'https://thespacedevs-dev.nyc3.digitaloceanspaces.com/media/images/falcon_9_image_20230807133459.jpeg', 'thumbnail_url': 'https://thespacedevs-dev.nyc3.digitaloceanspaces.com/media/images/255bauto255d__image_thumbnail_20240305193628.jpeg', 'credit': 'SpaceX', 'license': {'id': 5, 'name': 'CC BY-NC 2.0', 'priority': 1, 'link': 'https://creativecommons.org/licenses/by-nc/2.0/'}, 'single_use': False, 'variants': []}, 'logo': {'id': 186, 'name': 'SpaceX logo', 'image_url': 'https://thespacedevs-dev.nyc3.digitaloceanspaces.com/media/images/spacex_logo_20220826094919.png', 'thumbnail_url': 'https://thespacedevs-dev.nyc3.digitaloceanspaces.com/media/images/255bauto255d__image_thumbnail_20240305185138.png', 'credit': 'SpaceX', 'license': {'id': 5, 'name': 'CC BY-NC 2.0', 'priority': 1, 'link': 'https://creativecommons.org/licenses/by-nc/2.0/'}, 'single_use': True, 'variants': []}, 'social_logo': {'id': 94, 'name': 'SpaceX social logo', 'image_url': 'https://thespacedevs-dev.nyc3.digitaloceanspaces.com/media/images/spacex_social_l_image_20260407054626.jpg', 'thumbnail_url': 'https://thespacedevs-dev.nyc3.digitaloceanspaces.com/media/images/spacex_social_l_image_thumbnail_20260407054626.jpeg', 'credit': 'SpaceX', 'license': {'id': 5, 'name': 'CC BY-NC 2.0', 'priority': 1, 'link': 'https://creativecommons.org/licenses/by-nc/2.0/'}, 'single_use': True, 'variants': []}}], 'name': 'Space Launch Complex 40', 'image': {'id': 2113, 'name': 'F9 liftoff from SLC-40 (SES-24)', 'image_url': 'https://thespacedevs-dev.nyc3.digitaloceanspaces.com/media/images/f9_liftoff_from_image_20240621050513.jpeg', 'thumbnail_url': 'https://thespacedevs-dev.nyc3.digitaloceanspaces.com/media/images/f9_liftoff_from_image_thumbnail_20240621050514.jpeg', 'credit': 'SpaceX', 'license': {'id': 5, 'name': 'CC BY-NC 2.0', 'priority': 1, 'link': 'https://creativecommons.org/licenses/by-nc/2.0/'}, 'single_use': False, 'variants': []}, 'description': '', 'info_url': None, 'wiki_url': 'https://en.wikipedia.org/wiki/Cape_Canaveral_Air_Force_Station_Space_Launch_Complex_40', 'map_url': 'https://www.google.com/maps?q=28.56194122,-80.57735736', 'latitude': 28.56194122, 'longitude': -80.57735736, 'country': {'id': 2, 'name': 'United States of America', 'alpha_2_code': 'US', 'alpha_3_code': 'USA', 'nationality_name': 'American', 'nationality_name_composed': 'Americano'}, 'map_image': 'https://thespacedevs-dev.nyc3.digitaloceanspaces.com/media/map_images/pad_80_20200803143323.jpg', 'total_launch_count': 396, 'orbital_launch_attempt_count': 396, 'fastest_turnaround': 'P1DT21H', 'location': {'response_mode': 'normal', 'id': 12, 'url': 'https://lldev.thespacedevs.com/2.3.0/locations/12/', 'name': 'Cape Canaveral SFS, FL, USA', 'celestial_body': {'response_mode': 'normal', 'id': 1, 'name': 'Earth', 'type': {'id': 1, 'name': 'Planet'}, 'diameter': 12742000.0, 'mass': 5.972168e+24, 'gravity': 9.80655, 'length_of_day': '1 00:00:00', 'atmosphere': True, 'image': {'id': 2040, 'name': 'Earth (Apollo 17)', 'image_url': 'https://thespacedevs-dev.nyc3.digitaloceanspaces.com/media/images/earth_2528apol_image_20240402194304.jpeg', 'thumbnail_url': 'https://thespacedevs-dev.nyc3.digitaloceanspaces.com/media/images/earth_2528apol_image_thumbnail_20240402194305.jpeg', 'credit': 'NASA', 'license': {'id': 4, 'name': 'NASA Image and Media Guidelines', 'priority': 0, 'link': 'https://www.nasa.gov/nasa-brand-center/images-and-media/'}, 'single_use': True, 'variants': []}, 'description': 'Earth is the third planet from the Sun and the only astronomical object known to harbor life.', 'wiki_url': 'https://en.wikipedia.org/wiki/Earth', 'total_attempted_launches': 7584, 'successful_launches': 7028, 'failed_launches': 556, 'total_attempted_landings': 1351, 'successful_landings': 1302, 'failed_landings': 49}, 'active': True, 'country': {'id': 2, 'name': 'United States of America', 'alpha_2_code': 'US', 'alpha_3_code': 'USA', 'nationality_name': 'American', 'nationality_name_composed': 'Americano'}, 'description': ""Cape Canaveral Space Force Station (CCSFS) is an installation of the United States Space Force's Space Launch Delta 45, located on Cape Canaveral in Brevard County, Florida."", 'image': {'id': 2200, 'name': 'Cape Canaveral & KSC seen from orbit (STS-43)', 'image_url': 'https://thespacedevs-dev.nyc3.digitaloceanspaces.com/media/images/cape_canaveral__image_20240918151615.jpg', 'thumbnail_url': 'https://thespacedevs-dev.nyc3.digitaloceanspaces.com/media/images/cape_canaveral__image_thumbnail_20240918151616.jpeg', 'credit': 'NASA', 'license': {'id': 4, 'name': 'NASA Image and Media Guidelines', 'priority': 0, 'link': 'https://www.nasa.gov/nasa-brand-center/images-and-media/'}, 'single_use': True, 'variants': []}, 'map_image': 'https://thespacedevs-dev.nyc3.digitaloceanspaces.com/media/map_images/location_12_20200803142519.jpg', 'longitude': -80.577778, 'latitude': 28.488889, 'timezone_name': 'America/New_York', 'total_launch_count': 1124, 'total_landing_count': 76}}, 'webcast_live': False, 'program': [{'response_mode': 'normal', 'id': 17, 'url': 'https://lldev.thespacedevs.com/2.3.0/programs/17/', 'name': 'International Space Station', 'image': {'id': 1874, 'name': '[AUTO] International Space Station - image', 'image_url': 'https://thespacedevs-dev.nyc3.digitaloceanspaces.com/media/images/international2_program_20201129184745.png', 'thumbnail_url': 'https://thespacedevs-dev.nyc3.digitaloceanspaces.com/media/images/255bauto255d__image_thumbnail_20240305194014.png', 'credit': None, 'license': {'id': 1, 'name': 'Unknown', 'priority': 9, 'link': None}, 'single_use': True, 'variants': []}, 'info_url': 'https://www.nasa.gov/mission_pages/station/main/index.html', 'wiki_url': 'https://en.wikipedia.org/wiki/International_Space_Station_programme', 'description': 'The International Space Station programme is tied together by a complex set of legal, political and financial agreements between the sixteen nations involved in the project, governing ownership of the various components, rights to crewing and utilization, and responsibilities for crew rotation and resupply of the International Space Station. It was conceived in 1984 by President Ronald Reagan, during the Space Station Freedom project as it was originally called.', 'agencies': [{'response_mode': 'list', 'id': 16, 'url': 'https://lldev.thespacedevs.com/2.3.0/agencies/16/', 'name': 'Canadian Space Agency', 'abbrev': 'CSA', 'type': {'id': 1, 'name': 'Government'}}, {'response_mode': 'list', 'id': 27, 'url': 'https://lldev.thespacedevs.com/2.3.0/agencies/27/', 'name': 'European Space Agency', 'abbrev': 'ESA', 'type': {'id': 2, 'name': 'Multinational'}}, {'response_mode': 'list', 'id': 37, 'url': 'https://lldev.thespacedevs.com/2.3.0/agencies/37/', 'name': 'Japan Aerospace Exploration Agency', 'abbrev': 'JAXA', 'type': {'id': 1, 'name': 'Government'}}, {'response_mode': 'list', 'id': 44, 'url': 'https://lldev.thespacedevs.com/2.3.0/agencies/44/', 'name': 'National Aeronautics and Space Administration', 'abbrev': 'NASA', 'type': {'id': 1, 'name': 'Government'}}, {'response_mode': 'list', 'id': 63, 'url': 'https://lldev.thespacedevs.com/2.3.0/agencies/63/', 'name': 'Russian Federal Space Agency (ROSCOSMOS)', 'abbrev': 'RFSA', 'type': {'id': 1, 'name': 'Government'}}], 'start_date': '1998-11-20T06:40:00Z', 'end_date': None, 'mission_patches': [], 'type': {'id': 2, 'name': 'Human Spaceflight'}}, {'response_mode': 'normal', 'id': 11, 'url': 'https://lldev.thespacedevs.com/2.3.0/programs/11/', 'name': 'Commercial Resupply Services', 'image': {'id': 1878, 'name': '[AUTO] Commercial Resupply Services - image', 'image_url': 'https://thespacedevs-dev.nyc3.digitaloceanspaces.com/media/images/commercial2520_program_20201129212219.png', 'thumbnail_url': 'https://thespacedevs-dev.nyc3.digitaloceanspaces.com/media/images/255bauto255d__image_thumbnail_20240305194021.png', 'credit': None, 'license': {'id': 1, 'name': 'Unknown', 'priority': 9, 'link': None}, 'single_use': True, 'variants': []}, 'info_url': None, 'wiki_url': 'https://en.wikipedia.org/wiki/Commercial_Resupply_Services#Commercial_Resupply_Services', 'description': 'Commercial Resupply Services (CRS) are a series of flights awarded by NASA for the delivery of cargo and supplies to the International Space Station.The first CRS contracts were signed in 2008 and awarded $1.6 billion to SpaceX for twelve cargo Dragon and $1.9 billion to Orbital Sciences for eight Cygnus flights, covering deliveries to 2016. The Falcon 9 and Antares rockets were also developed under the CRS program to deliver cargo spacecraft to the ISS.', 'agencies': [{'response_mode': 'list', 'id': 44, 'url': 'https://lldev.thespacedevs.com/2.3.0/agencies/44/', 'name': 'National Aeronautics and Space Administration', 'abbrev': 'NASA', 'type': {'id': 1, 'name': 'Government'}}, {'response_mode': 'list', 'id': 257, 'url': 'https://lldev.thespacedevs.com/2.3.0/agencies/257/', 'name': 'Northrop Grumman Space Systems', 'abbrev': 'NGSS', 'type': {'id': 3, 'name': 'Commercial'}}, {'response_mode': 'list', 'id': 1020, 'url': 'https://lldev.thespacedevs.com/2.3.0/agencies/1020/', 'name': 'Sierra Nevada Corporation', 'abbrev': 'SNC', 'type': {'id': 3, 'name': 'Commercial'}}, {'response_mode': 'list', 'id': 121, 'url': 'https://lldev.thespacedevs.com/2.3.0/agencies/121/', 'name': 'SpaceX', 'abbrev': 'SpX', 'type': {'id': 3, 'name': 'Commercial'}}], 'start_date': '2008-12-23T00:00:00Z', 'end_date': None, 'mission_patches': [], 'type': {'id': 2, 'name': 'Human Spaceflight'}}], 'orbital_launch_attempt_count': 7285, 'location_launch_attempt_count': 1107, 'pad_launch_attempt_count': 381, 'agency_launch_attempt_count': 676, 'orbital_launch_attempt_count_year': 112, 'location_launch_attempt_count_year': 31, 'pad_launch_attempt_count_year': 27, 'agency_launch_attempt_count_year': 57}, 'duration': 'P32DT14H5M19S', 'turn_around_time': 'P355DT16H21M41S', 'response_mode': 'normal'}",
68,1601,https://lldev.thespacedevs.com/2.3.0/landings/1601/,True,,The Cargo Dragon spacecraft will splash down in the Pacific Ocean.,,"{'id': 18, 'name': 'Pacific Ocean', 'active': True, 'abbrev': 'PAC', 'description': 'Pacific Ocean', 'location': None, 'longitude': None, 'latitude': None, 'image': {'id': 2242, 'name': 'Pacific Ocean from the ISS', 'image_url': 'https://thespacedevs-dev.nyc3.digitaloceanspaces.com/media/images/pacific_ocean_f_image_20240920094534.jpg', 'thumbnail_url': 'https://thespacedevs-dev.nyc3.digitaloceanspaces.com/media/images/pacific_ocean_f_image_thumbnail_20240920094534.jpeg', 'credit': 'NASA', 'license': {'id': 4, 'name': 'NASA Image and Media Guidelines', 'priority': 0, 'link': 'https://www.nasa.gov/nasa-brand-center/images-and-media/'}, 'single_use': True, 'variants': []}, 'successful_landings': 53, 'attempted_landings': 55, 'failed_landings': 2, 'celestial_body': {'response_mode': 'normal', 'id': 1, 'name': 'Earth', 'type': {'id': 1, 'name': 'Planet'}, 'diameter': 12742000.0, 'mass': 5.972168e+24, 'gravity': 9.80655, 'length_of_day': '1 00:00:00', 'atmosphere': True, 'image': {'id': 2040, 'name': 'Earth (Apollo 17)', 'image_url': 'https://thespacedevs-dev.nyc3.digitaloceanspaces.com/media/images/earth_2528apol_image_20240402194304.jpeg', 'thumbnail_url': 'https://thespacedevs-dev.nyc3.digitaloceanspaces.com/media/images/earth_2528apol_image_thumbnail_20240402194305.jpeg', 'credit': 'NASA', 'license': {'id': 4, 'name': 'NASA Image and Media Guidelines', 'priority': 0, 'link': 'https://www.nasa.gov/nasa-brand-center/images-and-media/'}, 'single_use': True, 'variants': []}, 'description': 'Earth is the third planet from the Sun and the only astronomical object known to harbor life.', 'wiki_url': 'https://en.wikipedia.org/wiki/Earth'}}","{'id': 4, 'name': 'Parachute Landing', 'abbrev': 'PCL', 'description': 'Unpowered landing using parachute(s).'}",,normal,,"{'id': 880, 'url': 'https://lldev.thespacedevs.com/2.3.0/spacecraft_flights/880/', 'destination': 'ISS', 'mission_end': None, 'spacecraft': {'response_mode': 'normal', 'id': 569, 'url': 'https://lldev.thespacedevs.com/2.3.0/spacecraft/569/', 'name': 'Cargo Dragon', 'serial_number': 'TBD', 'is_placeholder': True, 'image': {'id': 1086, 'name': 'Cargo Dragon docking', 'image_url': 'https://thespacedevs-dev.nyc3.digitaloceanspaces.com/media/images/crs-28_dragon_d_image_20230530191602.jpeg', 'thumbnail_url': 'https://thespacedevs-dev.nyc3.digitaloceanspaces.com/media/images/255bauto255d__image_thumbnail_20240305191606.jpeg', 'credit': 'NASA', 'license': {'id': 4, 'name': 'NASA Image and Media Guidelines', 'priority': 0, 'link': 'https://www.nasa.gov/nasa-brand-center/images-and-media/'}, 'single_use': False, 'variants': []}, 'in_space': False, 'time_in_space': 'P0D', 'time_docked': 'P0D', 'flights_count': 0, 'mission_ends_count': 0, 'status': {'id': 1, 'name': 'Active'}, 'description': 'The specific spacecraft for this launch is currently unknown.', 'spacecraft_config': {'response_mode': 'normal', 'id': 7, 'url': 'https://lldev.thespacedevs.com/2.3.0/spacecraft_configurations/7/', 'name': 'Cargo Dragon 2', 'type': {'id': 2, 'name': 'Capsule'}, 'agency': {'response_mode': 'list', 'id': 121, 'url': 'https://lldev.thespacedevs.com/2.3.0/agencies/121/', 'name': 'SpaceX', 'abbrev': 'SpX', 'type': {'id': 3, 'name': 'Commercial'}}, 'family': [{'response_mode': 'normal', 'id': 6, 'name': 'Dragon', 'description': 'Dragon is a family of spacecraft developed and produced by American private space transportation company SpaceX.', 'manufacturer': {'response_mode': 'list', 'id': 121, 'url': 'https://lldev.thespacedevs.com/2.3.0/agencies/121/', 'name': 'SpaceX', 'abbrev': 'SpX', 'type': {'id': 3, 'name': 'Commercial'}}, 'parent': None, 'maiden_flight': '2010-12-08'}, {'response_mode': 'normal', 'id': 7, 'name': 'Dragon 2', 'description': 'Dragon 2 is a family of spacecraft developed and produced by American private space transportation company SpaceX. It was redesigned for human spaceflight, and is capable of docking to the ISS.', 'manufacturer': {'response_mode': 'list', 'id': 121, 'url': 'https://lldev.thespacedevs.com/2.3.0/agencies/121/', 'name': 'SpaceX', 'abbrev': 'SpX', 'type': {'id': 3, 'name': 'Commercial'}}, 'parent': {'response_mode': 'list', 'id': 6, 'name': 'Dragon'}, 'maiden_flight': '2019-03-02'}], 'in_use': True, 'image': {'id': 1086, 'name': 'Cargo Dragon docking', 'image_url': 'https://thespacedevs-dev.nyc3.digitaloceanspaces.com/media/images/crs-28_dragon_d_image_20230530191602.jpeg', 'thumbnail_url': 'https://thespacedevs-dev.nyc3.digitaloceanspaces.com/media/images/255bauto255d__image_thumbnail_20240305191606.jpeg', 'credit': 'NASA', 'license': {'id': 4, 'name': 'NASA Image and Media Guidelines', 'priority': 0, 'link': 'https://www.nasa.gov/nasa-brand-center/images-and-media/'}, 'single_use': False, 'variants': []}}, 'fastest_turnaround': None}, 'launch': {'id': 'bf2c3027-a314-403e-a416-2bfd5d165ad1', 'url': 'https://lldev.thespacedevs.com/2.3.0/launches/bf2c3027-a314-403e-a416-2bfd5d165ad1/', 'name': 'Falcon 9 Block 5 | Dragon CRS-2 SpX-35', 'response_mode': 'normal', 'slug': 'falcon-9-block-5-dragon-crs-2-spx-35', 'launch_designator': None, 'status': {'id': 2, 'name': 'To Be Determined', 'abbrev': 'TBD', 'description': 'Current date is a placeholder or rough estimation based on unreliable or interpreted sources.'}, 'last_updated': '2026-07-17T23:41:15Z', 'net': '2026-12-31T00:00:00Z', 'net_precision': {'id': 11, 'name': 'Quarter 4', 'abbrev': 'Q4', 'description': 'The T-0 is expected in the fourth quarter of the given year.'}, 'window_end': '2026-12-31T00:00:00Z', 'window_start': '2026-12-31T00:00:00Z', 'image': {'id': 1390, 'name': 'F9B5 liftoff from 39A with Cargo Dragon', 'image_url': 'https://thespacedevs-dev.nyc3.digitaloceanspaces.com/media/images/falcon2520925_image_20210520085648.jpeg', 'thumbnail_url': 'https://thespacedevs-dev.nyc3.digitaloceanspaces.com/media/images/255bauto255d__image_thumbnail_20240305192619.jpeg', 'credit': 'SpaceX', 'license': {'id': 5, 'name': 'CC BY-NC 2.0', 'priority': 1, 'link': 'https://creativecommons.org/licenses/by-nc/2.0/'}, 'single_use': False, 'variants': []}, 'infographic': None, 'probability': None, 'weather_concerns': None, 'failreason': '', 'hashtag': None, 'launch_service_provider': {'response_mode': 'list', 'id': 121, 'url': 'https://lldev.thespacedevs.com/2.3.0/agencies/121/', 'name': 'SpaceX', 'abbrev': 'SpX', 'type': {'id': 3, 'name': 'Commercial'}}, 'rocket': {'id': 7748, 'configuration': {'response_mode': 'list', 'id': 164, 'url': 'https://lldev.thespacedevs.com/2.3.0/launcher_configurations/164/', 'name': 'Falcon 9', 'families': [{'response_mode': 'list', 'id': 1, 'name': 'Falcon'}, {'response_mode': 'list', 'id': 176, 'name': 'Falcon 9'}], 'full_name': 'Falcon 9 Block 5', 'variant': 'Block 5'}}, 'mission': {'id': 6266, 'name': 'Dragon CRS-2 SpX-35', 'type': 'Resupply', 'description': '35th commercial resupply services mission to the International Space Station operated by SpaceX. The flight will be conducted under the second Commercial Resupply Services contract with NASA.\r\n\r\nCargo Dragon 2 brings supplies and payloads, including critical materials to directly support science and research investigations that occur onboard the orbiting laboratory.', 'image': None, 'orbit': {'id': 8, 'name': 'Low Earth Orbit', 'abbrev': 'LEO', 'celestial_body': {'response_mode': 'list', 'id': 1, 'name': 'Earth'}}, 'agencies': [{'response_mode': 'normal', 'id': 44, 'url': 'https://lldev.thespacedevs.com/2.3.0/agencies/44/', 'name': 'National Aeronautics and Space Administration', 'abbrev': 'NASA', 'type': {'id': 1, 'name': 'Government'}, 'featured': True, 'country': [{'id': 2, 'name': 'United States of America', 'alpha_2_code': 'US', 'alpha_3_code': 'USA', 'nationality_name': 'American', 'nationality_name_composed': 'Americano'}], 'description': 'The National Aeronautics and Space Administration is an independent agency of the executive branch of the United States federal government responsible for the civilian space program, as well as aeronautics and aerospace research. NASA have many launch facilities but most are inactive. The most commonly used pad will be LC-39B at Kennedy Space Center in Florida.', 'administrator': 'Administrator: Jared Isaacman', 'founding_year': 1958, 'launchers': 'Space Shuttle | SLS', 'spacecraft': 'Orion', 'parent': None, 'image': {'id': 19, 'name': '[AUTO] National Aeronautics and Space Administration - image', 'image_url': 'https://thespacedevs-dev.nyc3.digitaloceanspaces.com/media/images/national2520aeronautics2520and2520space2520administration_image_20190207032448.jpeg', 'thumbnail_url': 'https://thespacedevs-dev.nyc3.digitaloceanspaces.com/media/images/255bauto255d__image_thumbnail_20240305184631.jpeg', 'credit': None, 'license': {'id': 1, 'name': 'Unknown', 'priority': 9, 'link': None}, 'single_use': True, 'variants': []}, 'logo': {'id': 161, 'name': '[AUTO] National Aeronautics and Space Administration - logo', 'image_url': 'https://thespacedevs-dev.nyc3.digitaloceanspaces.com/media/images/national2520aeronautics2520and2520space2520administration_logo_20190207032448.png', 'thumbnail_url': 'https://thespacedevs-dev.nyc3.digitaloceanspaces.com/media/images/255bauto255d__image_thumbnail_20240305185043.png', 'credit': None, 'license': {'id': 1, 'name': 'Unknown', 'priority': 9, 'link': None}, 'single_use': True, 'variants': []}, 'social_logo': {'id': 76, 'name': '[AUTO] National Aeronautics and Space Administration - social_logo', 'image_url': 'https://thespacedevs-dev.nyc3.digitaloceanspaces.com/media/images/national2520aeronautics2520and2520space2520administration_nation_20230803040809.jpg', 'thumbnail_url': 'https://thespacedevs-dev.nyc3.digitaloceanspaces.com/media/images/255bauto255d__image_thumbnail_20240305184823.jpeg', 'credit': None, 'license': {'id': 1, 'name': 'Unknown', 'priority': 9, 'link': None}, 'single_use': True, 'variants': []}, 'total_launch_count': 142, 'consecutive_successful_launches': 12, 'successful_launches': 122, 'failed_launches': 20, 'pending_launches': 5, 'consecutive_successful_landings': 0, 'successful_landings': 0, 'failed_landings': 0, 'attempted_landings': 0, 'successful_landings_spacecraft': 179, 'failed_landings_spacecraft': 2, 'attempted_landings_spacecraft': 181, 'successful_landings_payload': 0, 'failed_landings_payload': 0, 'attempted_landings_payload': 0, 'info_url': 'https://www.nasa.gov', 'wiki_url': 'https://en.wikipedia.org/wiki/National_Aeronautics_and_Space_Administration', 'social_media_links': []}], 'info_urls': [], 'vid_urls': []}, 'pad': {'id': 72, 'url': 'https://lldev.thespacedevs.com/2.3.0/pads/72/', 'active': True, 'agencies': [], 'name': 'Unknown Pad', 'image': None, 'description': None, 'info_url': None, 'wiki_url': '', 'map_url': 'https://www.google.com/maps?q=28.458,-80.528', 'latitude': 28.458, 'longitude': -80.528, 'country': {'id': 2, 'name': 'United States of America', 'alpha_2_code': 'US', 'alpha_3_code': 'USA', 'nationality_name': 'American', 'nationality_name_composed': 'Americano'}, 'map_image': 'https://thespacedevs-dev.nyc3.digitaloceanspaces.com/media/map_images/pad_72_20200803143403.jpg', 'total_launch_count': 0, 'orbital_launch_attempt_count': 0, 'fastest_turnaround': None, 'location': {'response_mode': 'normal', 'id': 12, 'url': 'https://lldev.thespacedevs.com/2.3.0/locations/12/', 'name': 'Cape Canaveral SFS, FL, USA', 'celestial_body': {'response_mode': 'normal', 'id': 1, 'name': 'Earth', 'type': {'id': 1, 'name': 'Planet'}, 'diameter': 12742000.0, 'mass': 5.972168e+24, 'gravity': 9.80655, 'length_of_day': '1 00:00:00', 'atmosphere': True, 'image': {'id': 2040, 'name': 'Earth (Apollo 17)', 'image_url': 'https://thespacedevs-dev.nyc3.digitaloceanspaces.com/media/images/earth_2528apol_image_20240402194304.jpeg', 'thumbnail_url': 'https://thespacedevs-dev.nyc3.digitaloceanspaces.com/media/images/earth_2528apol_image_thumbnail_20240402194305.jpeg', 'credit': 'NASA', 'license': {'id': 4, 'name': 'NASA Image and Media Guidelines', 'priority': 0, 'link': 'https://www.nasa.gov/nasa-brand-center/images-and-media/'}, 'single_use': True, 'variants': []}, 'description': 'Earth is the third planet from the Sun and the only astronomical object known to harbor life.', 'wiki_url': 'https://en.wikipedia.org/wiki/Earth', 'total_attempted_launches': 7584, 'successful_launches': 7028, 'failed_launches': 556, 'total_attempted_landings': 1351, 'successful_landings': 1302, 'failed_landings': 49}, 'active': True, 'country': {'id': 2, 'name': 'United States of America', 'alpha_2_code': 'US', 'alpha_3_code': 'USA', 'nationality_name': 'American', 'nationality_name_composed': 'Americano'}, 'description': ""Cape Canaveral Space Force Station (CCSFS) is an installation of the United States Space Force's Space Launch Delta 45, located on Cape Canaveral in Brevard County, Florida."", 'image': {'id': 2200, 'name': 'Cape Canaveral & KSC seen from orbit (STS-43)', 'image_url': 'https://thespacedevs-dev.nyc3.digitaloceanspaces.com/media/images/cape_canaveral__image_20240918151615.jpg', 'thumbnail_url': 'https://thespacedevs-dev.nyc3.digitaloceanspaces.com/media/images/cape_canaveral__image_thumbnail_20240918151616.jpeg', 'credit': 'NASA', 'license': {'id': 4, 'name': 'NASA Image and Media Guidelines', 'priority': 0, 'link': 'https://www.nasa.gov/nasa-brand-center/images-and-media/'}, 'single_use': True, 'variants': []}, 'map_image': 'https://thespacedevs-dev.nyc3.digitaloceanspaces.com/media/map_images/location_12_20200803142519.jpg', 'longitude': -80.577778, 'latitude': 28.488889, 'timezone_name': 'America/New_York', 'total_launch_count': 1124, 'total_landing_count': 76}}, 'webcast_live': False, 'program': [{'response_mode': 'normal', 'id': 17, 'url': 'https://lldev.thespacedevs.com/2.3.0/programs/17/', 'name': 'International Space Station', 'image': {'id': 1874, 'name': '[AUTO] International Space Station - image', 'image_url': 'https://thespacedevs-dev.nyc3.digitaloceanspaces.com/media/images/international2_program_20201129184745.png', 'thumbnail_url': 'https://thespacedevs-dev.nyc3.digitaloceanspaces.com/media/images/255bauto255d__image_thumbnail_20240305194014.png', 'credit': None, 'license': {'id': 1, 'name': 'Unknown', 'priority': 9, 'link': None}, 'single_use': True, 'variants': []}, 'info_url': 'https://www.nasa.gov/mission_pages/station/main/index.html', 'wiki_url': 'https://en.wikipedia.org/wiki/International_Space_Station_programme', 'description': 'The International Space Station programme is tied together by a complex set of legal, political and financial agreements between the sixteen nations involved in the project, governing ownership of the various components, rights to crewing and utilization, and responsibilities for crew rotation and resupply of the International Space Station. It was conceived in 1984 by President Ronald Reagan, during the Space Station Freedom project as it was originally called.', 'agencies': [{'response_mode': 'list', 'id': 16, 'url': 'https://lldev.thespacedevs.com/2.3.0/agencies/16/', 'name': 'Canadian Space Agency', 'abbrev': 'CSA', 'type': {'id': 1, 'name': 'Government'}}, {'response_mode': 'list', 'id': 27, 'url': 'https://lldev.thespacedevs.com/2.3.0/agencies/27/', 'name': 'European Space Agency', 'abbrev': 'ESA', 'type': {'id': 2, 'name': 'Multinational'}}, {'response_mode': 'list', 'id': 37, 'url': 'https://lldev.thespacedevs.com/2.3.0/agencies/37/', 'name': 'Japan Aerospace Exploration Agency', 'abbrev': 'JAXA', 'type': {'id': 1, 'name': 'Government'}}, {'response_mode': 'list', 'id': 44, 'url': 'https://lldev.thespacedevs.com/2.3.0/agencies/44/', 'name': 'National Aeronautics and Space Administration', 'abbrev': 'NASA', 'type': {'id': 1, 'name': 'Government'}}, {'response_mode': 'list', 'id': 63, 'url': 'https://lldev.thespacedevs.com/2.3.0/agencies/63/', 'name': 'Russian Federal Space Agency (ROSCOSMOS)', 'abbrev': 'RFSA', 'type': {'id': 1, 'name': 'Government'}}], 'start_date': '1998-11-20T06:40:00Z', 'end_date': None, 'mission_patches': [], 'type': {'id': 2, 'name': 'Human Spaceflight'}}, {'response_mode': 'normal', 'id': 11, 'url': 'https://lldev.thespacedevs.com/2.3.0/programs/11/', 'name': 'Commercial Resupply Services', 'image': {'id': 1878, 'name': '[AUTO] Commercial Resupply Services - image', 'image_url': 'https://thespacedevs-dev.nyc3.digitaloceanspaces.com/media/images/commercial2520_program_20201129212219.png', 'thumbnail_url': 'https://thespacedevs-dev.nyc3.digitaloceanspaces.com/media/images/255bauto255d__image_thumbnail_20240305194021.png', 'credit': None, 'license': {'id': 1, 'name': 'Unknown', 'priority': 9, 'link': None}, 'single_use': True, 'variants': []}, 'info_url': None, 'wiki_url': 'https://en.wikipedia.org/wiki/Commercial_Resupply_Services#Commercial_Resupply_Services', 'description': 'Commercial Resupply Services (CRS) are a series of flights awarded by NASA for the delivery of cargo and supplies to the International Space Station.The first CRS contracts were signed in 2008 and awarded $1.6 billion to SpaceX for twelve cargo Dragon and $1.9 billion to Orbital Sciences for eight Cygnus flights, covering deliveries to 2016. The Falcon 9 and Antares rockets were also developed under the CRS program to deliver cargo spacecraft to the ISS.', 'agencies': [{'response_mode': 'list', 'id': 44, 'url': 'https://lldev.thespacedevs.com/2.3.0/agencies/44/', 'name': 'National Aeronautics and Space Administration', 'abbrev': 'NASA', 'type': {'id': 1, 'name': 'Government'}}, {'response_mode': 'list', 'id': 257, 'url': 'https://lldev.thespacedevs.com/2.3.0/agencies/257/', 'name': 'Northrop Grumman Space Systems', 'abbrev': 'NGSS', 'type': {'id': 3, 'name': 'Commercial'}}, {'response_mode': 'list', 'id': 1020, 'url': 'https://lldev.thespacedevs.com/2.3.0/agencies/1020/', 'name': 'Sierra Nevada Corporation', 'abbrev': 'SNC', 'type': {'id': 3, 'name': 'Commercial'}}, {'response_mode': 'list', 'id': 121, 'url': 'https://lldev.thespacedevs.com/2.3.0/agencies/121/', 'name': 'SpaceX', 'abbrev': 'SpX', 'type': {'id': 3, 'name': 'Commercial'}}], 'start_date': '2008-12-23T00:00:00Z', 'end_date': None, 'mission_patches': [], 'type': {'id': 2, 'name': 'Human Spaceflight'}}], 'orbital_launch_attempt_count': 7515, 'location_launch_attempt_count': 1169, 'pad_launch_attempt_count': 20, 'agency_launch_attempt_count': 766, 'orbital_launch_attempt_count_year': 342, 'location_launch_attempt_count_year': 93, 'pad_launch_attempt_count_year': 20, 'agency_launch_attempt_count_year': 147}, 'duration': None, 'turn_around_time': None, 'response_mode': 'normal'}",
69,1605,https://lldev.thespacedevs.com/2.3.0/landings/1605/,True,True,Soyuz MS-28 has landed in Kazakhstan after its approximate 6 month mission on the ISS.,,"{'id': 19, 'name': 'Kazakhstan', 'active': True, 'abbrev': 'KAZ', 'description': 'Deserts of Kazakhstan in Central Asia', 'location': None, 'longitude': None, 'latitude': None, 'image': {'id': 1056, 'name': 'Soyuz MS landing (MS-04)', 'image_url': 'https://thespacedevs-dev.nyc3.digitaloceanspaces.com/media/images/soyuz2520ms-122520landing_image_20190929074125.jpg', 'thumbnail_url': 'https://thespacedevs-dev.nyc3.digitaloceanspaces.com/media/images/255bauto255d__image_thumbnail_20240305191514.jpeg', 'credit': 'NASA/Bill Ingalls', 'license': {'id': 4, 'name': 'NASA Image and Media Guidelines', 'priority': 0, 'link': 'https://www.nasa.gov/nasa-brand-center/images-and-media/'}, 'single_use': False, 'variants': []}, 'successful_landings': 196, 'attempted_landings': 203, 'failed_landings': 7, 'celestial_body': {'response_mode': 'normal', 'id': 1, 'name': 'Earth', 'type': {'id': 1, 'name': 'Planet'}, 'diameter': 12742000.0, 'mass': 5.972168e+24, 'gravity': 9.80655, 'length_of_day': '1 00:00:00', 'atmosphere': True, 'image': {'id': 2040, 'name': 'Earth (Apollo 17)', 'image_url': 'https://thespacedevs-dev.nyc3.digitaloceanspaces.com/media/images/earth_2528apol_image_20240402194304.jpeg', 'thumbnail_url': 'https://thespacedevs-dev.nyc3.digitaloceanspaces.com/media/images/earth_2528apol_image_thumbnail_20240402194305.jpeg', 'credit': 'NASA', 'license': {'id': 4, 'name': 'NASA Image and Media Guidelines', 'priority': 0, 'link': 'https://www.nasa.gov/nasa-brand-center/images-and-media/'}, 'single_use': True, 'variants': []}, 'description': 'Earth is the third planet from the Sun and the only astronomical object known to harbor life.', 'wiki_url': 'https://en.wikipedia.org/wiki/Earth'}}","{'id': 4, 'name': 'Parachute Landing', 'abbrev': 'PCL', 'description': 'Unpowered landing using parachute(s).'}",,normal,,"{'id': 881, 'url': 'https://lldev.thespacedevs.com/2.3.0/spacecraft_flights/881/', 'destination': 'ISS', 'mission_end': '2026-07-26T10:27:25Z', 'spacecraft': {'response_mode': 'normal', 'id': 612, 'url': 'https://lldev.thespacedevs.com/2.3.0/spacecraft/612/', 'name': 'Soyuz MS-28', 'serial_number': '11F732A48 #753', 'is_placeholder': False, 'image': {'id': 967, 'name': 'Soyuz MS in orbit (MS-19)', 'image_url': 'https://thespacedevs-dev.nyc3.digitaloceanspaces.com/media/images/soyuz_ms_in_orb_image_20240313130407.jpeg', 'thumbnail_url': 'https://thespacedevs-dev.nyc3.digitaloceanspaces.com/media/images/soyuz_ms_in_orb_image_thumbnail_20240313130407.jpeg', 'credit': 'ESA/NASA/T. Pesquet', 'license': {'id': 2, 'name': 'ESA Standard Licence', 'priority': 2, 'link': 'https://www.esa.int/ESA_Multimedia/Terms_and_conditions_of_use_of_images_and_videos_available_on_the_esa_website'}, 'single_use': False, 'variants': []}, 'in_space': False, 'time_in_space': 'P241DT59M28S', 'time_docked': 'P240DT18H29M', 'flights_count': 1, 'mission_ends_count': 1, 'status': {'id': 4, 'name': 'Single Use'}, 'description': 'Soyuz capsule for the MS-28 mission to the ISS.', 'spacecraft_config': {'response_mode': 'normal', 'id': 38, 'url': 'https://lldev.thespacedevs.com/2.3.0/spacecraft_configurations/38/', 'name': 'Soyuz MS', 'type': {'id': 2, 'name': 'Capsule'}, 'agency': {'response_mode': 'list', 'id': 63, 'url': 'https://lldev.thespacedevs.com/2.3.0/agencies/63/', 'name': 'Russian Federal Space Agency (ROSCOSMOS)', 'abbrev': 'RFSA', 'type': {'id': 1, 'name': 'Government'}}, 'family': [{'response_mode': 'normal', 'id': 1, 'name': 'Soyuz', 'description': 'Soyuz is a series of spacecraft which has been in service since the 1960s, having made more than 140 flights. It was designed for the Soviet space program by the Korolev Design Bureau (now Energia).', 'manufacturer': {'response_mode': 'list', 'id': 1000, 'url': 'https://lldev.thespacedevs.com/2.3.0/agencies/1000/', 'name': 'Energia', 'abbrev': 'OKB-1', 'type': {'id': 1, 'name': 'Government'}}, 'parent': None, 'maiden_flight': '1966-11-28'}], 'in_use': True, 'image': {'id': 967, 'name': 'Soyuz MS in orbit (MS-19)', 'image_url': 'https://thespacedevs-dev.nyc3.digitaloceanspaces.com/media/images/soyuz_ms_in_orb_image_20240313130407.jpeg', 'thumbnail_url': 'https://thespacedevs-dev.nyc3.digitaloceanspaces.com/media/images/soyuz_ms_in_orb_image_thumbnail_20240313130407.jpeg', 'credit': 'ESA/NASA/T. Pesquet', 'license': {'id': 2, 'name': 'ESA Standard Licence', 'priority': 2, 'link': 'https://www.esa.int/ESA_Multimedia/Terms_and_conditions_of_use_of_images_and_videos_available_on_the_esa_website'}, 'single_use': False, 'variants': []}}, 'fastest_turnaround': None}, 'launch': {'id': '40beac6e-ce8e-4481-8cf9-56d1d9c48804', 'url': 'https://lldev.thespacedevs.com/2.3.0/launches/40beac6e-ce8e-4481-8cf9-56d1d9c48804/', 'name': 'Soyuz 2.1a | Soyuz MS-28', 'response_mode': 'normal', 'slug': 'soyuz-21a-soyuz-ms-28', 'launch_designator': '2025-275', 'status': {'id': 3, 'name': 'Launch Successful', 'abbrev': 'Success', 'description': 'The launch vehicle successfully inserted its payload(s) into the target orbit(s).'}, 'last_updated': '2025-11-29T03:22:30Z', 'net': '2025-11-27T09:27:57Z', 'net_precision': {'id': 0, 'name': 'Second', 'abbrev': 'SEC', 'description': 'The T-0 is accurate to the second.'}, 'window_end': '2025-11-27T09:27:57Z', 'window_start': '2025-11-27T09:27:57Z', 'image': {'id': 1828, 'name': '[AUTO] Soyuz 2.1a - image', 'image_url': 'https://thespacedevs-dev.nyc3.digitaloceanspaces.com/media/images/soyuz_2.1a_image_20230805184309.jpg', 'thumbnail_url': 'https://thespacedevs-dev.nyc3.digitaloceanspaces.com/media/images/255bauto255d__image_thumbnail_20240305193857.jpeg', 'credit': None, 'license': {'id': 1, 'name': 'Unknown', 'priority': 9, 'link': None}, 'single_use': True, 'variants': []}, 'infographic': None, 'probability': None, 'weather_concerns': None, 'failreason': '', 'hashtag': None, 'launch_service_provider': {'response_mode': 'list', 'id': 63, 'url': 'https://lldev.thespacedevs.com/2.3.0/agencies/63/', 'name': 'Russian Federal Space Agency (ROSCOSMOS)', 'abbrev': 'RFSA', 'type': {'id': 1, 'name': 'Government'}}, 'rocket': {'id': 8428, 'configuration': {'response_mode': 'list', 'id': 24, 'url': 'https://lldev.thespacedevs.com/2.3.0/launcher_configurations/24/', 'name': 'Soyuz 2.1a', 'families': [{'response_mode': 'list', 'id': 147, 'name': 'Soyuz'}, {'response_mode': 'list', 'id': 190, 'name': 'Soyuz 2'}], 'full_name': 'Soyuz 2.1a', 'variant': ''}}, 'mission': {'id': 7017, 'name': 'Soyuz MS-28', 'type': 'Human Exploration', 'description': 'Soyuz MS-28 will carry three cosmonauts and one astronaut to the International Space Station aboard the Soyuz spacecraft from the Baikonur Cosmodrome in Kazakhstan. The crew consists of Roscosmos cosmonauts Sergei Kud-Sverchkov, Sergei Mikayev and Oleg Platonov.', 'image': None, 'orbit': {'id': 8, 'name': 'Low Earth Orbit', 'abbrev': 'LEO', 'celestial_body': {'response_mode': 'list', 'id': 1, 'name': 'Earth'}}, 'agencies': [{'response_mode': 'normal', 'id': 63, 'url': 'https://lldev.thespacedevs.com/2.3.0/agencies/63/', 'name': 'Russian Federal Space Agency (ROSCOSMOS)', 'abbrev': 'RFSA', 'type': {'id': 1, 'name': 'Government'}, 'featured': True, 'country': [{'id': 5, 'name': 'Russia', 'alpha_2_code': 'RU', 'alpha_3_code': 'RUS', 'nationality_name': 'Russian', 'nationality_name_composed': 'Russo'}], 'description': 'The Roscosmos State Corporation for Space Activities, commonly known as Roscosmos, is the governmental body responsible for the space science program of the Russian Federation and general aerospace research. Soyuz has many launch locations the Russian sites are Baikonur, Plesetsk and Vostochny however Ariane also purchases the vehicle and launches it from French Guiana.', 'administrator': 'Administrator: Yuri Borisov', 'founding_year': 1992, 'launchers': 'Soyuz', 'spacecraft': 'Soyuz', 'parent': None, 'image': {'id': 25, 'name': '[AUTO] Russian Federal Space Agency (ROSCOSMOS) - image', 'image_url': 'https://thespacedevs-dev.nyc3.digitaloceanspaces.com/media/images/russian2520federal2520space2520agency25202528roscosmos2529_image_20190207032459.jpeg', 'thumbnail_url': 'https://thespacedevs-dev.nyc3.digitaloceanspaces.com/media/images/255bauto255d__image_thumbnail_20240305184652.jpeg', 'credit': None, 'license': {'id': 1, 'name': 'Unknown', 'priority': 9, 'link': None}, 'single_use': True, 'variants': []}, 'logo': {'id': 177, 'name': '[AUTO] Russian Federal Space Agency (ROSCOSMOS) - logo', 'image_url': 'https://thespacedevs-dev.nyc3.digitaloceanspaces.com/media/images/russian2520federal2520space2520agency25202528roscosmos2529_logo_20190207032459.png', 'thumbnail_url': 'https://thespacedevs-dev.nyc3.digitaloceanspaces.com/media/images/255bauto255d__image_thumbnail_20240305185118.png', 'credit': None, 'license': {'id': 1, 'name': 'Unknown', 'priority': 9, 'link': None}, 'single_use': True, 'variants': []}, 'social_logo': {'id': 89, 'name': '[AUTO] Russian Federal Space Agency (ROSCOSMOS) - social_logo', 'image_url': 'https://thespacedevs-dev.nyc3.digitaloceanspaces.com/media/images/russian2520federal2520space2520agency25202528roscosmos2529_nation_20230531052758.jpg', 'thumbnail_url': 'https://thespacedevs-dev.nyc3.digitaloceanspaces.com/media/images/255bauto255d__image_thumbnail_20240305184841.jpeg', 'credit': None, 'license': {'id': 1, 'name': 'Unknown', 'priority': 9, 'link': None}, 'single_use': True, 'variants': []}, 'total_launch_count': 343, 'consecutive_successful_launches': 67, 'successful_launches': 332, 'failed_launches': 11, 'pending_launches': 4, 'consecutive_successful_landings': 0, 'successful_landings': 0, 'failed_landings': 0, 'attempted_landings': 0, 'successful_landings_spacecraft': 201, 'failed_landings_spacecraft': 7, 'attempted_landings_spacecraft': 208, 'successful_landings_payload': 0, 'failed_landings_payload': 1, 'attempted_landings_payload': 1, 'info_url': 'https://en.roscosmos.ru/', 'wiki_url': 'https://en.wikipedia.org/wiki/Russian_Federal_Space_Agency', 'social_media_links': []}], 'info_urls': [], 'vid_urls': []}, 'pad': {'id': 20, 'url': 'https://lldev.thespacedevs.com/2.3.0/pads/20/', 'active': True, 'agencies': [], 'name': '31/6', 'image': {'id': 1467, 'name': 'Soyuz 2.1a liftoff from pad 31/6 (Progress MS-25)', 'image_url': 'https://thespacedevs-dev.nyc3.digitaloceanspaces.com/media/images/soyuz25202.1a_image_20231231162517.jpg', 'thumbnail_url': 'https://thespacedevs-dev.nyc3.digitaloceanspaces.com/media/images/255bauto255d__image_thumbnail_20240305192846.jpeg', 'credit': 'Roscosmos', 'license': {'id': 14, 'name': 'Roscosmos Image Use Policy', 'priority': 3, 'link': 'https://www.roscosmos.ru/22650/'}, 'single_use': True, 'variants': []}, 'description': '', 'info_url': None, 'wiki_url': 'https://en.wikipedia.org/wiki/Baikonur_Cosmodrome_Site_31', 'map_url': 'https://www.google.com/maps?q=45.996034,63.564003', 'latitude': 45.996034, 'longitude': 63.564003, 'country': {'id': 44, 'name': 'Kazakhstan', 'alpha_2_code': 'KZ', 'alpha_3_code': 'KAZ', 'nationality_name': 'Kazakh', 'nationality_name_composed': 'Kazakhstani'}, 'map_image': 'https://thespacedevs-dev.nyc3.digitaloceanspaces.com/media/map_images/pad_20_20200803143516.jpg', 'total_launch_count': 429, 'orbital_launch_attempt_count': 429, 'fastest_turnaround': 'P1DT23H9M9S', 'location': {'response_mode': 'normal', 'id': 15, 'url': 'https://lldev.thespacedevs.com/2.3.0/locations/15/', 'name': 'Baikonur Cosmodrome, Republic of Kazakhstan', 'celestial_body': {'response_mode': 'normal', 'id': 1, 'name': 'Earth', 'type': {'id': 1, 'name': 'Planet'}, 'diameter': 12742000.0, 'mass': 5.972168e+24, 'gravity': 9.80655, 'length_of_day': '1 00:00:00', 'atmosphere': True, 'image': {'id': 2040, 'name': 'Earth (Apollo 17)', 'image_url': 'https://thespacedevs-dev.nyc3.digitaloceanspaces.com/media/images/earth_2528apol_image_20240402194304.jpeg', 'thumbnail_url': 'https://thespacedevs-dev.nyc3.digitaloceanspaces.com/media/images/earth_2528apol_image_thumbnail_20240402194305.jpeg', 'credit': 'NASA', 'license': {'id': 4, 'name': 'NASA Image and Media Guidelines', 'priority': 0, 'link': 'https://www.nasa.gov/nasa-brand-center/images-and-media/'}, 'single_use': True, 'variants': []}, 'description': 'Earth is the third planet from the Sun and the only astronomical object known to harbor life.', 'wiki_url': 'https://en.wikipedia.org/wiki/Earth', 'total_attempted_launches': 7584, 'successful_launches': 7028, 'failed_launches': 556, 'total_attempted_landings': 1351, 'successful_landings': 1302, 'failed_landings': 49}, 'active': True, 'country': {'id': 44, 'name': 'Kazakhstan', 'alpha_2_code': 'KZ', 'alpha_3_code': 'KAZ', 'nationality_name': 'Kazakh', 'nationality_name_composed': 'Kazakhstani'}, 'description': 'The Baikonur Cosmodrome is a spaceport operated by Russia within Kazakhstan. Located in the Kazakh city of Baikonur, it is the largest operational space launch facility in terms of area. All Russian crewed spaceflights are launched from Baikonur.', 'image': {'id': 2198, 'name': 'Soyuz launch pad at the Baikonur Cosmodrome', 'image_url': 'https://thespacedevs-dev.nyc3.digitaloceanspaces.com/media/images/soyuz_launch_pa_image_20240918150530.jpg', 'thumbnail_url': 'https://thespacedevs-dev.nyc3.digitaloceanspaces.com/media/images/soyuz_launch_pa_image_thumbnail_20240918150530.jpeg', 'credit': 'NASA/Bill Ingalls', 'license': {'id': 4, 'name': 'NASA Image and Media Guidelines', 'priority': 0, 'link': 'https://www.nasa.gov/nasa-brand-center/images-and-media/'}, 'single_use': True, 'variants': []}, 'map_image': 'https://thespacedevs-dev.nyc3.digitaloceanspaces.com/media/map_images/location_15_20200803142517.jpg', 'longitude': 63.305, 'latitude': 45.965, 'timezone_name': 'Asia/Qyzylorda', 'total_launch_count': 1564, 'total_landing_count': 0}}, 'webcast_live': False, 'program': [{'response_mode': 'normal', 'id': 8, 'url': 'https://lldev.thespacedevs.com/2.3.0/programs/8/', 'name': 'Soyuz', 'image': {'id': 1892, 'name': '[AUTO] Soyuz - image', 'image_url': 'https://thespacedevs-dev.nyc3.digitaloceanspaces.com/media/images/soyuz_program_20201129185543.png', 'thumbnail_url': 'https://thespacedevs-dev.nyc3.digitaloceanspaces.com/media/images/255bauto255d__image_thumbnail_20240305194048.png', 'credit': None, 'license': {'id': 1, 'name': 'Unknown', 'priority': 9, 'link': None}, 'single_use': True, 'variants': []}, 'info_url': None, 'wiki_url': 'https://en.wikipedia.org/wiki/Soyuz_programme', 'description': 'The Soyuz programme is a human spaceflight programme initiated by the Soviet Union in the early 1960s. The Soyuz spacecraft was originally part of a Moon landing project intended to put a Soviet cosmonaut on the Moon. It was the third Soviet human spaceflight programme after the Vostok and Voskhod programmes.', 'agencies': [{'response_mode': 'list', 'id': 63, 'url': 'https://lldev.thespacedevs.com/2.3.0/agencies/63/', 'name': 'Russian Federal Space Agency (ROSCOSMOS)', 'abbrev': 'RFSA', 'type': {'id': 1, 'name': 'Government'}}, {'response_mode': 'list', 'id': 66, 'url': 'https://lldev.thespacedevs.com/2.3.0/agencies/66/', 'name': 'Soviet Space Program', 'abbrev': 'CCCP', 'type': {'id': 1, 'name': 'Government'}}], 'start_date': '1966-11-28T11:02:00Z', 'end_date': None, 'mission_patches': [], 'type': {'id': 2, 'name': 'Human Spaceflight'}}, {'response_mode': 'normal', 'id': 17, 'url': 'https://lldev.thespacedevs.com/2.3.0/programs/17/', 'name': 'International Space Station', 'image': {'id': 1874, 'name': '[AUTO] International Space Station - image', 'image_url': 'https://thespacedevs-dev.nyc3.digitaloceanspaces.com/media/images/international2_program_20201129184745.png', 'thumbnail_url': 'https://thespacedevs-dev.nyc3.digitaloceanspaces.com/media/images/255bauto255d__image_thumbnail_20240305194014.png', 'credit': None, 'license': {'id': 1, 'name': 'Unknown', 'priority': 9, 'link': None}, 'single_use': True, 'variants': []}, 'info_url': 'https://www.nasa.gov/mission_pages/station/main/index.html', 'wiki_url': 'https://en.wikipedia.org/wiki/International_Space_Station_programme', 'description': 'The International Space Station programme is tied together by a complex set of legal, political and financial agreements between the sixteen nations involved in the project, governing ownership of the various components, rights to crewing and utilization, and responsibilities for crew rotation and resupply of the International Space Station. It was conceived in 1984 by President Ronald Reagan, during the Space Station Freedom project as it was originally called.', 'agencies': [{'response_mode': 'list', 'id': 16, 'url': 'https://lldev.thespacedevs.com/2.3.0/agencies/16/', 'name': 'Canadian Space Agency', 'abbrev': 'CSA', 'type': {'id': 1, 'name': 'Government'}}, {'response_mode': 'list', 'id': 27, 'url': 'https://lldev.thespacedevs.com/2.3.0/agencies/27/', 'name': 'European Space Agency', 'abbrev': 'ESA', 'type': {'id': 2, 'name': 'Multinational'}}, {'response_mode': 'list', 'id': 37, 'url': 'https://lldev.thespacedevs.com/2.3.0/agencies/37/', 'name': 'Japan Aerospace Exploration Agency', 'abbrev': 'JAXA', 'type': {'id': 1, 'name': 'Government'}}, {'response_mode': 'list', 'id': 44, 'url': 'https://lldev.thespacedevs.com/2.3.0/agencies/44/', 'name': 'National Aeronautics and Space Administration', 'abbrev': 'NASA', 'type': {'id': 1, 'name': 'Government'}}, {'response_mode': 'list', 'id': 63, 'url': 'https://lldev.thespacedevs.com/2.3.0/agencies/63/', 'name': 'Russian Federal Space Agency (ROSCOSMOS)', 'abbrev': 'RFSA', 'type': {'id': 1, 'name': 'Government'}}], 'start_date': '1998-11-20T06:40:00Z', 'end_date': None, 'mission_patches': [], 'type': {'id': 2, 'name': 'Human Spaceflight'}}], 'orbital_launch_attempt_count': 7131, 'location_launch_attempt_count': 1559, 'pad_launch_attempt_count': 426, 'agency_launch_attempt_count': 336, 'orbital_launch_attempt_count_year': 282, 'location_launch_attempt_count_year': 6, 'pad_launch_attempt_count_year': 6, 'agency_launch_attempt_count_year': 7}, 'duration': 'P241DT59M28S', 'turn_around_time': None, 'response_mode': 'normal'}",
70,1643,https://lldev.thespacedevs.com/2.3.0/landings/1643/,True,True,The Super Heavy Booster 16 has made a planned splashdown near the launch site.,,"{'id': 16, 'name': 'Gulf of Mexico', 'active': True, 'abbrev': 'GOM', 'description': 'Gulf of Mexico', 'location': None, 'longitude': None, 'latitude': None, 'image': {'id': 2234, 'name': 'Gulf of Mexico imaged by Aqua', 'image_url': 'https://thespacedevs-dev.nyc3.digitaloceanspaces.com/media/images/gulf_of_mexico__image_20240920091356.jpg', 'thumbnail_url': 'https://thespacedevs-dev.nyc3.digitaloceanspaces.com/media/images/gulf_of_mexico__image_thumbnail_20240920091357.jpeg', 'credit': 'NASA', 'license': {'id': 4, 'name': 'NASA Image and Media Guidelines', 'priority': 0, 'link': 'https://www.nasa.gov/nasa-brand-center/images-and-media/'}, 'single_use': True, 'variants': []}, 'successful_landings': 18, 'attempted_landings': 23, 'failed_landings': 5, 'celestial_body': {'response_mode': 'normal', 'id': 1, 'name': 'Earth', 'type': {'id': 1, 'name': 'Planet'}, 'diameter': 12742000.0, 'mass': 5.972168e+24, 'gravity': 9.80655, 'length_of_day': '1 00:00:00', 'atmosphere': True, 'image': {'id': 2040, 'name': 'Earth (Apollo 17)', 'image_url': 'https://thespacedevs-dev.nyc3.digitaloceanspaces.com/media/images/earth_2528apol_image_20240402194304.jpeg', 'thumbnail_url': 'https://thespacedevs-dev.nyc3.digitaloceanspaces.com/media/images/earth_2528apol_image_thumbnail_20240402194305.jpeg', 'credit': 'NASA', 'license': {'id': 4, 'name': 'NASA Image and Media Guidelines', 'priority': 0, 'link': 'https://www.nasa.gov/nasa-brand-center/images-and-media/'}, 'single_use': True, 'variants': []}, 'description': 'Earth is the third planet from the Sun and the only astronomical object known to harbor life.', 'wiki_url': 'https://en.wikipedia.org/wiki/Earth'}}","{'id': 3, 'name': 'Ocean', 'abbrev': 'Ocean', 'description': 'No recovery attempt'}",,normal,"{'id': 760, 'type': 'Core', 'reused': False, 'launcher_flight_number': 1, 'launcher': {'response_mode': 'normal', 'id': 198, 'url': 'https://lldev.thespacedevs.com/2.3.0/launchers/198/', 'flight_proven': True, 'serial_number': 'Booster 16', 'is_placeholder': False, 'status': {'id': 4, 'name': 'lost'}, 'image': {'id': 2467, 'name': 'Superheavy Booster 16 (Starship Flight 10)', 'image_url': 'https://thespacedevs-dev.nyc3.digitaloceanspaces.com/media/images/superheavy_boos_image_20250912161003.jpeg', 'thumbnail_url': 'https://thespacedevs-dev.nyc3.digitaloceanspaces.com/media/images/superheavy_boos_image_thumbnail_20250912161003.jpeg', 'credit': 'SpaceX', 'license': {'id': 1, 'name': 'Unknown', 'priority': 9, 'link': None}, 'single_use': False, 'variants': []}, 'details': 'Super Heavy booster used for the 10th Starship flight test.\r\n\r\nLost to the ocean after a successful soft splashdown.', 'successful_landings': 1, 'attempted_landings': 1, 'flights': 1, 'last_launch_date': '2025-08-26T23:30:00Z', 'first_launch_date': '2025-08-26T23:30:00Z', 'fastest_turnaround': None}, 'previous_flight_date': None, 'turn_around_time': None, 'previous_flight': None}",,
71,1650,https://lldev.thespacedevs.com/2.3.0/landings/1650/,True,,Soyuz MS-29 will land in Kazakhstan after its approximate 6 month mission on the ISS.,,"{'id': 19, 'name': 'Kazakhstan', 'active': True, 'abbrev': 'KAZ', 'description': 'Deserts of Kazakhstan in Central Asia', 'location': None, 'longitude': None, 'latitude': None, 'image': {'id': 1056, 'name': 'Soyuz MS landing (MS-04)', 'image_url': 'https://thespacedevs-dev.nyc3.digitaloceanspaces.com/media/images/soyuz2520ms-122520landing_image_20190929074125.jpg', 'thumbnail_url': 'https://thespacedevs-dev.nyc3.digitaloceanspaces.com/media/images/255bauto255d__image_thumbnail_20240305191514.jpeg', 'credit': 'NASA/Bill Ingalls', 'license': {'id': 4, 'name': 'NASA Image and Media Guidelines', 'priority': 0, 'link': 'https://www.nasa.gov/nasa-brand-center/images-and-media/'}, 'single_use': False, 'variants': []}, 'successful_landings': 196, 'attempted_landings': 203, 'failed_landings': 7, 'celestial_body': {'response_mode': 'normal', 'id': 1, 'name': 'Earth', 'type': {'id': 1, 'name': 'Planet'}, 'diameter': 12742000.0, 'mass': 5.972168e+24, 'gravity': 9.80655, 'length_of_day': '1 00:00:00', 'atmosphere': True, 'image': {'id': 2040, 'name': 'Earth (Apollo 17)', 'image_url': 'https://thespacedevs-dev.nyc3.digitaloceanspaces.com/media/images/earth_2528apol_image_20240402194304.jpeg', 'thumbnail_url': 'https://thespacedevs-dev.nyc3.digitaloceanspaces.com/media/images/earth_2528apol_image_thumbnail_20240402194305.jpeg', 'credit': 'NASA', 'license': {'id': 4, 'name': 'NASA Image and Media Guidelines', 'priority': 0, 'link': 'https://www.nasa.gov/nasa-brand-center/images-and-media/'}, 'single_use': True, 'variants': []}, 'description': 'Earth is the third planet from the Sun and the only astronomical object known to harbor life.', 'wiki_url': 'https://en.wikipedia.org/wiki/Earth'}}","{'id': 4, 'name': 'Parachute Landing', 'abbrev': 'PCL', 'description': 'Unpowered landing using parachute(s).'}",,normal,,"{'id': 887, 'url': 'https://lldev.thespacedevs.com/2.3.0/spacecraft_flights/887/', 'destination': 'International Space Station', 'mission_end': None, 'spacecraft': {'response_mode': 'normal', 'id': 616, 'url': 'https://lldev.thespacedevs.com/2.3.0/spacecraft/616/', 'name': 'Soyuz MS-29', 'serial_number': '11F732A48 #759', 'is_placeholder': False, 'image': {'id': 967, 'name': 'Soyuz MS in orbit (MS-19)', 'image_url': 'https://thespacedevs-dev.nyc3.digitaloceanspaces.com/media/images/soyuz_ms_in_orb_image_20240313130407.jpeg', 'thumbnail_url': 'https://thespacedevs-dev.nyc3.digitaloceanspaces.com/media/images/soyuz_ms_in_orb_image_thumbnail_20240313130407.jpeg', 'credit': 'ESA/NASA/T. Pesquet', 'license': {'id': 2, 'name': 'ESA Standard Licence', 'priority': 2, 'link': 'https://www.esa.int/ESA_Multimedia/Terms_and_conditions_of_use_of_images_and_videos_available_on_the_esa_website'}, 'single_use': False, 'variants': []}, 'in_space': True, 'time_in_space': 'P25DT10H41M46S', 'time_docked': 'P25DT7H37M29S', 'flights_count': 1, 'mission_ends_count': 0, 'status': {'id': 4, 'name': 'Single Use'}, 'description': 'Soyuz capsule for the MS-29 mission to the ISS.', 'spacecraft_config': {'response_mode': 'normal', 'id': 38, 'url': 'https://lldev.thespacedevs.com/2.3.0/spacecraft_configurations/38/', 'name': 'Soyuz MS', 'type': {'id': 2, 'name': 'Capsule'}, 'agency': {'response_mode': 'list', 'id': 63, 'url': 'https://lldev.thespacedevs.com/2.3.0/agencies/63/', 'name': 'Russian Federal Space Agency (ROSCOSMOS)', 'abbrev': 'RFSA', 'type': {'id': 1, 'name': 'Government'}}, 'family': [{'response_mode': 'normal', 'id': 1, 'name': 'Soyuz', 'description': 'Soyuz is a series of spacecraft which has been in service since the 1960s, having made more than 140 flights. It was designed for the Soviet space program by the Korolev Design Bureau (now Energia).', 'manufacturer': {'response_mode': 'list', 'id': 1000, 'url': 'https://lldev.thespacedevs.com/2.3.0/agencies/1000/', 'name': 'Energia', 'abbrev': 'OKB-1', 'type': {'id': 1, 'name': 'Government'}}, 'parent': None, 'maiden_flight': '1966-11-28'}], 'in_use': True, 'image': {'id': 967, 'name': 'Soyuz MS in orbit (MS-19)', 'image_url': 'https://thespacedevs-dev.nyc3.digitaloceanspaces.com/media/images/soyuz_ms_in_orb_image_20240313130407.jpeg', 'thumbnail_url': 'https://thespacedevs-dev.nyc3.digitaloceanspaces.com/media/images/soyuz_ms_in_orb_image_thumbnail_20240313130407.jpeg', 'credit': 'ESA/NASA/T. Pesquet', 'license': {'id': 2, 'name': 'ESA Standard Licence', 'priority': 2, 'link': 'https://www.esa.int/ESA_Multimedia/Terms_and_conditions_of_use_of_images_and_videos_available_on_the_esa_website'}, 'single_use': False, 'variants': []}}, 'fastest_turnaround': None}, 'launch': {'id': 'a556b963-0f36-4660-95a8-fdffdba653e2', 'url': 'https://lldev.thespacedevs.com/2.3.0/launches/a556b963-0f36-4660-95a8-fdffdba653e2/', 'name': 'Soyuz 2.1a | Soyuz MS-29', 'response_mode': 'normal', 'slug': 'soyuz-21a-soyuz-ms-29', 'launch_designator': None, 'status': {'id': 3, 'name': 'Launch Successful', 'abbrev': 'Success', 'description': 'The launch vehicle successfully inserted its payload(s) into the target orbit(s).'}, 'last_updated': '2026-07-14T15:20:16Z', 'net': '2026-07-14T14:47:43Z', 'net_precision': {'id': 0, 'name': 'Second', 'abbrev': 'SEC', 'description': 'The T-0 is accurate to the second.'}, 'window_end': '2026-07-14T14:47:43Z', 'window_start': '2026-07-14T14:47:43Z', 'image': {'id': 1828, 'name': '[AUTO] Soyuz 2.1a - image', 'image_url': 'https://thespacedevs-dev.nyc3.digitaloceanspaces.com/media/images/soyuz_2.1a_image_20230805184309.jpg', 'thumbnail_url': 'https://thespacedevs-dev.nyc3.digitaloceanspaces.com/media/images/255bauto255d__image_thumbnail_20240305193857.jpeg', 'credit': None, 'license': {'id': 1, 'name': 'Unknown', 'priority': 9, 'link': None}, 'single_use': True, 'variants': []}, 'infographic': None, 'probability': None, 'weather_concerns': None, 'failreason': '', 'hashtag': None, 'launch_service_provider': {'response_mode': 'list', 'id': 63, 'url': 'https://lldev.thespacedevs.com/2.3.0/agencies/63/', 'name': 'Russian Federal Space Agency (ROSCOSMOS)', 'abbrev': 'RFSA', 'type': {'id': 1, 'name': 'Government'}}, 'rocket': {'id': 8653, 'configuration': {'response_mode': 'list', 'id': 24, 'url': 'https://lldev.thespacedevs.com/2.3.0/launcher_configurations/24/', 'name': 'Soyuz 2.1a', 'families': [{'response_mode': 'list', 'id': 147, 'name': 'Soyuz'}, {'response_mode': 'list', 'id': 190, 'name': 'Soyuz 2'}], 'full_name': 'Soyuz 2.1a', 'variant': ''}}, 'mission': {'id': 7245, 'name': 'Soyuz MS-29', 'type': 'Human Exploration', 'description': 'Soyuz MS-29 will carry two cosmonauts and one astronaut to the International Space Station aboard the Soyuz spacecraft from the Baikonur Cosmodrome in Kazakhstan. The crew consists of Roscosmos cosmonauts Pyotr Dubrov and Anna Kikina, as well as NASA astronaut Anil Menon.', 'image': None, 'orbit': {'id': 8, 'name': 'Low Earth Orbit', 'abbrev': 'LEO', 'celestial_body': {'response_mode': 'list', 'id': 1, 'name': 'Earth'}}, 'agencies': [{'response_mode': 'normal', 'id': 44, 'url': 'https://lldev.thespacedevs.com/2.3.0/agencies/44/', 'name': 'National Aeronautics and Space Administration', 'abbrev': 'NASA', 'type': {'id': 1, 'name': 'Government'}, 'featured': True, 'country': [{'id': 2, 'name': 'United States of America', 'alpha_2_code': 'US', 'alpha_3_code': 'USA', 'nationality_name': 'American', 'nationality_name_composed': 'Americano'}], 'description': 'The National Aeronautics and Space Administration is an independent agency of the executive branch of the United States federal government responsible for the civilian space program, as well as aeronautics and aerospace research. NASA have many launch facilities but most are inactive. The most commonly used pad will be LC-39B at Kennedy Space Center in Florida.', 'administrator': 'Administrator: Jared Isaacman', 'founding_year': 1958, 'launchers': 'Space Shuttle | SLS', 'spacecraft': 'Orion', 'parent': None, 'image': {'id': 19, 'name': '[AUTO] National Aeronautics and Space Administration - image', 'image_url': 'https://thespacedevs-dev.nyc3.digitaloceanspaces.com/media/images/national2520aeronautics2520and2520space2520administration_image_20190207032448.jpeg', 'thumbnail_url': 'https://thespacedevs-dev.nyc3.digitaloceanspaces.com/media/images/255bauto255d__image_thumbnail_20240305184631.jpeg', 'credit': None, 'license': {'id': 1, 'name': 'Unknown', 'priority': 9, 'link': None}, 'single_use': True, 'variants': []}, 'logo': {'id': 161, 'name': '[AUTO] National Aeronautics and Space Administration - logo', 'image_url': 'https://thespacedevs-dev.nyc3.digitaloceanspaces.com/media/images/national2520aeronautics2520and2520space2520administration_logo_20190207032448.png', 'thumbnail_url': 'https://thespacedevs-dev.nyc3.digitaloceanspaces.com/media/images/255bauto255d__image_thumbnail_20240305185043.png', 'credit': None, 'license': {'id': 1, 'name': 'Unknown', 'priority': 9, 'link': None}, 'single_use': True, 'variants': []}, 'social_logo': {'id': 76, 'name': '[AUTO] National Aeronautics and Space Administration - social_logo', 'image_url': 'https://thespacedevs-dev.nyc3.digitaloceanspaces.com/media/images/national2520aeronautics2520and2520space2520administration_nation_20230803040809.jpg', 'thumbnail_url': 'https://thespacedevs-dev.nyc3.digitaloceanspaces.com/media/images/255bauto255d__image_thumbnail_20240305184823.jpeg', 'credit': None, 'license': {'id': 1, 'name': 'Unknown', 'priority': 9, 'link': None}, 'single_use': True, 'variants': []}, 'total_launch_count': 142, 'consecutive_successful_launches': 12, 'successful_launches': 122, 'failed_launches': 20, 'pending_launches': 5, 'consecutive_successful_landings': 0, 'successful_landings': 0, 'failed_landings': 0, 'attempted_landings': 0, 'successful_landings_spacecraft': 179, 'failed_landings_spacecraft': 2, 'attempted_landings_spacecraft': 181, 'successful_landings_payload': 0, 'failed_landings_payload': 0, 'attempted_landings_payload': 0, 'info_url': 'https://www.nasa.gov', 'wiki_url': 'https://en.wikipedia.org/wiki/National_Aeronautics_and_Space_Administration', 'social_media_links': []}, {'response_mode': 'normal', 'id': 63, 'url': 'https://lldev.thespacedevs.com/2.3.0/agencies/63/', 'name': 'Russian Federal Space Agency (ROSCOSMOS)', 'abbrev': 'RFSA', 'type': {'id': 1, 'name': 'Government'}, 'featured': True, 'country': [{'id': 5, 'name': 'Russia', 'alpha_2_code': 'RU', 'alpha_3_code': 'RUS', 'nationality_name': 'Russian', 'nationality_name_composed': 'Russo'}], 'description': 'The Roscosmos State Corporation for Space Activities, commonly known as Roscosmos, is the governmental body responsible for the space science program of the Russian Federation and general aerospace research. Soyuz has many launch locations the Russian sites are Baikonur, Plesetsk and Vostochny however Ariane also purchases the vehicle and launches it from French Guiana.', 'administrator': 'Administrator: Yuri Borisov', 'founding_year': 1992, 'launchers': 'Soyuz', 'spacecraft': 'Soyuz', 'parent': None, 'image': {'id': 25, 'name': '[AUTO] Russian Federal Space Agency (ROSCOSMOS) - image', 'image_url': 'https://thespacedevs-dev.nyc3.digitaloceanspaces.com/media/images/russian2520federal2520space2520agency25202528roscosmos2529_image_20190207032459.jpeg', 'thumbnail_url': 'https://thespacedevs-dev.nyc3.digitaloceanspaces.com/media/images/255bauto255d__image_thumbnail_20240305184652.jpeg', 'credit': None, 'license': {'id': 1, 'name': 'Unknown', 'priority': 9, 'link': None}, 'single_use': True, 'variants': []}, 'logo': {'id': 177, 'name': '[AUTO] Russian Federal Space Agency (ROSCOSMOS) - logo', 'image_url': 'https://thespacedevs-dev.nyc3.digitaloceanspaces.com/media/images/russian2520federal2520space2520agency25202528roscosmos2529_logo_20190207032459.png', 'thumbnail_url': 'https://thespacedevs-dev.nyc3.digitaloceanspaces.com/media/images/255bauto255d__image_thumbnail_20240305185118.png', 'credit': None, 'license': {'id': 1, 'name': 'Unknown', 'priority': 9, 'link': None}, 'single_use': True, 'variants': []}, 'social_logo': {'id': 89, 'name': '[AUTO] Russian Federal Space Agency (ROSCOSMOS) - social_logo', 'image_url': 'https://thespacedevs-dev.nyc3.digitaloceanspaces.com/media/images/russian2520federal2520space2520agency25202528roscosmos2529_nation_20230531052758.jpg', 'thumbnail_url': 'https://thespacedevs-dev.nyc3.digitaloceanspaces.com/media/images/255bauto255d__image_thumbnail_20240305184841.jpeg', 'credit': None, 'license': {'id': 1, 'name': 'Unknown', 'priority': 9, 'link': None}, 'single_use': True, 'variants': []}, 'total_launch_count': 343, 'consecutive_successful_launches': 67, 'successful_launches': 332, 'failed_launches': 11, 'pending_launches': 4, 'consecutive_successful_landings': 0, 'successful_landings': 0, 'failed_landings': 0, 'attempted_landings': 0, 'successful_landings_spacecraft': 201, 'failed_landings_spacecraft': 7, 'attempted_landings_spacecraft': 208, 'successful_landings_payload': 0, 'failed_landings_payload': 1, 'attempted_landings_payload': 1, 'info_url': 'https://en.roscosmos.ru/', 'wiki_url': 'https://en.wikipedia.org/wiki/Russian_Federal_Space_Agency', 'social_media_links': []}], 'info_urls': [], 'vid_urls': []}, 'pad': {'id': 20, 'url': 'https://lldev.thespacedevs.com/2.3.0/pads/20/', 'active': True, 'agencies': [], 'name': '31/6', 'image': {'id': 1467, 'name': 'Soyuz 2.1a liftoff from pad 31/6 (Progress MS-25)', 'image_url': 'https://thespacedevs-dev.nyc3.digitaloceanspaces.com/media/images/soyuz25202.1a_image_20231231162517.jpg', 'thumbnail_url': 'https://thespacedevs-dev.nyc3.digitaloceanspaces.com/media/images/255bauto255d__image_thumbnail_20240305192846.jpeg', 'credit': 'Roscosmos', 'license': {'id': 14, 'name': 'Roscosmos Image Use Policy', 'priority': 3, 'link': 'https://www.roscosmos.ru/22650/'}, 'single_use': True, 'variants': []}, 'description': '', 'info_url': None, 'wiki_url': 'https://en.wikipedia.org/wiki/Baikonur_Cosmodrome_Site_31', 'map_url': 'https://www.google.com/maps?q=45.996034,63.564003', 'latitude': 45.996034, 'longitude': 63.564003, 'country': {'id': 44, 'name': 'Kazakhstan', 'alpha_2_code': 'KZ', 'alpha_3_code': 'KAZ', 'nationality_name': 'Kazakh', 'nationality_name_composed': 'Kazakhstani'}, 'map_image': 'https://thespacedevs-dev.nyc3.digitaloceanspaces.com/media/map_images/pad_20_20200803143516.jpg', 'total_launch_count': 429, 'orbital_launch_attempt_count': 429, 'fastest_turnaround': 'P1DT23H9M9S', 'location': {'response_mode': 'normal', 'id': 15, 'url': 'https://lldev.thespacedevs.com/2.3.0/locations/15/', 'name': 'Baikonur Cosmodrome, Republic of Kazakhstan', 'celestial_body': {'response_mode': 'normal', 'id': 1, 'name': 'Earth', 'type': {'id': 1, 'name': 'Planet'}, 'diameter': 12742000.0, 'mass': 5.972168e+24, 'gravity': 9.80655, 'length_of_day': '1 00:00:00', 'atmosphere': True, 'image': {'id': 2040, 'name': 'Earth (Apollo 17)', 'image_url': 'https://thespacedevs-dev.nyc3.digitaloceanspaces.com/media/images/earth_2528apol_image_20240402194304.jpeg', 'thumbnail_url': 'https://thespacedevs-dev.nyc3.digitaloceanspaces.com/media/images/earth_2528apol_image_thumbnail_20240402194305.jpeg', 'credit': 'NASA', 'license': {'id': 4, 'name': 'NASA Image and Media Guidelines', 'priority': 0, 'link': 'https://www.nasa.gov/nasa-brand-center/images-and-media/'}, 'single_use': True, 'variants': []}, 'description': 'Earth is the third planet from the Sun and the only astronomical object known to harbor life.', 'wiki_url': 'https://en.wikipedia.org/wiki/Earth', 'total_attempted_launches': 7584, 'successful_launches': 7028, 'failed_launches': 556, 'total_attempted_landings': 1351, 'successful_landings': 1302, 'failed_landings': 49}, 'active': True, 'country': {'id': 44, 'name': 'Kazakhstan', 'alpha_2_code': 'KZ', 'alpha_3_code': 'KAZ', 'nationality_name': 'Kazakh', 'nationality_name_composed': 'Kazakhstani'}, 'description': 'The Baikonur Cosmodrome is a spaceport operated by Russia within Kazakhstan. Located in the Kazakh city of Baikonur, it is the largest operational space launch facility in terms of area. All Russian crewed spaceflights are launched from Baikonur.', 'image': {'id': 2198, 'name': 'Soyuz launch pad at the Baikonur Cosmodrome', 'image_url': 'https://thespacedevs-dev.nyc3.digitaloceanspaces.com/media/images/soyuz_launch_pa_image_20240918150530.jpg', 'thumbnail_url': 'https://thespacedevs-dev.nyc3.digitaloceanspaces.com/media/images/soyuz_launch_pa_image_thumbnail_20240918150530.jpeg', 'credit': 'NASA/Bill Ingalls', 'license': {'id': 4, 'name': 'NASA Image and Media Guidelines', 'priority': 0, 'link': 'https://www.nasa.gov/nasa-brand-center/images-and-media/'}, 'single_use': True, 'variants': []}, 'map_image': 'https://thespacedevs-dev.nyc3.digitaloceanspaces.com/media/map_images/location_15_20200803142517.jpg', 'longitude': 63.305, 'latitude': 45.965, 'timezone_name': 'Asia/Qyzylorda', 'total_launch_count': 1564, 'total_landing_count': 0}}, 'webcast_live': False, 'program': [{'response_mode': 'normal', 'id': 8, 'url': 'https://lldev.thespacedevs.com/2.3.0/programs/8/', 'name': 'Soyuz', 'image': {'id': 1892, 'name': '[AUTO] Soyuz - image', 'image_url': 'https://thespacedevs-dev.nyc3.digitaloceanspaces.com/media/images/soyuz_program_20201129185543.png', 'thumbnail_url': 'https://thespacedevs-dev.nyc3.digitaloceanspaces.com/media/images/255bauto255d__image_thumbnail_20240305194048.png', 'credit': None, 'license': {'id': 1, 'name': 'Unknown', 'priority': 9, 'link': None}, 'single_use': True, 'variants': []}, 'info_url': None, 'wiki_url': 'https://en.wikipedia.org/wiki/Soyuz_programme', 'description': 'The Soyuz programme is a human spaceflight programme initiated by the Soviet Union in the early 1960s. The Soyuz spacecraft was originally part of a Moon landing project intended to put a Soviet cosmonaut on the Moon. It was the third Soviet human spaceflight programme after the Vostok and Voskhod programmes.', 'agencies': [{'response_mode': 'list', 'id': 63, 'url': 'https://lldev.thespacedevs.com/2.3.0/agencies/63/', 'name': 'Russian Federal Space Agency (ROSCOSMOS)', 'abbrev': 'RFSA', 'type': {'id': 1, 'name': 'Government'}}, {'response_mode': 'list', 'id': 66, 'url': 'https://lldev.thespacedevs.com/2.3.0/agencies/66/', 'name': 'Soviet Space Program', 'abbrev': 'CCCP', 'type': {'id': 1, 'name': 'Government'}}], 'start_date': '1966-11-28T11:02:00Z', 'end_date': None, 'mission_patches': [], 'type': {'id': 2, 'name': 'Human Spaceflight'}}, {'response_mode': 'normal', 'id': 17, 'url': 'https://lldev.thespacedevs.com/2.3.0/programs/17/', 'name': 'International Space Station', 'image': {'id': 1874, 'name': '[AUTO] International Space Station - image', 'image_url': 'https://thespacedevs-dev.nyc3.digitaloceanspaces.com/media/images/international2_program_20201129184745.png', 'thumbnail_url': 'https://thespacedevs-dev.nyc3.digitaloceanspaces.com/media/images/255bauto255d__image_thumbnail_20240305194014.png', 'credit': None, 'license': {'id': 1, 'name': 'Unknown', 'priority': 9, 'link': None}, 'single_use': True, 'variants': []}, 'info_url': 'https://www.nasa.gov/mission_pages/station/main/index.html', 'wiki_url': 'https://en.wikipedia.org/wiki/International_Space_Station_programme', 'description': 'The International Space Station programme is tied together by a complex set of legal, political and financial agreements between the sixteen nations involved in the project, governing ownership of the various components, rights to crewing and utilization, and responsibilities for crew rotation and resupply of the International Space Station. It was conceived in 1984 by President Ronald Reagan, during the Space Station Freedom project as it was originally called.', 'agencies': [{'response_mode': 'list', 'id': 16, 'url': 'https://lldev.thespacedevs.com/2.3.0/agencies/16/', 'name': 'Canadian Space Agency', 'abbrev': 'CSA', 'type': {'id': 1, 'name': 'Government'}}, {'response_mode': 'list', 'id': 27, 'url': 'https://lldev.thespacedevs.com/2.3.0/agencies/27/', 'name': 'European Space Agency', 'abbrev': 'ESA', 'type': {'id': 2, 'name': 'Multinational'}}, {'response_mode': 'list', 'id': 37, 'url': 'https://lldev.thespacedevs.com/2.3.0/agencies/37/', 'name': 'Japan Aerospace Exploration Agency', 'abbrev': 'JAXA', 'type': {'id': 1, 'name': 'Government'}}, {'response_mode': 'list', 'id': 44, 'url': 'https://lldev.thespacedevs.com/2.3.0/agencies/44/', 'name': 'National Aeronautics and Space Administration', 'abbrev': 'NASA', 'type': {'id': 1, 'name': 'Government'}}, {'response_mode': 'list', 'id': 63, 'url': 'https://lldev.thespacedevs.com/2.3.0/agencies/63/', 'name': 'Russian Federal Space Agency (ROSCOSMOS)', 'abbrev': 'RFSA', 'type': {'id': 1, 'name': 'Government'}}], 'start_date': '1998-11-20T06:40:00Z', 'end_date': None, 'mission_patches': [], 'type': {'id': 2, 'name': 'Human Spaceflight'}}], 'orbital_launch_attempt_count': 7341, 'location_launch_attempt_count': 1564, 'pad_launch_attempt_count': 429, 'agency_launch_attempt_count': 342, 'orbital_launch_attempt_count_year': 168, 'location_launch_attempt_count_year': 5, 'pad_launch_attempt_count_year': 3, 'agency_launch_attempt_count_year': 4}, 'duration': 'P25DT10H44M12.225574S', 'turn_around_time': None, 'response_mode': 'normal'}",
72,1657,https://lldev.thespacedevs.com/2.3.0/landings/1657/,True,True,Starship Ship 37 has made a controlled re-entry and splashdown in the Indian Ocean.,,"{'id': 32, 'name': 'Indian Ocean', 'active': True, 'abbrev': 'IND', 'description': 'Indian Ocean', 'location': None, 'longitude': None, 'latitude': None, 'image': {'id': 2235, 'name': 'Sun glint on the Indian Ocean', 'image_url': 'https://thespacedevs-dev.nyc3.digitaloceanspaces.com/media/images/sun_glint_on_th_image_20240920091449.jpg', 'thumbnail_url': 'https://thespacedevs-dev.nyc3.digitaloceanspaces.com/media/images/sun_glint_on_th_image_thumbnail_20240920091449.jpeg', 'credit': 'NASA', 'license': {'id': 4, 'name': 'NASA Image and Media Guidelines', 'priority': 0, 'link': 'https://www.nasa.gov/nasa-brand-center/images-and-media/'}, 'single_use': True, 'variants': []}, 'successful_landings': 10, 'attempted_landings': 13, 'failed_landings': 3, 'celestial_body': {'response_mode': 'normal', 'id': 1, 'name': 'Earth', 'type': {'id': 1, 'name': 'Planet'}, 'diameter': 12742000.0, 'mass': 5.972168e+24, 'gravity': 9.80655, 'length_of_day': '1 00:00:00', 'atmosphere': True, 'image': {'id': 2040, 'name': 'Earth (Apollo 17)', 'image_url': 'https://thespacedevs-dev.nyc3.digitaloceanspaces.com/media/images/earth_2528apol_image_20240402194304.jpeg', 'thumbnail_url': 'https://thespacedevs-dev.nyc3.digitaloceanspaces.com/media/images/earth_2528apol_image_thumbnail_20240402194305.jpeg', 'credit': 'NASA', 'license': {'id': 4, 'name': 'NASA Image and Media Guidelines', 'priority': 0, 'link': 'https://www.nasa.gov/nasa-brand-center/images-and-media/'}, 'single_use': True, 'variants': []}, 'description': 'Earth is the third planet from the Sun and the only astronomical object known to harbor life.', 'wiki_url': 'https://en.wikipedia.org/wiki/Earth'}}","{'id': 3, 'name': 'Ocean', 'abbrev': 'Ocean', 'description': 'No recovery attempt'}",,normal,,"{'id': 889, 'url': 'https://lldev.thespacedevs.com/2.3.0/spacecraft_flights/889/', 'destination': 'Suborbital', 'mission_end': '2025-08-27T00:36:30Z', 'spacecraft': {'response_mode': 'normal', 'id': 618, 'url': 'https://lldev.thespacedevs.com/2.3.0/spacecraft/618/', 'name': 'Ship 37', 'serial_number': 'S37', 'is_placeholder': False, 'image': {'id': 2438, 'name': 'Starship during stacking operations (Flight 10)', 'image_url': 'https://thespacedevs-dev.nyc3.digitaloceanspaces.com/media/images/starship_during_image_20250824175325.jpg', 'thumbnail_url': 'https://thespacedevs-dev.nyc3.digitaloceanspaces.com/media/images/starship_during_image_thumbnail_20250824175326.jpeg', 'credit': 'SpaceX', 'license': {'id': 1, 'name': 'Unknown', 'priority': 9, 'link': None}, 'single_use': True, 'variants': []}, 'in_space': False, 'time_in_space': 'PT1H6M30S', 'time_docked': 'P0D', 'flights_count': 1, 'mission_ends_count': 1, 'status': {'id': 3, 'name': 'Destroyed'}, 'description': 'Ship 37 (S37) is the 2nd stage vehicle that was used for the 10th Starship flight test. It is the 5th ""Block 2"" Starship spacecraft with lengthened propellant tanks and forward flaps with a new design, among other enhancements.', 'spacecraft_config': {'response_mode': 'normal', 'id': 45, 'url': 'https://lldev.thespacedevs.com/2.3.0/spacecraft_configurations/45/', 'name': 'Starship V2', 'type': {'id': 6, 'name': 'Reuseable Upper Stage'}, 'agency': {'response_mode': 'list', 'id': 121, 'url': 'https://lldev.thespacedevs.com/2.3.0/agencies/121/', 'name': 'SpaceX', 'abbrev': 'SpX', 'type': {'id': 3, 'name': 'Commercial'}}, 'family': [{'response_mode': 'normal', 'id': 8, 'name': 'Starship', 'description': 'SpaceX Starship upper stages family', 'manufacturer': {'response_mode': 'list', 'id': 121, 'url': 'https://lldev.thespacedevs.com/2.3.0/agencies/121/', 'name': 'SpaceX', 'abbrev': 'SpX', 'type': {'id': 3, 'name': 'Commercial'}}, 'parent': None, 'maiden_flight': '2023-04-20'}], 'in_use': False, 'image': {'id': 2438, 'name': 'Starship during stacking operations (Flight 10)', 'image_url': 'https://thespacedevs-dev.nyc3.digitaloceanspaces.com/media/images/starship_during_image_20250824175325.jpg', 'thumbnail_url': 'https://thespacedevs-dev.nyc3.digitaloceanspaces.com/media/images/starship_during_image_thumbnail_20250824175326.jpeg', 'credit': 'SpaceX', 'license': {'id': 1, 'name': 'Unknown', 'priority': 9, 'link': None}, 'single_use': True, 'variants': []}}, 'fastest_turnaround': None}, 'launch': {'id': 'fc1dafd8-bcb0-4e77-8ba9-2d03134f04e4', 'url': 'https://lldev.thespacedevs.com/2.3.0/launches/fc1dafd8-bcb0-4e77-8ba9-2d03134f04e4/', 'name': 'Starship | Flight 10', 'response_mode': 'normal', 'slug': 'starship-flight-10', 'launch_designator': None, 'status': {'id': 3, 'name': 'Launch Successful', 'abbrev': 'Success', 'description': 'The launch vehicle successfully inserted its payload(s) into the target orbit(s).'}, 'last_updated': '2025-08-29T06:52:18Z', 'net': '2025-08-26T23:30:00Z', 'net_precision': {'id': 0, 'name': 'Second', 'abbrev': 'SEC', 'description': 'The T-0 is accurate to the second.'}, 'window_end': '2025-08-27T00:30:00Z', 'window_start': '2025-08-26T23:30:00Z', 'image': {'id': 2443, 'name': 'Starship 37 during landing attempt in the indian ocean (Flight 10)', 'image_url': 'https://thespacedevs-dev.nyc3.digitaloceanspaces.com/media/images/starship_37_dur_image_20250829065212.jpeg', 'thumbnail_url': 'https://thespacedevs-dev.nyc3.digitaloceanspaces.com/media/images/starship_37_dur_image_thumbnail_20250829065213.jpeg', 'credit': 'SpaceX', 'license': {'id': 1, 'name': 'Unknown', 'priority': 9, 'link': None}, 'single_use': True, 'variants': []}, 'infographic': None, 'probability': None, 'weather_concerns': None, 'failreason': '', 'hashtag': None, 'launch_service_provider': {'response_mode': 'list', 'id': 121, 'url': 'https://lldev.thespacedevs.com/2.3.0/agencies/121/', 'name': 'SpaceX', 'abbrev': 'SpX', 'type': {'id': 3, 'name': 'Commercial'}}, 'rocket': {'id': 8644, 'configuration': {'response_mode': 'list', 'id': 527, 'url': 'https://lldev.thespacedevs.com/2.3.0/launcher_configurations/527/', 'name': 'Starship', 'families': [{'response_mode': 'list', 'id': 156, 'name': 'Starship'}], 'full_name': 'Starship V2', 'variant': 'V2'}}, 'mission': {'id': 7236, 'name': 'Flight 10', 'type': 'Test Flight', 'description': '10th test flight of the two-stage Starship launch vehicle.', 'image': None, 'orbit': {'id': 15, 'name': 'Suborbital', 'abbrev': 'Sub', 'celestial_body': {'response_mode': 'list', 'id': 1, 'name': 'Earth'}}, 'agencies': [], 'info_urls': [], 'vid_urls': []}, 'pad': {'id': 188, 'url': 'https://lldev.thespacedevs.com/2.3.0/pads/188/', 'active': True, 'agencies': [{'response_mode': 'normal', 'id': 121, 'url': 'https://lldev.thespacedevs.com/2.3.0/agencies/121/', 'name': 'SpaceX', 'abbrev': 'SpX', 'type': {'id': 3, 'name': 'Commercial'}, 'featured': True, 'country': [{'id': 2, 'name': 'United States of America', 'alpha_2_code': 'US', 'alpha_3_code': 'USA', 'nationality_name': 'American', 'nationality_name_composed': 'Americano'}], 'description': 'Space Exploration Technologies Corp., known as SpaceX, is an American aerospace manufacturer and space transport services company headquartered in Hawthorne, California. It was founded in 2002 by entrepreneur Elon Musk with the goal of reducing space transportation costs and enabling the colonization of Mars. SpaceX operates from many pads, on the East Coast of the US they operate from SLC-40 at Cape Canaveral Space Force Station and historic LC-39A at Kennedy Space Center. They also operate from SLC-4E at Vandenberg Space Force Base, California, usually for polar launches. Another launch site is being developed at Boca Chica, Texas.', 'administrator': 'CEO: Elon Musk', 'founding_year': 2002, 'launchers': 'Falcon | Starship', 'spacecraft': 'Dragon', 'parent': None, 'image': {'id': 1736, 'name': 'Falcon 9 liftoff from LC-39A', 'image_url': 'https://thespacedevs-dev.nyc3.digitaloceanspaces.com/media/images/falcon_9_image_20230807133459.jpeg', 'thumbnail_url': 'https://thespacedevs-dev.nyc3.digitaloceanspaces.com/media/images/255bauto255d__image_thumbnail_20240305193628.jpeg', 'credit': 'SpaceX', 'license': {'id': 5, 'name': 'CC BY-NC 2.0', 'priority': 1, 'link': 'https://creativecommons.org/licenses/by-nc/2.0/'}, 'single_use': False, 'variants': []}, 'logo': {'id': 186, 'name': 'SpaceX logo', 'image_url': 'https://thespacedevs-dev.nyc3.digitaloceanspaces.com/media/images/spacex_logo_20220826094919.png', 'thumbnail_url': 'https://thespacedevs-dev.nyc3.digitaloceanspaces.com/media/images/255bauto255d__image_thumbnail_20240305185138.png', 'credit': 'SpaceX', 'license': {'id': 5, 'name': 'CC BY-NC 2.0', 'priority': 1, 'link': 'https://creativecommons.org/licenses/by-nc/2.0/'}, 'single_use': True, 'variants': []}, 'social_logo': {'id': 94, 'name': 'SpaceX social logo', 'image_url': 'https://thespacedevs-dev.nyc3.digitaloceanspaces.com/media/images/spacex_social_l_image_20260407054626.jpg', 'thumbnail_url': 'https://thespacedevs-dev.nyc3.digitaloceanspaces.com/media/images/spacex_social_l_image_thumbnail_20260407054626.jpeg', 'credit': 'SpaceX', 'license': {'id': 5, 'name': 'CC BY-NC 2.0', 'priority': 1, 'link': 'https://creativecommons.org/licenses/by-nc/2.0/'}, 'single_use': True, 'variants': []}}], 'name': 'Orbital Launch Pad 1', 'image': None, 'description': 'The first launch and landing pad of the full version of the combined SpaceX Starship and Superheavy booster. First used for launch in April 2023.\r\n\r\nThe launch mount itself is named Orbital Launch Mount A.', 'info_url': None, 'wiki_url': 'https://en.wikipedia.org/wiki/SpaceX_Starbase#Launch_site_(Orbital_Launch_Mount_(Pad_1_and_2))', 'map_url': 'https://www.google.com/maps?q=25.9962,-97.154423', 'latitude': 25.9962, 'longitude': -97.154423, 'country': {'id': 2, 'name': 'United States of America', 'alpha_2_code': 'US', 'alpha_3_code': 'USA', 'nationality_name': 'American', 'nationality_name_composed': 'Americano'}, 'map_image': 'https://thespacedevs-dev.nyc3.digitaloceanspaces.com/media/map_images/pad_orbital_launch_mount_a_20210514061342.jpg', 'total_launch_count': 11, 'orbital_launch_attempt_count': 0, 'fastest_turnaround': 'P37DT9H35M', 'location': {'response_mode': 'normal', 'id': 143, 'url': 'https://lldev.thespacedevs.com/2.3.0/locations/143/', 'name': 'SpaceX Starbase, TX, USA', 'celestial_body': {'response_mode': 'normal', 'id': 1, 'name': 'Earth', 'type': {'id': 1, 'name': 'Planet'}, 'diameter': 12742000.0, 'mass': 5.972168e+24, 'gravity': 9.80655, 'length_of_day': '1 00:00:00', 'atmosphere': True, 'image': {'id': 2040, 'name': 'Earth (Apollo 17)', 'image_url': 'https://thespacedevs-dev.nyc3.digitaloceanspaces.com/media/images/earth_2528apol_image_20240402194304.jpeg', 'thumbnail_url': 'https://thespacedevs-dev.nyc3.digitaloceanspaces.com/media/images/earth_2528apol_image_thumbnail_20240402194305.jpeg', 'credit': 'NASA', 'license': {'id': 4, 'name': 'NASA Image and Media Guidelines', 'priority': 0, 'link': 'https://www.nasa.gov/nasa-brand-center/images-and-media/'}, 'single_use': True, 'variants': []}, 'description': 'Earth is the third planet from the Sun and the only astronomical object known to harbor life.', 'wiki_url': 'https://en.wikipedia.org/wiki/Earth', 'total_attempted_launches': 7584, 'successful_launches': 7028, 'failed_launches': 556, 'total_attempted_landings': 1351, 'successful_landings': 1302, 'failed_landings': 49}, 'active': True, 'country': {'id': 2, 'name': 'United States of America', 'alpha_2_code': 'US', 'alpha_3_code': 'USA', 'nationality_name': 'American', 'nationality_name_composed': 'Americano'}, 'description': 'Starbase is an industrial complex for Starship rockets and the headquarters of the American aerospace manufacturer company SpaceX. Located near Brownsville, Texas, United States, it has been under construction since the late 2010s by SpaceX. Starbase is composed of a spaceport near the Gulf of Mexico, a production facility at the Boca Chica village, and a small structure test site along the Texas State Highway 4.', 'image': {'id': 2219, 'name': 'SpaceX Starbase in March 2022', 'image_url': 'https://thespacedevs-dev.nyc3.digitaloceanspaces.com/media/images/spacex_starbase_image_20240919170357.jpg', 'thumbnail_url': 'https://thespacedevs-dev.nyc3.digitaloceanspaces.com/media/images/spacex_starbase_image_thumbnail_20240919170357.jpeg', 'credit': 'SpaceX', 'license': {'id': 5, 'name': 'CC BY-NC 2.0', 'priority': 1, 'link': 'https://creativecommons.org/licenses/by-nc/2.0/'}, 'single_use': True, 'variants': []}, 'map_image': 'https://thespacedevs-dev.nyc3.digitaloceanspaces.com/media/map_images/location_143_20200803142438.jpg', 'longitude': -97.157, 'latitude': 25.997, 'timezone_name': 'America/Chicago', 'total_launch_count': 22, 'total_landing_count': 13}}, 'webcast_live': False, 'program': [{'response_mode': 'normal', 'id': 1, 'url': 'https://lldev.thespacedevs.com/2.3.0/programs/1/', 'name': 'SpaceX Starship', 'image': {'id': 2301, 'name': 'Starship on the launch pad during WDR (Flight 7)', 'image_url': 'https://thespacedevs-dev.nyc3.digitaloceanspaces.com/media/images/starship_on_the_image_20250111100520.jpg', 'thumbnail_url': 'https://thespacedevs-dev.nyc3.digitaloceanspaces.com/media/images/starship_on_the_image_thumbnail_20250111100521.jpeg', 'credit': 'SpaceX', 'license': {'id': 1, 'name': 'Unknown', 'priority': 9, 'link': None}, 'single_use': False, 'variants': []}, 'info_url': 'https://www.spacex.com/vehicles/starship/', 'wiki_url': 'https://en.wikipedia.org/wiki/SpaceX_Starship', 'description': ""The SpaceX Starship is a fully reusable super heavy-lift launch vehicle under development by SpaceX since 2012, as a self-funded private spaceflight project.  The second stage of the Starship — is designed as a long-duration cargo and passenger-carrying spacecraft. It is expected to be initially used without any booster stage at all, as part of an extensive development program to prove out launch-and-landing and iterate on a variety of design details, particularly with respect to the vehicle's atmospheric reentry."", 'agencies': [{'response_mode': 'list', 'id': 121, 'url': 'https://lldev.thespacedevs.com/2.3.0/agencies/121/', 'name': 'SpaceX', 'abbrev': 'SpX', 'type': {'id': 3, 'name': 'Commercial'}}], 'start_date': '2019-03-01T05:00:00Z', 'end_date': None, 'mission_patches': [], 'type': {'id': 7, 'name': 'Technology'}}], 'orbital_launch_attempt_count': None, 'location_launch_attempt_count': 19, 'pad_launch_attempt_count': 10, 'agency_launch_attempt_count': 557, 'orbital_launch_attempt_count_year': None, 'location_launch_attempt_count_year': 4, 'pad_launch_attempt_count_year': 4, 'agency_launch_attempt_count_year': 108}, 'duration': 'PT1H6M30S', 'turn_around_time': None, 'response_mode': 'normal'}",
73,1665,https://lldev.thespacedevs.com/2.3.0/landings/1665/,True,True,The Falcon 9 first stage B1093 has landed on ASDS OCISLY after its 5th flight.,574.0,"{'id': 1, 'name': 'Of Course I Still Love You', 'active': True, 'abbrev': 'OCISLY', 'description': 'The second ASDS barge, Of Course I Still Love You (OCISLY) services launches in the Pacific Ocean and was the site of the first landing of a SpaceX Falcon 9 first stage during CRS-8, the launch of a Dragon spacecraft to the International Space Station.', 'location': None, 'longitude': None, 'latitude': None, 'image': {'id': 1969, 'name': 'OCISLY empty', 'image_url': 'https://thespacedevs-dev.nyc3.digitaloceanspaces.com/media/images/ocisly_empty_image_20240310164323.png', 'thumbnail_url': 'https://thespacedevs-dev.nyc3.digitaloceanspaces.com/media/images/ocisly_empty_image_thumbnail_20240310164323.png', 'credit': 'SpaceX', 'license': {'id': 5, 'name': 'CC BY-NC 2.0', 'priority': 1, 'link': 'https://creativecommons.org/licenses/by-nc/2.0/'}, 'single_use': True, 'variants': []}, 'successful_landings': 217, 'attempted_landings': 225, 'failed_landings': 8, 'celestial_body': {'response_mode': 'normal', 'id': 1, 'name': 'Earth', 'type': {'id': 1, 'name': 'Planet'}, 'diameter': 12742000.0, 'mass': 5.972168e+24, 'gravity': 9.80655, 'length_of_day': '1 00:00:00', 'atmosphere': True, 'image': {'id': 2040, 'name': 'Earth (Apollo 17)', 'image_url': 'https://thespacedevs-dev.nyc3.digitaloceanspaces.com/media/images/earth_2528apol_image_20240402194304.jpeg', 'thumbnail_url': 'https://thespacedevs-dev.nyc3.digitaloceanspaces.com/media/images/earth_2528apol_image_thumbnail_20240402194305.jpeg', 'credit': 'NASA', 'license': {'id': 4, 'name': 'NASA Image and Media Guidelines', 'priority': 0, 'link': 'https://www.nasa.gov/nasa-brand-center/images-and-media/'}, 'single_use': True, 'variants': []}, 'description': 'Earth is the third planet from the Sun and the only astronomical object known to harbor life.', 'wiki_url': 'https://en.wikipedia.org/wiki/Earth'}}","{'id': 1, 'name': 'Autonomous Spaceport Drone Ship', 'abbrev': 'ASDS', 'description': 'An autonomous spaceport drone ship (ASDS) is an ocean-going vessel derived from a deck barge, outfitted with station-keeping engines and a large landing platform. Construction of such ships was commissioned by aerospace company SpaceX to allow for recovery of rocket first-stages at sea for high-velocity missions which do not carry enough fuel to return to the launch site after lofting spacecraft onto an orbital trajectory.'}",,normal,"{'id': 778, 'type': 'Core', 'reused': True, 'launcher_flight_number': 5, 'launcher': {'response_mode': 'normal', 'id': 193, 'url': 'https://lldev.thespacedevs.com/2.3.0/launchers/193/', 'flight_proven': True, 'serial_number': 'B1093', 'is_placeholder': False, 'status': {'id': 3, 'name': 'active'}, 'image': {'id': 2455, 'name': 'Falcon 9 on SLC-4E (SDA-T1TL-B)', 'image_url': 'https://thespacedevs-dev.nyc3.digitaloceanspaces.com/media/images/falcon_9_on_slc_image_20250910140450.jpeg', 'thumbnail_url': 'https://thespacedevs-dev.nyc3.digitaloceanspaces.com/media/images/falcon_9_on_slc_image_thumbnail_20250910140451.jpeg', 'credit': 'SpaceX', 'license': {'id': 1, 'name': 'Unknown', 'priority': 9, 'link': None}, 'single_use': True, 'variants': []}, 'details': 'Falcon 9 booster debuting on Starlink Group 11-11.', 'successful_landings': 16, 'attempted_landings': 16, 'flights': 16, 'last_launch_date': '2026-08-08T16:35:02Z', 'first_launch_date': '2025-04-07T23:06:10Z', 'fastest_turnaround': 'P21DT22H7M44S'}, 'previous_flight_date': '2025-07-16T02:05:20Z', 'turn_around_time': 'P29DT3H17S', 'previous_flight': None}",,
74,1666,https://lldev.thespacedevs.com/2.3.0/landings/1666/,True,True,The Falcon 9 first stage B1090 has landed on ASDS ASOG after its 7th flight.,600.0,"{'id': 17, 'name': 'A Shortfall of Gravitas', 'active': True, 'abbrev': 'ASOG', 'description': 'The fourth ASDS barge, A Shortfall of Gravitas (ASOG) is currently used to recover Falcon 9 and Heavy boosters in the Altantic Ocean.', 'location': None, 'longitude': None, 'latitude': None, 'image': {'id': 1971, 'name': 'ASOG with booster', 'image_url': 'https://thespacedevs-dev.nyc3.digitaloceanspaces.com/media/images/asog_with_boost_image_20240310164859.jpeg', 'thumbnail_url': 'https://thespacedevs-dev.nyc3.digitaloceanspaces.com/media/images/asog_with_boost_image_thumbnail_20240310164859.jpeg', 'credit': 'SpaceX', 'license': {'id': 5, 'name': 'CC BY-NC 2.0', 'priority': 1, 'link': 'https://creativecommons.org/licenses/by-nc/2.0/'}, 'single_use': True, 'variants': []}, 'successful_landings': 163, 'attempted_landings': 164, 'failed_landings': 1, 'celestial_body': {'response_mode': 'normal', 'id': 1, 'name': 'Earth', 'type': {'id': 1, 'name': 'Planet'}, 'diameter': 12742000.0, 'mass': 5.972168e+24, 'gravity': 9.80655, 'length_of_day': '1 00:00:00', 'atmosphere': True, 'image': {'id': 2040, 'name': 'Earth (Apollo 17)', 'image_url': 'https://thespacedevs-dev.nyc3.digitaloceanspaces.com/media/images/earth_2528apol_image_20240402194304.jpeg', 'thumbnail_url': 'https://thespacedevs-dev.nyc3.digitaloceanspaces.com/media/images/earth_2528apol_image_thumbnail_20240402194305.jpeg', 'credit': 'NASA', 'license': {'id': 4, 'name': 'NASA Image and Media Guidelines', 'priority': 0, 'link': 'https://www.nasa.gov/nasa-brand-center/images-and-media/'}, 'single_use': True, 'variants': []}, 'description': 'Earth is the third planet from the Sun and the only astronomical object known to harbor life.', 'wiki_url': 'https://en.wikipedia.org/wiki/Earth'}}","{'id': 1, 'name': 'Autonomous Spaceport Drone Ship', 'abbrev': 'ASDS', 'description': 'An autonomous spaceport drone ship (ASDS) is an ocean-going vessel derived from a deck barge, outfitted with station-keeping engines and a large landing platform. Construction of such ships was commissioned by aerospace company SpaceX to allow for recovery of rocket first-stages at sea for high-velocity missions which do not carry enough fuel to return to the launch site after lofting spacecraft onto an orbital trajectory.'}",,normal,"{'id': 716, 'type': 'Core', 'reused': True, 'launcher_flight_number': 7, 'launcher': {'response_mode': 'normal', 'id': 190, 'url': 'https://lldev.thespacedevs.com/2.3.0/launchers/190/', 'flight_proven': True, 'serial_number': 'B1090', 'is_placeholder': False, 'status': {'id': 3, 'name': 'active'}, 'image': {'id': 2353, 'name': 'B1090 at LZ-1 (Crew-10)', 'image_url': 'https://thespacedevs-dev.nyc3.digitaloceanspaces.com/media/images/b1090_at_lz-1__image_20250316065021.jpg', 'thumbnail_url': 'https://thespacedevs-dev.nyc3.digitaloceanspaces.com/media/images/b1090_at_lz-1__image_thumbnail_20250316065021.jpeg', 'credit': 'SpaceX', 'license': {'id': 1, 'name': 'Unknown', 'priority': 9, 'link': None}, 'single_use': True, 'variants': []}, 'details': 'Falcon 9 booster.', 'successful_landings': 13, 'attempted_landings': 13, 'flights': 13, 'last_launch_date': '2026-07-05T10:50:00Z', 'first_launch_date': '2024-12-17T22:26:00Z', 'fastest_turnaround': 'P22DT15H50M16S'}, 'previous_flight_date': '2025-07-22T21:12:00Z', 'turn_around_time': 'P32DT9H33M36S', 'previous_flight': None}",,
75,1667,https://lldev.thespacedevs.com/2.3.0/landings/1667/,True,,The X-37B spaceplane will land at the Shuttle Landing Facility or Vandenberg Space Force Base after this flight.,,"{'id': 12, 'name': 'Unknown', 'active': True, 'abbrev': 'N/A', 'description': None, 'location': None, 'longitude': None, 'latitude': None, 'image': None, 'successful_landings': 0, 'attempted_landings': 0, 'failed_landings': 0, 'celestial_body': {'response_mode': 'normal', 'id': 1, 'name': 'Earth', 'type': {'id': 1, 'name': 'Planet'}, 'diameter': 12742000.0, 'mass': 5.972168e+24, 'gravity': 9.80655, 'length_of_day': '1 00:00:00', 'atmosphere': True, 'image': {'id': 2040, 'name': 'Earth (Apollo 17)', 'image_url': 'https://thespacedevs-dev.nyc3.digitaloceanspaces.com/media/images/earth_2528apol_image_20240402194304.jpeg', 'thumbnail_url': 'https://thespacedevs-dev.nyc3.digitaloceanspaces.com/media/images/earth_2528apol_image_thumbnail_20240402194305.jpeg', 'credit': 'NASA', 'license': {'id': 4, 'name': 'NASA Image and Media Guidelines', 'priority': 0, 'link': 'https://www.nasa.gov/nasa-brand-center/images-and-media/'}, 'single_use': True, 'variants': []}, 'description': 'Earth is the third planet from the Sun and the only astronomical object known to harbor life.', 'wiki_url': 'https://en.wikipedia.org/wiki/Earth'}}","{'id': 6, 'name': 'Horizontal Landing', 'abbrev': 'HL', 'description': 'Horizontal landing on a runway or flat surface.'}",,normal,,"{'id': 891, 'url': 'https://lldev.thespacedevs.com/2.3.0/spacecraft_flights/891/', 'destination': 'Low Earth Orbit', 'mission_end': None, 'spacecraft': {'response_mode': 'normal', 'id': 558, 'url': 'https://lldev.thespacedevs.com/2.3.0/spacecraft/558/', 'name': 'X-37B 1', 'serial_number': '1', 'is_placeholder': False, 'image': {'id': 1940, 'name': '[AUTO] X-37B - image', 'image_url': 'https://thespacedevs-dev.nyc3.digitaloceanspaces.com/media/images/x-37b_image_20221113134355.jpeg', 'thumbnail_url': 'https://thespacedevs-dev.nyc3.digitaloceanspaces.com/media/images/255bauto255d__image_thumbnail_20240305194208.jpeg', 'credit': None, 'license': {'id': 1, 'name': 'Unknown', 'priority': 9, 'link': None}, 'single_use': True, 'variants': []}, 'in_space': True, 'time_in_space': 'P2160DT2H32M16S', 'time_docked': 'P0D', 'flights_count': 4, 'mission_ends_count': 3, 'status': {'id': 1, 'name': 'Active'}, 'description': 'First X-37B. First flight on April 22, 2010.', 'spacecraft_config': {'response_mode': 'normal', 'id': 30, 'url': 'https://lldev.thespacedevs.com/2.3.0/spacecraft_configurations/30/', 'name': 'X-37B', 'type': {'id': 3, 'name': 'Spaceplane'}, 'agency': {'response_mode': 'list', 'id': 80, 'url': 'https://lldev.thespacedevs.com/2.3.0/agencies/80/', 'name': 'Boeing', 'abbrev': 'BA', 'type': {'id': 3, 'name': 'Commercial'}}, 'family': [], 'in_use': True, 'image': {'id': 1940, 'name': '[AUTO] X-37B - image', 'image_url': 'https://thespacedevs-dev.nyc3.digitaloceanspaces.com/media/images/x-37b_image_20221113134355.jpeg', 'thumbnail_url': 'https://thespacedevs-dev.nyc3.digitaloceanspaces.com/media/images/255bauto255d__image_thumbnail_20240305194208.jpeg', 'credit': None, 'license': {'id': 1, 'name': 'Unknown', 'priority': 9, 'link': None}, 'single_use': True, 'variants': []}}, 'fastest_turnaround': 'P739DT8H47M'}, 'launch': {'id': '2d5f2335-c3c2-4306-9dde-8ec37f348ccf', 'url': 'https://lldev.thespacedevs.com/2.3.0/launches/2d5f2335-c3c2-4306-9dde-8ec37f348ccf/', 'name': 'Falcon 9 Block 5 | OTV-8 (X-37B) (USSF-36)', 'response_mode': 'normal', 'slug': 'falcon-9-block-5-otv-8-x-37b-ussf-36', 'launch_designator': '2025-183', 'status': {'id': 3, 'name': 'Launch Successful', 'abbrev': 'Success', 'description': 'The launch vehicle successfully inserted its payload(s) into the target orbit(s).'}, 'last_updated': '2025-08-26T11:59:02Z', 'net': '2025-08-22T03:50:00Z', 'net_precision': {'id': 1, 'name': 'Minute', 'abbrev': 'MIN', 'description': 'The T-0 is accurate to the minute.'}, 'window_end': '2025-08-22T07:40:00Z', 'window_start': '2025-08-22T03:40:00Z', 'image': {'id': 2437, 'name': 'Falcon 9 on LC-39A (USF-36)', 'image_url': 'https://thespacedevs-dev.nyc3.digitaloceanspaces.com/media/images/falcon_9_on_lc-_image_20250821083642.jpeg', 'thumbnail_url': 'https://thespacedevs-dev.nyc3.digitaloceanspaces.com/media/images/falcon_9_on_lc-_image_thumbnail_20250821083642.jpeg', 'credit': 'SpaceX', 'license': {'id': 1, 'name': 'Unknown', 'priority': 9, 'link': None}, 'single_use': True, 'variants': []}, 'infographic': None, 'probability': 90, 'weather_concerns': 'Cumulus Cloud Rule, Anvil Cloud Rules', 'failreason': '', 'hashtag': None, 'launch_service_provider': {'response_mode': 'list', 'id': 121, 'url': 'https://lldev.thespacedevs.com/2.3.0/agencies/121/', 'name': 'SpaceX', 'abbrev': 'SpX', 'type': {'id': 3, 'name': 'Commercial'}}, 'rocket': {'id': 7857, 'configuration': {'response_mode': 'list', 'id': 164, 'url': 'https://lldev.thespacedevs.com/2.3.0/launcher_configurations/164/', 'name': 'Falcon 9', 'families': [{'response_mode': 'list', 'id': 1, 'name': 'Falcon'}, {'response_mode': 'list', 'id': 176, 'name': 'Falcon 9'}], 'full_name': 'Falcon 9 Block 5', 'variant': 'Block 5'}}, 'mission': {'id': 6365, 'name': 'OTV-8 (X-37B) (USSF-36)', 'type': 'Government/Top Secret', 'description': 'Eighth flight of the X-37B program. \r\n\r\nThe X-37B is a dynamic and responsive spacecraft responsible for conducting a range of tests and experiments that expedite the development of critical next-generation technologies and operational concepts for reusable space capabilities.\r\n\r\nThe OTV-8 mission in Low Earth Orbit includes operational demonstrations and experiments of next-generation technologies, including laser communications and the highest performing strategic grade quantum inertial sensor ever tested in space. Mission partners include the Air Force Research Lab and the Defense Innovation Unit, respectively.', 'image': None, 'orbit': {'id': 8, 'name': 'Low Earth Orbit', 'abbrev': 'LEO', 'celestial_body': {'response_mode': 'list', 'id': 1, 'name': 'Earth'}}, 'agencies': [{'response_mode': 'normal', 'id': 1041, 'url': 'https://lldev.thespacedevs.com/2.3.0/agencies/1041/', 'name': 'United States Space Force', 'abbrev': 'USSF', 'type': {'id': 1, 'name': 'Government'}, 'featured': False, 'country': [{'id': 2, 'name': 'United States of America', 'alpha_2_code': 'US', 'alpha_3_code': 'USA', 'nationality_name': 'American', 'nationality_name_composed': 'Americano'}], 'description': 'The United States Space Force (USSF) is the space service branch of the U.S. Armed Forces, one of the eight U.S. uniformed services.', 'administrator': None, 'founding_year': 2019, 'launchers': '', 'spacecraft': '', 'parent': None, 'image': None, 'logo': {'id': 194, 'name': 'United States Space Force logo', 'image_url': 'https://thespacedevs-dev.nyc3.digitaloceanspaces.com/media/images/united2520states2520space2520force_logo_20221102113048.png', 'thumbnail_url': 'https://thespacedevs-dev.nyc3.digitaloceanspaces.com/media/images/255bauto255d__image_thumbnail_20240305185155.png', 'credit': 'USSF', 'license': {'id': 17, 'name': 'Department of Defense Image Use Policy', 'priority': 6, 'link': 'https://www.dimoc.mil/resources/limitations/'}, 'single_use': True, 'variants': []}, 'social_logo': {'id': 2472, 'name': 'United States Space Force social logo', 'image_url': 'https://thespacedevs-dev.nyc3.digitaloceanspaces.com/media/images/united_states_s_image_20250916065613.jpg', 'thumbnail_url': 'https://thespacedevs-dev.nyc3.digitaloceanspaces.com/media/images/united_states_s_image_thumbnail_20250916065613.jpeg', 'credit': 'USSF', 'license': {'id': 17, 'name': 'Department of Defense Image Use Policy', 'priority': 6, 'link': 'https://www.dimoc.mil/resources/limitations/'}, 'single_use': True, 'variants': []}, 'total_launch_count': 0, 'consecutive_successful_launches': 0, 'successful_launches': 0, 'failed_launches': 0, 'pending_launches': 0, 'consecutive_successful_landings': 0, 'successful_landings': 0, 'failed_landings': 0, 'attempted_landings': 0, 'successful_landings_spacecraft': 0, 'failed_landings_spacecraft': 0, 'attempted_landings_spacecraft': 0, 'successful_landings_payload': 0, 'failed_landings_payload': 0, 'attempted_landings_payload': 0, 'info_url': 'https://www.spaceforce.mil/', 'wiki_url': 'https://en.wikipedia.org/wiki/United_States_Space_Force', 'social_media_links': []}], 'info_urls': [], 'vid_urls': []}, 'pad': {'id': 87, 'url': 'https://lldev.thespacedevs.com/2.3.0/pads/87/', 'active': True, 'agencies': [{'response_mode': 'normal', 'id': 121, 'url': 'https://lldev.thespacedevs.com/2.3.0/agencies/121/', 'name': 'SpaceX', 'abbrev': 'SpX', 'type': {'id': 3, 'name': 'Commercial'}, 'featured': True, 'country': [{'id': 2, 'name': 'United States of America', 'alpha_2_code': 'US', 'alpha_3_code': 'USA', 'nationality_name': 'American', 'nationality_name_composed': 'Americano'}], 'description': 'Space Exploration Technologies Corp., known as SpaceX, is an American aerospace manufacturer and space transport services company headquartered in Hawthorne, California. It was founded in 2002 by entrepreneur Elon Musk with the goal of reducing space transportation costs and enabling the colonization of Mars. SpaceX operates from many pads, on the East Coast of the US they operate from SLC-40 at Cape Canaveral Space Force Station and historic LC-39A at Kennedy Space Center. They also operate from SLC-4E at Vandenberg Space Force Base, California, usually for polar launches. Another launch site is being developed at Boca Chica, Texas.', 'administrator': 'CEO: Elon Musk', 'founding_year': 2002, 'launchers': 'Falcon | Starship', 'spacecraft': 'Dragon', 'parent': None, 'image': {'id': 1736, 'name': 'Falcon 9 liftoff from LC-39A', 'image_url': 'https://thespacedevs-dev.nyc3.digitaloceanspaces.com/media/images/falcon_9_image_20230807133459.jpeg', 'thumbnail_url': 'https://thespacedevs-dev.nyc3.digitaloceanspaces.com/media/images/255bauto255d__image_thumbnail_20240305193628.jpeg', 'credit': 'SpaceX', 'license': {'id': 5, 'name': 'CC BY-NC 2.0', 'priority': 1, 'link': 'https://creativecommons.org/licenses/by-nc/2.0/'}, 'single_use': False, 'variants': []}, 'logo': {'id': 186, 'name': 'SpaceX logo', 'image_url': 'https://thespacedevs-dev.nyc3.digitaloceanspaces.com/media/images/spacex_logo_20220826094919.png', 'thumbnail_url': 'https://thespacedevs-dev.nyc3.digitaloceanspaces.com/media/images/255bauto255d__image_thumbnail_20240305185138.png', 'credit': 'SpaceX', 'license': {'id': 5, 'name': 'CC BY-NC 2.0', 'priority': 1, 'link': 'https://creativecommons.org/licenses/by-nc/2.0/'}, 'single_use': True, 'variants': []}, 'social_logo': {'id': 94, 'name': 'SpaceX social logo', 'image_url': 'https://thespacedevs-dev.nyc3.digitaloceanspaces.com/media/images/spacex_social_l_image_20260407054626.jpg', 'thumbnail_url': 'https://thespacedevs-dev.nyc3.digitaloceanspaces.com/media/images/spacex_social_l_image_thumbnail_20260407054626.jpeg', 'credit': 'SpaceX', 'license': {'id': 5, 'name': 'CC BY-NC 2.0', 'priority': 1, 'link': 'https://creativecommons.org/licenses/by-nc/2.0/'}, 'single_use': True, 'variants': []}}], 'name': 'Launch Complex 39A', 'image': {'id': 2119, 'name': 'FH liftoff from LC-39A (GOES-U)', 'image_url': 'https://thespacedevs-dev.nyc3.digitaloceanspaces.com/media/images/fh_liftoff_from_image_20240626200232.jpeg', 'thumbnail_url': 'https://thespacedevs-dev.nyc3.digitaloceanspaces.com/media/images/fh_liftoff_from_image_thumbnail_20240626200233.jpeg', 'credit': 'SpaceX', 'license': {'id': 5, 'name': 'CC BY-NC 2.0', 'priority': 1, 'link': 'https://creativecommons.org/licenses/by-nc/2.0/'}, 'single_use': True, 'variants': []}, 'description': '', 'info_url': None, 'wiki_url': 'https://en.wikipedia.org/wiki/Kennedy_Space_Center_Launch_Complex_39#Launch_Pad_39A', 'map_url': 'https://www.google.com/maps?q=28.60822681,-80.60428186', 'latitude': 28.60822681, 'longitude': -80.60428186, 'country': {'id': 2, 'name': 'United States of America', 'alpha_2_code': 'US', 'alpha_3_code': 'USA', 'nationality_name': 'American', 'nationality_name_composed': 'Americano'}, 'map_image': 'https://thespacedevs-dev.nyc3.digitaloceanspaces.com/media/map_images/pad_87_20200803143537.jpg', 'total_launch_count': 222, 'orbital_launch_attempt_count': 221, 'fastest_turnaround': 'P5DT6H20M30S', 'location': {'response_mode': 'normal', 'id': 27, 'url': 'https://lldev.thespacedevs.com/2.3.0/locations/27/', 'name': 'Kennedy Space Center, FL, USA', 'celestial_body': {'response_mode': 'normal', 'id': 1, 'name': 'Earth', 'type': {'id': 1, 'name': 'Planet'}, 'diameter': 12742000.0, 'mass': 5.972168e+24, 'gravity': 9.80655, 'length_of_day': '1 00:00:00', 'atmosphere': True, 'image': {'id': 2040, 'name': 'Earth (Apollo 17)', 'image_url': 'https://thespacedevs-dev.nyc3.digitaloceanspaces.com/media/images/earth_2528apol_image_20240402194304.jpeg', 'thumbnail_url': 'https://thespacedevs-dev.nyc3.digitaloceanspaces.com/media/images/earth_2528apol_image_thumbnail_20240402194305.jpeg', 'credit': 'NASA', 'license': {'id': 4, 'name': 'NASA Image and Media Guidelines', 'priority': 0, 'link': 'https://www.nasa.gov/nasa-brand-center/images-and-media/'}, 'single_use': True, 'variants': []}, 'description': 'Earth is the third planet from the Sun and the only astronomical object known to harbor life.', 'wiki_url': 'https://en.wikipedia.org/wiki/Earth', 'total_attempted_launches': 7584, 'successful_launches': 7028, 'failed_launches': 556, 'total_attempted_landings': 1351, 'successful_landings': 1302, 'failed_landings': 49}, 'active': True, 'country': {'id': 2, 'name': 'United States of America', 'alpha_2_code': 'US', 'alpha_3_code': 'USA', 'nationality_name': 'American', 'nationality_name_composed': 'Americano'}, 'description': ""The John F. Kennedy Space Center, located on Merritt Island, Florida, is one of NASA's ten field centers. Since 1968, KSC has been NASA's primary launch center of American spaceflight, research, and technology. Launch operations for the Apollo, Skylab and Space Shuttle programs were carried out from Kennedy Space Center Launch Complex 39 and managed by KSC. Located on the east coast of Florida, KSC is adjacent to Cape Canaveral Space Force Station (CCSFS)."", 'image': {'id': 2200, 'name': 'Cape Canaveral & KSC seen from orbit (STS-43)', 'image_url': 'https://thespacedevs-dev.nyc3.digitaloceanspaces.com/media/images/cape_canaveral__image_20240918151615.jpg', 'thumbnail_url': 'https://thespacedevs-dev.nyc3.digitaloceanspaces.com/media/images/cape_canaveral__image_thumbnail_20240918151616.jpeg', 'credit': 'NASA', 'license': {'id': 4, 'name': 'NASA Image and Media Guidelines', 'priority': 0, 'link': 'https://www.nasa.gov/nasa-brand-center/images-and-media/'}, 'single_use': True, 'variants': []}, 'map_image': 'https://thespacedevs-dev.nyc3.digitaloceanspaces.com/media/map_images/location_27_20200803142447.jpg', 'longitude': -80.650833, 'latitude': 28.524167, 'timezone_name': 'America/New_York', 'total_launch_count': 281, 'total_landing_count': 0}}, 'webcast_live': False, 'program': [], 'orbital_launch_attempt_count': 7038, 'location_launch_attempt_count': 270, 'pad_launch_attempt_count': 212, 'agency_launch_attempt_count': 553, 'orbital_launch_attempt_count_year': 189, 'location_launch_attempt_count_year': 18, 'pad_launch_attempt_count_year': 18, 'agency_launch_attempt_count_year': 104}, 'duration': 'P351DT21H41M56.116233S', 'turn_around_time': 'P1013DT17H28M', 'response_mode': 'normal'}",
76,1669,https://lldev.thespacedevs.com/2.3.0/landings/1669/,True,True,The Falcon 9 1st stage B1091 has landed on ASDS ASOG after its 1st flight.,600.0,"{'id': 17, 'name': 'A Shortfall of Gravitas', 'active': True, 'abbrev': 'ASOG', 'description': 'The fourth ASDS barge, A Shortfall of Gravitas (ASOG) is currently used to recover Falcon 9 and Heavy boosters in the Altantic Ocean.', 'location': None, 'longitude': None, 'latitude': None, 'image': {'id': 1971, 'name': 'ASOG with booster', 'image_url': 'https://thespacedevs-dev.nyc3.digitaloceanspaces.com/media/images/asog_with_boost_image_20240310164859.jpeg', 'thumbnail_url': 'https://thespacedevs-dev.nyc3.digitaloceanspaces.com/media/images/asog_with_boost_image_thumbnail_20240310164859.jpeg', 'credit': 'SpaceX', 'license': {'id': 5, 'name': 'CC BY-NC 2.0', 'priority': 1, 'link': 'https://creativecommons.org/licenses/by-nc/2.0/'}, 'single_use': True, 'variants': []}, 'successful_landings': 163, 'attempted_landings': 164, 'failed_landings': 1, 'celestial_body': {'response_mode': 'normal', 'id': 1, 'name': 'Earth', 'type': {'id': 1, 'name': 'Planet'}, 'diameter': 12742000.0, 'mass': 5.972168e+24, 'gravity': 9.80655, 'length_of_day': '1 00:00:00', 'atmosphere': True, 'image': {'id': 2040, 'name': 'Earth (Apollo 17)', 'image_url': 'https://thespacedevs-dev.nyc3.digitaloceanspaces.com/media/images/earth_2528apol_image_20240402194304.jpeg', 'thumbnail_url': 'https://thespacedevs-dev.nyc3.digitaloceanspaces.com/media/images/earth_2528apol_image_thumbnail_20240402194305.jpeg', 'credit': 'NASA', 'license': {'id': 4, 'name': 'NASA Image and Media Guidelines', 'priority': 0, 'link': 'https://www.nasa.gov/nasa-brand-center/images-and-media/'}, 'single_use': True, 'variants': []}, 'description': 'Earth is the third planet from the Sun and the only astronomical object known to harbor life.', 'wiki_url': 'https://en.wikipedia.org/wiki/Earth'}}","{'id': 1, 'name': 'Autonomous Spaceport Drone Ship', 'abbrev': 'ASDS', 'description': 'An autonomous spaceport drone ship (ASDS) is an ocean-going vessel derived from a deck barge, outfitted with station-keeping engines and a large landing platform. Construction of such ships was commissioned by aerospace company SpaceX to allow for recovery of rocket first-stages at sea for high-velocity missions which do not carry enough fuel to return to the launch site after lofting spacecraft onto an orbital trajectory.'}",,normal,"{'id': 780, 'type': 'Core', 'reused': False, 'launcher_flight_number': 1, 'launcher': {'response_mode': 'normal', 'id': 195, 'url': 'https://lldev.thespacedevs.com/2.3.0/launchers/195/', 'flight_proven': True, 'serial_number': 'B1091', 'is_placeholder': False, 'status': {'id': 3, 'name': 'active'}, 'image': {'id': 2435, 'name': 'B1091 on SLC-40 (KF-02)', 'image_url': 'https://thespacedevs-dev.nyc3.digitaloceanspaces.com/media/images/b1091_on_slc-40_image_20250807141845.jpeg', 'thumbnail_url': 'https://thespacedevs-dev.nyc3.digitaloceanspaces.com/media/images/b1091_on_slc-40_image_thumbnail_20250807141845.jpeg', 'credit': 'SpaceX', 'license': {'id': 1, 'name': 'Unknown', 'priority': 9, 'link': None}, 'single_use': True, 'variants': []}, 'details': 'Planned Falcon Heavy center core stage that will first be used as a Falcon 9 first stage booster for several launches.', 'successful_landings': 3, 'attempted_landings': 3, 'flights': 3, 'last_launch_date': '2025-11-02T05:09:59Z', 'first_launch_date': '2025-08-11T12:35:00Z', 'fastest_turnaround': 'P19DT3H11M59S'}, 'previous_flight_date': None, 'turn_around_time': None, 'previous_flight': None}",,
77,1670,https://lldev.thespacedevs.com/2.3.0/landings/1670/,True,True,The Falcon 9 first stage B1097 has landed on ASDS OCISLY after its 4th flight.,574.0,"{'id': 1, 'name': 'Of Course I Still Love You', 'active': True, 'abbrev': 'OCISLY', 'description': 'The second ASDS barge, Of Course I Still Love You (OCISLY) services launches in the Pacific Ocean and was the site of the first landing of a SpaceX Falcon 9 first stage during CRS-8, the launch of a Dragon spacecraft to the International Space Station.', 'location': None, 'longitude': None, 'latitude': None, 'image': {'id': 1969, 'name': 'OCISLY empty', 'image_url': 'https://thespacedevs-dev.nyc3.digitaloceanspaces.com/media/images/ocisly_empty_image_20240310164323.png', 'thumbnail_url': 'https://thespacedevs-dev.nyc3.digitaloceanspaces.com/media/images/ocisly_empty_image_thumbnail_20240310164323.png', 'credit': 'SpaceX', 'license': {'id': 5, 'name': 'CC BY-NC 2.0', 'priority': 1, 'link': 'https://creativecommons.org/licenses/by-nc/2.0/'}, 'single_use': True, 'variants': []}, 'successful_landings': 217, 'attempted_landings': 225, 'failed_landings': 8, 'celestial_body': {'response_mode': 'normal', 'id': 1, 'name': 'Earth', 'type': {'id': 1, 'name': 'Planet'}, 'diameter': 12742000.0, 'mass': 5.972168e+24, 'gravity': 9.80655, 'length_of_day': '1 00:00:00', 'atmosphere': True, 'image': {'id': 2040, 'name': 'Earth (Apollo 17)', 'image_url': 'https://thespacedevs-dev.nyc3.digitaloceanspaces.com/media/images/earth_2528apol_image_20240402194304.jpeg', 'thumbnail_url': 'https://thespacedevs-dev.nyc3.digitaloceanspaces.com/media/images/earth_2528apol_image_thumbnail_20240402194305.jpeg', 'credit': 'NASA', 'license': {'id': 4, 'name': 'NASA Image and Media Guidelines', 'priority': 0, 'link': 'https://www.nasa.gov/nasa-brand-center/images-and-media/'}, 'single_use': True, 'variants': []}, 'description': 'Earth is the third planet from the Sun and the only astronomical object known to harbor life.', 'wiki_url': 'https://en.wikipedia.org/wiki/Earth'}}","{'id': 1, 'name': 'Autonomous Spaceport Drone Ship', 'abbrev': 'ASDS', 'description': 'An autonomous spaceport drone ship (ASDS) is an ocean-going vessel derived from a deck barge, outfitted with station-keeping engines and a large landing platform. Construction of such ships was commissioned by aerospace company SpaceX to allow for recovery of rocket first-stages at sea for high-velocity missions which do not carry enough fuel to return to the launch site after lofting spacecraft onto an orbital trajectory.'}",,normal,"{'id': 781, 'type': 'Core', 'reused': True, 'launcher_flight_number': 4, 'launcher': {'response_mode': 'normal', 'id': 199, 'url': 'https://lldev.thespacedevs.com/2.3.0/launchers/199/', 'flight_proven': True, 'serial_number': 'B1097', 'is_placeholder': False, 'status': {'id': 3, 'name': 'active'}, 'image': {'id': 2631, 'name': 'B1097 landing at LZ-4 (Sentinel 6B)', 'image_url': 'https://thespacedevs-dev.nyc3.digitaloceanspaces.com/media/images/b1097_landing_a_image_20251219190818.jpg', 'thumbnail_url': 'https://thespacedevs-dev.nyc3.digitaloceanspaces.com/media/images/b1097_landing_a_image_thumbnail_20251219190819.jpeg', 'credit': 'NASA Kennedy', 'license': {'id': 4, 'name': 'NASA Image and Media Guidelines', 'priority': 0, 'link': 'https://www.nasa.gov/nasa-brand-center/images-and-media/'}, 'single_use': True, 'variants': []}, 'details': 'Falcon 9 booster.', 'successful_landings': 11, 'attempted_landings': 11, 'flights': 11, 'last_launch_date': '2026-07-07T07:12:00Z', 'first_launch_date': '2025-09-03T03:51:26Z', 'fastest_turnaround': 'P14DT3H45M49S'}, 'previous_flight_date': '2025-11-17T05:21:42Z', 'turn_around_time': 'P17DT15H20M38S', 'previous_flight': {'id': 'a5e8c7ff-f30d-488d-8ef3-b445cbd75fd3', 'url': 'https://lldev.thespacedevs.com/2.3.0/launches/a5e8c7ff-f30d-488d-8ef3-b445cbd75fd3/', 'name': 'Falcon 9 Block 5 | Sentinel-6B'}}",,
78,1671,https://lldev.thespacedevs.com/2.3.0/landings/1671/,True,True,The Falcon 9 1st stage B1085 has landed on ASDS JRTI after its 10th flight.,600.0,"{'id': 3, 'name': 'Just Read the Instructions', 'active': True, 'abbrev': 'JRTI', 'description': 'Third (Marmac 303) ASDS barge, Just Read the Instructions (JRTI) is currently used to recover Falcon 9 and Heavy boosters in the Atlantic Ocean.', 'location': None, 'longitude': None, 'latitude': None, 'image': {'id': 1973, 'name': 'JRTI (Marmac 303) empty', 'image_url': 'https://thespacedevs-dev.nyc3.digitaloceanspaces.com/media/images/jrti_2528marma_image_20240310170452.jpeg', 'thumbnail_url': 'https://thespacedevs-dev.nyc3.digitaloceanspaces.com/media/images/jrti_2528marma_image_thumbnail_20240310170452.jpeg', 'credit': 'SpaceX', 'license': {'id': 5, 'name': 'CC BY-NC 2.0', 'priority': 1, 'link': 'https://creativecommons.org/licenses/by-nc/2.0/'}, 'single_use': True, 'variants': []}, 'successful_landings': 156, 'attempted_landings': 157, 'failed_landings': 1, 'celestial_body': {'response_mode': 'normal', 'id': 1, 'name': 'Earth', 'type': {'id': 1, 'name': 'Planet'}, 'diameter': 12742000.0, 'mass': 5.972168e+24, 'gravity': 9.80655, 'length_of_day': '1 00:00:00', 'atmosphere': True, 'image': {'id': 2040, 'name': 'Earth (Apollo 17)', 'image_url': 'https://thespacedevs-dev.nyc3.digitaloceanspaces.com/media/images/earth_2528apol_image_20240402194304.jpeg', 'thumbnail_url': 'https://thespacedevs-dev.nyc3.digitaloceanspaces.com/media/images/earth_2528apol_image_thumbnail_20240402194305.jpeg', 'credit': 'NASA', 'license': {'id': 4, 'name': 'NASA Image and Media Guidelines', 'priority': 0, 'link': 'https://www.nasa.gov/nasa-brand-center/images-and-media/'}, 'single_use': True, 'variants': []}, 'description': 'Earth is the third planet from the Sun and the only astronomical object known to harbor life.', 'wiki_url': 'https://en.wikipedia.org/wiki/Earth'}}","{'id': 1, 'name': 'Autonomous Spaceport Drone Ship', 'abbrev': 'ASDS', 'description': 'An autonomous spaceport drone ship (ASDS) is an ocean-going vessel derived from a deck barge, outfitted with station-keeping engines and a large landing platform. Construction of such ships was commissioned by aerospace company SpaceX to allow for recovery of rocket first-stages at sea for high-velocity missions which do not carry enough fuel to return to the launch site after lofting spacecraft onto an orbital trajectory.'}",,normal,"{'id': 782, 'type': 'Core', 'reused': True, 'launcher_flight_number': 10, 'launcher': {'response_mode': 'normal', 'id': 151, 'url': 'https://lldev.thespacedevs.com/2.3.0/launchers/151/', 'flight_proven': True, 'serial_number': 'B1085', 'is_placeholder': False, 'status': {'id': 3, 'name': 'active'}, 'image': {'id': 2290, 'name': 'B1085 during landing at LZ-1 (Crew-9)', 'image_url': 'https://thespacedevs-dev.nyc3.digitaloceanspaces.com/media/images/b1085_during_la_image_20241217151951.jpg', 'thumbnail_url': 'https://thespacedevs-dev.nyc3.digitaloceanspaces.com/media/images/b1085_during_la_image_thumbnail_20241217151951.jpeg', 'credit': 'SpaceX', 'license': {'id': 1, 'name': 'Unknown', 'priority': 9, 'link': None}, 'single_use': True, 'variants': []}, 'details': 'Booster used during the Crew-9 and Fram2 mission.', 'successful_landings': 17, 'attempted_landings': 17, 'flights': 17, 'last_launch_date': '2026-06-29T02:25:00Z', 'first_launch_date': '2024-08-20T13:20:00Z', 'fastest_turnaround': 'P23DT7H36M10S'}, 'previous_flight_date': '2025-07-01T21:04:00Z', 'turn_around_time': 'P43DT15H25M30S', 'previous_flight': None}",,
79,1672,https://lldev.thespacedevs.com/2.3.0/landings/1672/,True,True,The Falcon 9 1st stage B1067 has landed on ASDS ASOG after its 30th flight.,600.0,"{'id': 17, 'name': 'A Shortfall of Gravitas', 'active': True, 'abbrev': 'ASOG', 'description': 'The fourth ASDS barge, A Shortfall of Gravitas (ASOG) is currently used to recover Falcon 9 and Heavy boosters in the Altantic Ocean.', 'location': None, 'longitude': None, 'latitude': None, 'image': {'id': 1971, 'name': 'ASOG with booster', 'image_url': 'https://thespacedevs-dev.nyc3.digitaloceanspaces.com/media/images/asog_with_boost_image_20240310164859.jpeg', 'thumbnail_url': 'https://thespacedevs-dev.nyc3.digitaloceanspaces.com/media/images/asog_with_boost_image_thumbnail_20240310164859.jpeg', 'credit': 'SpaceX', 'license': {'id': 5, 'name': 'CC BY-NC 2.0', 'priority': 1, 'link': 'https://creativecommons.org/licenses/by-nc/2.0/'}, 'single_use': True, 'variants': []}, 'successful_landings': 163, 'attempted_landings': 164, 'failed_landings': 1, 'celestial_body': {'response_mode': 'normal', 'id': 1, 'name': 'Earth', 'type': {'id': 1, 'name': 'Planet'}, 'diameter': 12742000.0, 'mass': 5.972168e+24, 'gravity': 9.80655, 'length_of_day': '1 00:00:00', 'atmosphere': True, 'image': {'id': 2040, 'name': 'Earth (Apollo 17)', 'image_url': 'https://thespacedevs-dev.nyc3.digitaloceanspaces.com/media/images/earth_2528apol_image_20240402194304.jpeg', 'thumbnail_url': 'https://thespacedevs-dev.nyc3.digitaloceanspaces.com/media/images/earth_2528apol_image_thumbnail_20240402194305.jpeg', 'credit': 'NASA', 'license': {'id': 4, 'name': 'NASA Image and Media Guidelines', 'priority': 0, 'link': 'https://www.nasa.gov/nasa-brand-center/images-and-media/'}, 'single_use': True, 'variants': []}, 'description': 'Earth is the third planet from the Sun and the only astronomical object known to harbor life.', 'wiki_url': 'https://en.wikipedia.org/wiki/Earth'}}","{'id': 1, 'name': 'Autonomous Spaceport Drone Ship', 'abbrev': 'ASDS', 'description': 'An autonomous spaceport drone ship (ASDS) is an ocean-going vessel derived from a deck barge, outfitted with station-keeping engines and a large landing platform. Construction of such ships was commissioned by aerospace company SpaceX to allow for recovery of rocket first-stages at sea for high-velocity missions which do not carry enough fuel to return to the launch site after lofting spacecraft onto an orbital trajectory.'}",,normal,"{'id': 783, 'type': 'Core', 'reused': True, 'launcher_flight_number': 30, 'launcher': {'response_mode': 'normal', 'id': 101, 'url': 'https://lldev.thespacedevs.com/2.3.0/launchers/101/', 'flight_proven': True, 'serial_number': 'B1067', 'is_placeholder': False, 'status': {'id': 3, 'name': 'active'}, 'image': {'id': 2464, 'name': 'B1067 landing on LZ-1 during Koreasat-6A launch', 'image_url': 'https://thespacedevs-dev.nyc3.digitaloceanspaces.com/media/images/b1067_landing_o_image_20250912153830.jpeg', 'thumbnail_url': 'https://thespacedevs-dev.nyc3.digitaloceanspaces.com/media/images/b1067_landing_o_image_thumbnail_20250912153830.jpeg', 'credit': 'SpaceX', 'license': {'id': 1, 'name': 'Unknown', 'priority': 9, 'link': None}, 'single_use': False, 'variants': []}, 'details': 'Falcon 9 Block 5 booster first used for the CRS-22 mission.', 'successful_landings': 36, 'attempted_landings': 36, 'flights': 36, 'last_launch_date': '2026-07-09T09:25:43Z', 'first_launch_date': '2021-06-03T17:29:15Z', 'fastest_turnaround': 'P22DT16H51M10S'}, 'previous_flight_date': '2025-07-02T06:28:10Z', 'turn_around_time': 'P57DT1H43M50S', 'previous_flight': None}",,
80,1673,https://lldev.thespacedevs.com/2.3.0/landings/1673/,True,True,The Falcon 9 first stage B1088 has landed on ASDS OCISLY after its 9th flight.,574.0,"{'id': 1, 'name': 'Of Course I Still Love You', 'active': True, 'abbrev': 'OCISLY', 'description': 'The second ASDS barge, Of Course I Still Love You (OCISLY) services launches in the Pacific Ocean and was the site of the first landing of a SpaceX Falcon 9 first stage during CRS-8, the launch of a Dragon spacecraft to the International Space Station.', 'location': None, 'longitude': None, 'latitude': None, 'image': {'id': 1969, 'name': 'OCISLY empty', 'image_url': 'https://thespacedevs-dev.nyc3.digitaloceanspaces.com/media/images/ocisly_empty_image_20240310164323.png', 'thumbnail_url': 'https://thespacedevs-dev.nyc3.digitaloceanspaces.com/media/images/ocisly_empty_image_thumbnail_20240310164323.png', 'credit': 'SpaceX', 'license': {'id': 5, 'name': 'CC BY-NC 2.0', 'priority': 1, 'link': 'https://creativecommons.org/licenses/by-nc/2.0/'}, 'single_use': True, 'variants': []}, 'successful_landings': 217, 'attempted_landings': 225, 'failed_landings': 8, 'celestial_body': {'response_mode': 'normal', 'id': 1, 'name': 'Earth', 'type': {'id': 1, 'name': 'Planet'}, 'diameter': 12742000.0, 'mass': 5.972168e+24, 'gravity': 9.80655, 'length_of_day': '1 00:00:00', 'atmosphere': True, 'image': {'id': 2040, 'name': 'Earth (Apollo 17)', 'image_url': 'https://thespacedevs-dev.nyc3.digitaloceanspaces.com/media/images/earth_2528apol_image_20240402194304.jpeg', 'thumbnail_url': 'https://thespacedevs-dev.nyc3.digitaloceanspaces.com/media/images/earth_2528apol_image_thumbnail_20240402194305.jpeg', 'credit': 'NASA', 'license': {'id': 4, 'name': 'NASA Image and Media Guidelines', 'priority': 0, 'link': 'https://www.nasa.gov/nasa-brand-center/images-and-media/'}, 'single_use': True, 'variants': []}, 'description': 'Earth is the third planet from the Sun and the only astronomical object known to harbor life.', 'wiki_url': 'https://en.wikipedia.org/wiki/Earth'}}","{'id': 1, 'name': 'Autonomous Spaceport Drone Ship', 'abbrev': 'ASDS', 'description': 'An autonomous spaceport drone ship (ASDS) is an ocean-going vessel derived from a deck barge, outfitted with station-keeping engines and a large landing platform. Construction of such ships was commissioned by aerospace company SpaceX to allow for recovery of rocket first-stages at sea for high-velocity missions which do not carry enough fuel to return to the launch site after lofting spacecraft onto an orbital trajectory.'}",,normal,"{'id': 784, 'type': 'Core', 'reused': True, 'launcher_flight_number': 9, 'launcher': {'response_mode': 'normal', 'id': 153, 'url': 'https://lldev.thespacedevs.com/2.3.0/launchers/153/', 'flight_proven': True, 'serial_number': 'B1088', 'is_placeholder': False, 'status': {'id': 3, 'name': 'active'}, 'image': {'id': 2457, 'name': 'B1088 landing on LZ-4 during Transporter-12 launch', 'image_url': 'https://thespacedevs-dev.nyc3.digitaloceanspaces.com/media/images/b1088_landing_o_image_20250912151209.jpeg', 'thumbnail_url': 'https://thespacedevs-dev.nyc3.digitaloceanspaces.com/media/images/b1088_landing_o_image_thumbnail_20250912151209.jpeg', 'credit': 'SpaceX', 'license': {'id': 1, 'name': 'Unknown', 'priority': 9, 'link': None}, 'single_use': False, 'variants': []}, 'details': 'Falcon 9 booster.', 'successful_landings': 17, 'attempted_landings': 17, 'flights': 17, 'last_launch_date': '2026-06-28T16:09:18Z', 'first_launch_date': '2024-11-30T08:10:00Z', 'fastest_turnaround': 'P9DT3H38M48S'}, 'previous_flight_date': '2025-06-28T17:13:00Z', 'turn_around_time': 'P50DT23H13M49S', 'previous_flight': None}",,
81,1674,https://lldev.thespacedevs.com/2.3.0/landings/1674/,True,True,The Falcon 9 first stage B1081 has landed on ASDS OCISLY after its 17th flight.,574.0,"{'id': 1, 'name': 'Of Course I Still Love You', 'active': True, 'abbrev': 'OCISLY', 'description': 'The second ASDS barge, Of Course I Still Love You (OCISLY) services launches in the Pacific Ocean and was the site of the first landing of a SpaceX Falcon 9 first stage during CRS-8, the launch of a Dragon spacecraft to the International Space Station.', 'location': None, 'longitude': None, 'latitude': None, 'image': {'id': 1969, 'name': 'OCISLY empty', 'image_url': 'https://thespacedevs-dev.nyc3.digitaloceanspaces.com/media/images/ocisly_empty_image_20240310164323.png', 'thumbnail_url': 'https://thespacedevs-dev.nyc3.digitaloceanspaces.com/media/images/ocisly_empty_image_thumbnail_20240310164323.png', 'credit': 'SpaceX', 'license': {'id': 5, 'name': 'CC BY-NC 2.0', 'priority': 1, 'link': 'https://creativecommons.org/licenses/by-nc/2.0/'}, 'single_use': True, 'variants': []}, 'successful_landings': 217, 'attempted_landings': 225, 'failed_landings': 8, 'celestial_body': {'response_mode': 'normal', 'id': 1, 'name': 'Earth', 'type': {'id': 1, 'name': 'Planet'}, 'diameter': 12742000.0, 'mass': 5.972168e+24, 'gravity': 9.80655, 'length_of_day': '1 00:00:00', 'atmosphere': True, 'image': {'id': 2040, 'name': 'Earth (Apollo 17)', 'image_url': 'https://thespacedevs-dev.nyc3.digitaloceanspaces.com/media/images/earth_2528apol_image_20240402194304.jpeg', 'thumbnail_url': 'https://thespacedevs-dev.nyc3.digitaloceanspaces.com/media/images/earth_2528apol_image_thumbnail_20240402194305.jpeg', 'credit': 'NASA', 'license': {'id': 4, 'name': 'NASA Image and Media Guidelines', 'priority': 0, 'link': 'https://www.nasa.gov/nasa-brand-center/images-and-media/'}, 'single_use': True, 'variants': []}, 'description': 'Earth is the third planet from the Sun and the only astronomical object known to harbor life.', 'wiki_url': 'https://en.wikipedia.org/wiki/Earth'}}","{'id': 1, 'name': 'Autonomous Spaceport Drone Ship', 'abbrev': 'ASDS', 'description': 'An autonomous spaceport drone ship (ASDS) is an ocean-going vessel derived from a deck barge, outfitted with station-keeping engines and a large landing platform. Construction of such ships was commissioned by aerospace company SpaceX to allow for recovery of rocket first-stages at sea for high-velocity missions which do not carry enough fuel to return to the launch site after lofting spacecraft onto an orbital trajectory.'}",,normal,"{'id': 785, 'type': 'Core', 'reused': True, 'launcher_flight_number': 17, 'launcher': {'response_mode': 'normal', 'id': 124, 'url': 'https://lldev.thespacedevs.com/2.3.0/launchers/124/', 'flight_proven': True, 'serial_number': 'B1081', 'is_placeholder': False, 'status': {'id': 3, 'name': 'active'}, 'image': {'id': 1641, 'name': 'B1081 at LZ-1 after Crew-7 launch', 'image_url': 'https://thespacedevs-dev.nyc3.digitaloceanspaces.com/media/images/124_image_20230827172435.jpeg', 'thumbnail_url': 'https://thespacedevs-dev.nyc3.digitaloceanspaces.com/media/images/255bauto255d__image_thumbnail_20240305193351.jpeg', 'credit': 'SpaceX', 'license': {'id': 1, 'name': 'Unknown', 'priority': 9, 'link': None}, 'single_use': False, 'variants': []}, 'details': 'Launched Crew-7 on its first flight.', 'successful_landings': 26, 'attempted_landings': 26, 'flights': 26, 'last_launch_date': '2026-08-01T03:08:43Z', 'first_launch_date': '2023-08-26T07:27:27Z', 'fastest_turnaround': 'P24DT19H13M20S'}, 'previous_flight_date': '2025-07-23T18:13:00Z', 'turn_around_time': 'P29DT22H51M49S', 'previous_flight': None}",,
82,1675,https://lldev.thespacedevs.com/2.3.0/landings/1675/,True,True,The Falcon 9 first stage B1082 has landed on ASDS OCISLY after its 15th flight.,574.0,"{'id': 1, 'name': 'Of Course I Still Love You', 'active': True, 'abbrev': 'OCISLY', 'description': 'The second ASDS barge, Of Course I Still Love You (OCISLY) services launches in the Pacific Ocean and was the site of the first landing of a SpaceX Falcon 9 first stage during CRS-8, the launch of a Dragon spacecraft to the International Space Station.', 'location': None, 'longitude': None, 'latitude': None, 'image': {'id': 1969, 'name': 'OCISLY empty', 'image_url': 'https://thespacedevs-dev.nyc3.digitaloceanspaces.com/media/images/ocisly_empty_image_20240310164323.png', 'thumbnail_url': 'https://thespacedevs-dev.nyc3.digitaloceanspaces.com/media/images/ocisly_empty_image_thumbnail_20240310164323.png', 'credit': 'SpaceX', 'license': {'id': 5, 'name': 'CC BY-NC 2.0', 'priority': 1, 'link': 'https://creativecommons.org/licenses/by-nc/2.0/'}, 'single_use': True, 'variants': []}, 'successful_landings': 217, 'attempted_landings': 225, 'failed_landings': 8, 'celestial_body': {'response_mode': 'normal', 'id': 1, 'name': 'Earth', 'type': {'id': 1, 'name': 'Planet'}, 'diameter': 12742000.0, 'mass': 5.972168e+24, 'gravity': 9.80655, 'length_of_day': '1 00:00:00', 'atmosphere': True, 'image': {'id': 2040, 'name': 'Earth (Apollo 17)', 'image_url': 'https://thespacedevs-dev.nyc3.digitaloceanspaces.com/media/images/earth_2528apol_image_20240402194304.jpeg', 'thumbnail_url': 'https://thespacedevs-dev.nyc3.digitaloceanspaces.com/media/images/earth_2528apol_image_thumbnail_20240402194305.jpeg', 'credit': 'NASA', 'license': {'id': 4, 'name': 'NASA Image and Media Guidelines', 'priority': 0, 'link': 'https://www.nasa.gov/nasa-brand-center/images-and-media/'}, 'single_use': True, 'variants': []}, 'description': 'Earth is the third planet from the Sun and the only astronomical object known to harbor life.', 'wiki_url': 'https://en.wikipedia.org/wiki/Earth'}}","{'id': 1, 'name': 'Autonomous Spaceport Drone Ship', 'abbrev': 'ASDS', 'description': 'An autonomous spaceport drone ship (ASDS) is an ocean-going vessel derived from a deck barge, outfitted with station-keeping engines and a large landing platform. Construction of such ships was commissioned by aerospace company SpaceX to allow for recovery of rocket first-stages at sea for high-velocity missions which do not carry enough fuel to return to the launch site after lofting spacecraft onto an orbital trajectory.'}",,normal,"{'id': 786, 'type': 'Core', 'reused': True, 'launcher_flight_number': 15, 'launcher': {'response_mode': 'normal', 'id': 125, 'url': 'https://lldev.thespacedevs.com/2.3.0/launchers/125/', 'flight_proven': True, 'serial_number': 'B1082', 'is_placeholder': False, 'status': {'id': 3, 'name': 'active'}, 'image': {'id': 2632, 'name': 'B1082 landing at LZ-4 (USSF-62)', 'image_url': 'https://thespacedevs-dev.nyc3.digitaloceanspaces.com/media/images/b1082_landing_a_image_20251219191159.jpg', 'thumbnail_url': 'https://thespacedevs-dev.nyc3.digitaloceanspaces.com/media/images/b1082_landing_a_image_thumbnail_20251219191159.jpeg', 'credit': 'USSF SSC', 'license': {'id': 17, 'name': 'Department of Defense Image Use Policy', 'priority': 6, 'link': 'https://www.dimoc.mil/resources/limitations/'}, 'single_use': True, 'variants': []}, 'details': 'Falcon 9 Block 5 booster.', 'successful_landings': 23, 'attempted_landings': 23, 'flights': 23, 'last_launch_date': '2026-07-21T14:49:34Z', 'first_launch_date': '2024-01-03T03:44:20Z', 'fastest_turnaround': 'P25DT10M'}, 'previous_flight_date': '2025-07-19T03:52:59Z', 'turn_around_time': 'P42DT1H6M15S', 'previous_flight': None}",,
83,1676,https://lldev.thespacedevs.com/2.3.0/landings/1676/,False,,The Cygnus spacecraft will burn up upon entering Earth's atmosphere.,,,"{'id': 7, 'name': 'Destructive Reentry', 'abbrev': 'ATM', 'description': 'Spacecraft burned up in the atmosphere'}",,normal,,"{'id': 892, 'url': 'https://lldev.thespacedevs.com/2.3.0/spacecraft_flights/892/', 'destination': 'International Space Station', 'mission_end': '2026-03-14T22:01:00Z', 'spacecraft': {'response_mode': 'normal', 'id': 619, 'url': 'https://lldev.thespacedevs.com/2.3.0/spacecraft/619/', 'name': 'Cygnus CRS NG-23 (S.S. William “Willie” C. McCool)', 'serial_number': None, 'is_placeholder': False, 'image': {'id': 1910, 'name': 'Cygnus Enhanced', 'image_url': 'https://thespacedevs-dev.nyc3.digitaloceanspaces.com/media/images/cygnus2520enhanced_image_20190207032513.jpeg', 'thumbnail_url': 'https://thespacedevs-dev.nyc3.digitaloceanspaces.com/media/images/255bauto255d__image_thumbnail_20240305194119.jpeg', 'credit': None, 'license': {'id': 1, 'name': 'Unknown', 'priority': 9, 'link': None}, 'single_use': False, 'variants': []}, 'in_space': False, 'time_in_space': 'P180DT23H49M12S', 'time_docked': 'P174DT23H42M', 'flights_count': 1, 'mission_ends_count': 1, 'status': {'id': 4, 'name': 'Single Use'}, 'description': 'This is the twenty-second flight to the ISS by the Cygnus spacecraft under the CRS program and their eleventh under the CRS-2 program. This is also the 18th use of the enhanced size Cygnus.', 'spacecraft_config': {'response_mode': 'normal', 'id': 19, 'url': 'https://lldev.thespacedevs.com/2.3.0/spacecraft_configurations/19/', 'name': 'Cygnus Enhanced', 'type': {'id': 4, 'name': 'Cargo Resupply'}, 'agency': {'response_mode': 'list', 'id': 257, 'url': 'https://lldev.thespacedevs.com/2.3.0/agencies/257/', 'name': 'Northrop Grumman Space Systems', 'abbrev': 'NGSS', 'type': {'id': 3, 'name': 'Commercial'}}, 'family': [{'response_mode': 'normal', 'id': 3, 'name': 'Cygnus', 'description': ""Cygnus is an expendable American cargo spacecraft developed by Orbital Sciences Corporation but manufactured and launched by Northrop Grumman Space Systems as part of NASA's Commercial Resupply Services (CRS) program"", 'manufacturer': {'response_mode': 'list', 'id': 257, 'url': 'https://lldev.thespacedevs.com/2.3.0/agencies/257/', 'name': 'Northrop Grumman Space Systems', 'abbrev': 'NGSS', 'type': {'id': 3, 'name': 'Commercial'}}, 'parent': None, 'maiden_flight': '2013-09-18'}], 'in_use': True, 'image': {'id': 1910, 'name': 'Cygnus Enhanced', 'image_url': 'https://thespacedevs-dev.nyc3.digitaloceanspaces.com/media/images/cygnus2520enhanced_image_20190207032513.jpeg', 'thumbnail_url': 'https://thespacedevs-dev.nyc3.digitaloceanspaces.com/media/images/255bauto255d__image_thumbnail_20240305194119.jpeg', 'credit': None, 'license': {'id': 1, 'name': 'Unknown', 'priority': 9, 'link': None}, 'single_use': False, 'variants': []}}, 'fastest_turnaround': None}, 'launch': {'id': '3bfed6d5-d65e-4133-b51a-b664bbd9d006', 'url': 'https://lldev.thespacedevs.com/2.3.0/launches/3bfed6d5-d65e-4133-b51a-b664bbd9d006/', 'name': 'Falcon 9 Block 5 | Cygnus CRS-2 NG-23 (S.S. William “Willie” C. McCool)', 'response_mode': 'normal', 'slug': 'falcon-9-block-5-cygnus-crs-2-ng-23-ss-william-wil', 'launch_designator': '2025-208', 'status': {'id': 3, 'name': 'Launch Successful', 'abbrev': 'Success', 'description': 'The launch vehicle successfully inserted its payload(s) into the target orbit(s).'}, 'last_updated': '2025-11-02T10:25:16Z', 'net': '2025-09-14T22:11:48Z', 'net_precision': {'id': 0, 'name': 'Second', 'abbrev': 'SEC', 'description': 'The T-0 is accurate to the second.'}, 'window_end': '2025-09-14T22:11:48Z', 'window_start': '2025-09-14T22:11:48Z', 'image': {'id': 2519, 'name': 'Falcon 9 liftoff from SLC-40 (Cygnus NG-23)', 'image_url': 'https://thespacedevs-dev.nyc3.digitaloceanspaces.com/media/images/falcon_9_liftof_image_20251102102513.jpeg', 'thumbnail_url': 'https://thespacedevs-dev.nyc3.digitaloceanspaces.com/media/images/falcon_9_liftof_image_thumbnail_20251102102513.jpeg', 'credit': 'SpaceX', 'license': {'id': 1, 'name': 'Unknown', 'priority': 9, 'link': None}, 'single_use': True, 'variants': []}, 'infographic': None, 'probability': 90, 'weather_concerns': 'Cumulus Cloud Rule, Surface Electric Fields Rule, Lightning Rule', 'failreason': '', 'hashtag': None, 'launch_service_provider': {'response_mode': 'list', 'id': 121, 'url': 'https://lldev.thespacedevs.com/2.3.0/agencies/121/', 'name': 'SpaceX', 'abbrev': 'SpX', 'type': {'id': 3, 'name': 'Commercial'}}, 'rocket': {'id': 7752, 'configuration': {'response_mode': 'list', 'id': 164, 'url': 'https://lldev.thespacedevs.com/2.3.0/launcher_configurations/164/', 'name': 'Falcon 9', 'families': [{'response_mode': 'list', 'id': 1, 'name': 'Falcon'}, {'response_mode': 'list', 'id': 176, 'name': 'Falcon 9'}], 'full_name': 'Falcon 9 Block 5', 'variant': 'Block 5'}}, 'mission': {'id': 6270, 'name': 'Cygnus CRS-2 NG-23 (S.S. William “Willie” C. McCool)', 'type': 'Resupply', 'description': ""This is the 23rd flight of the Northrop Grumman's uncrewed resupply spacecraft Cygnus and its 22nd flight to the International Space Station under the Commercial Resupply Services contract with NASA."", 'image': None, 'orbit': {'id': 8, 'name': 'Low Earth Orbit', 'abbrev': 'LEO', 'celestial_body': {'response_mode': 'list', 'id': 1, 'name': 'Earth'}}, 'agencies': [{'response_mode': 'normal', 'id': 44, 'url': 'https://lldev.thespacedevs.com/2.3.0/agencies/44/', 'name': 'National Aeronautics and Space Administration', 'abbrev': 'NASA', 'type': {'id': 1, 'name': 'Government'}, 'featured': True, 'country': [{'id': 2, 'name': 'United States of America', 'alpha_2_code': 'US', 'alpha_3_code': 'USA', 'nationality_name': 'American', 'nationality_name_composed': 'Americano'}], 'description': 'The National Aeronautics and Space Administration is an independent agency of the executive branch of the United States federal government responsible for the civilian space program, as well as aeronautics and aerospace research. NASA have many launch facilities but most are inactive. The most commonly used pad will be LC-39B at Kennedy Space Center in Florida.', 'administrator': 'Administrator: Jared Isaacman', 'founding_year': 1958, 'launchers': 'Space Shuttle | SLS', 'spacecraft': 'Orion', 'parent': None, 'image': {'id': 19, 'name': '[AUTO] National Aeronautics and Space Administration - image', 'image_url': 'https://thespacedevs-dev.nyc3.digitaloceanspaces.com/media/images/national2520aeronautics2520and2520space2520administration_image_20190207032448.jpeg', 'thumbnail_url': 'https://thespacedevs-dev.nyc3.digitaloceanspaces.com/media/images/255bauto255d__image_thumbnail_20240305184631.jpeg', 'credit': None, 'license': {'id': 1, 'name': 'Unknown', 'priority': 9, 'link': None}, 'single_use': True, 'variants': []}, 'logo': {'id': 161, 'name': '[AUTO] National Aeronautics and Space Administration - logo', 'image_url': 'https://thespacedevs-dev.nyc3.digitaloceanspaces.com/media/images/national2520aeronautics2520and2520space2520administration_logo_20190207032448.png', 'thumbnail_url': 'https://thespacedevs-dev.nyc3.digitaloceanspaces.com/media/images/255bauto255d__image_thumbnail_20240305185043.png', 'credit': None, 'license': {'id': 1, 'name': 'Unknown', 'priority': 9, 'link': None}, 'single_use': True, 'variants': []}, 'social_logo': {'id': 76, 'name': '[AUTO] National Aeronautics and Space Administration - social_logo', 'image_url': 'https://thespacedevs-dev.nyc3.digitaloceanspaces.com/media/images/national2520aeronautics2520and2520space2520administration_nation_20230803040809.jpg', 'thumbnail_url': 'https://thespacedevs-dev.nyc3.digitaloceanspaces.com/media/images/255bauto255d__image_thumbnail_20240305184823.jpeg', 'credit': None, 'license': {'id': 1, 'name': 'Unknown', 'priority': 9, 'link': None}, 'single_use': True, 'variants': []}, 'total_launch_count': 142, 'consecutive_successful_launches': 12, 'successful_launches': 122, 'failed_launches': 20, 'pending_launches': 5, 'consecutive_successful_landings': 0, 'successful_landings': 0, 'failed_landings': 0, 'attempted_landings': 0, 'successful_landings_spacecraft': 179, 'failed_landings_spacecraft': 2, 'attempted_landings_spacecraft': 181, 'successful_landings_payload': 0, 'failed_landings_payload': 0, 'attempted_landings_payload': 0, 'info_url': 'https://www.nasa.gov', 'wiki_url': 'https://en.wikipedia.org/wiki/National_Aeronautics_and_Space_Administration', 'social_media_links': []}, {'response_mode': 'normal', 'id': 257, 'url': 'https://lldev.thespacedevs.com/2.3.0/agencies/257/', 'name': 'Northrop Grumman Space Systems', 'abbrev': 'NGSS', 'type': {'id': 3, 'name': 'Commercial'}, 'featured': True, 'country': [{'id': 2, 'name': 'United States of America', 'alpha_2_code': 'US', 'alpha_3_code': 'USA', 'nationality_name': 'American', 'nationality_name_composed': 'Americano'}], 'description': 'Northrup Grumman Space Systems designs, builds and delivers space, defence and aviation-related systems to customers around the world. They aquired Orbital ATK in 2018 along with its launchers and ongoing missions.', 'administrator': 'CEO: Kathy Warden', 'founding_year': 2015, 'launchers': 'Antares | Minotaur | Pegasus', 'spacecraft': 'Cygnus', 'parent': None, 'image': {'id': 20, 'name': '[AUTO] Northrop Grumman Space Systems - image', 'image_url': 'https://thespacedevs-dev.nyc3.digitaloceanspaces.com/media/images/northrop2520grumman2520innovation2520systems_image_20190207032451.jpeg', 'thumbnail_url': 'https://thespacedevs-dev.nyc3.digitaloceanspaces.com/media/images/255bauto255d__image_thumbnail_20240305184636.jpeg', 'credit': None, 'license': {'id': 1, 'name': 'Unknown', 'priority': 9, 'link': None}, 'single_use': True, 'variants': []}, 'logo': {'id': 165, 'name': '[AUTO] Northrop Grumman Space Systems - logo', 'image_url': 'https://thespacedevs-dev.nyc3.digitaloceanspaces.com/media/images/northrop2520grumman2520innovation2520systems_logo_20190207032451.png', 'thumbnail_url': 'https://thespacedevs-dev.nyc3.digitaloceanspaces.com/media/images/255bauto255d__image_thumbnail_20240305185051.png', 'credit': None, 'license': {'id': 1, 'name': 'Unknown', 'priority': 9, 'link': None}, 'single_use': True, 'variants': []}, 'social_logo': {'id': 79, 'name': '[AUTO] Northrop Grumman Space Systems - social_logo', 'image_url': 'https://thespacedevs-dev.nyc3.digitaloceanspaces.com/media/images/northrop2520grumman2520space2520systems_nation_20230624130158.jpg', 'thumbnail_url': 'https://thespacedevs-dev.nyc3.digitaloceanspaces.com/media/images/255bauto255d__image_thumbnail_20240305184827.jpeg', 'credit': None, 'license': {'id': 1, 'name': 'Unknown', 'priority': 9, 'link': None}, 'single_use': True, 'variants': []}, 'total_launch_count': 17, 'consecutive_successful_launches': 17, 'successful_launches': 17, 'failed_launches': 0, 'pending_launches': 1, 'consecutive_successful_landings': 0, 'successful_landings': 0, 'failed_landings': 0, 'attempted_landings': 0, 'successful_landings_spacecraft': 0, 'failed_landings_spacecraft': 0, 'attempted_landings_spacecraft': 0, 'successful_landings_payload': 0, 'failed_landings_payload': 0, 'attempted_landings_payload': 0, 'info_url': 'https://www.northropgrumman.com/AboutUs/BusinessSectors/InnovationSystems/Pages/default.aspx', 'wiki_url': 'https://en.wikipedia.org/wiki/Northrop_Grumman#Innovation_Systems', 'social_media_links': []}], 'info_urls': [], 'vid_urls': []}, 'pad': {'id': 80, 'url': 'https://lldev.thespacedevs.com/2.3.0/pads/80/', 'active': True, 'agencies': [{'response_mode': 'normal', 'id': 121, 'url': 'https://lldev.thespacedevs.com/2.3.0/agencies/121/', 'name': 'SpaceX', 'abbrev': 'SpX', 'type': {'id': 3, 'name': 'Commercial'}, 'featured': True, 'country': [{'id': 2, 'name': 'United States of America', 'alpha_2_code': 'US', 'alpha_3_code': 'USA', 'nationality_name': 'American', 'nationality_name_composed': 'Americano'}], 'description': 'Space Exploration Technologies Corp., known as SpaceX, is an American aerospace manufacturer and space transport services company headquartered in Hawthorne, California. It was founded in 2002 by entrepreneur Elon Musk with the goal of reducing space transportation costs and enabling the colonization of Mars. SpaceX operates from many pads, on the East Coast of the US they operate from SLC-40 at Cape Canaveral Space Force Station and historic LC-39A at Kennedy Space Center. They also operate from SLC-4E at Vandenberg Space Force Base, California, usually for polar launches. Another launch site is being developed at Boca Chica, Texas.', 'administrator': 'CEO: Elon Musk', 'founding_year': 2002, 'launchers': 'Falcon | Starship', 'spacecraft': 'Dragon', 'parent': None, 'image': {'id': 1736, 'name': 'Falcon 9 liftoff from LC-39A', 'image_url': 'https://thespacedevs-dev.nyc3.digitaloceanspaces.com/media/images/falcon_9_image_20230807133459.jpeg', 'thumbnail_url': 'https://thespacedevs-dev.nyc3.digitaloceanspaces.com/media/images/255bauto255d__image_thumbnail_20240305193628.jpeg', 'credit': 'SpaceX', 'license': {'id': 5, 'name': 'CC BY-NC 2.0', 'priority': 1, 'link': 'https://creativecommons.org/licenses/by-nc/2.0/'}, 'single_use': False, 'variants': []}, 'logo': {'id': 186, 'name': 'SpaceX logo', 'image_url': 'https://thespacedevs-dev.nyc3.digitaloceanspaces.com/media/images/spacex_logo_20220826094919.png', 'thumbnail_url': 'https://thespacedevs-dev.nyc3.digitaloceanspaces.com/media/images/255bauto255d__image_thumbnail_20240305185138.png', 'credit': 'SpaceX', 'license': {'id': 5, 'name': 'CC BY-NC 2.0', 'priority': 1, 'link': 'https://creativecommons.org/licenses/by-nc/2.0/'}, 'single_use': True, 'variants': []}, 'social_logo': {'id': 94, 'name': 'SpaceX social logo', 'image_url': 'https://thespacedevs-dev.nyc3.digitaloceanspaces.com/media/images/spacex_social_l_image_20260407054626.jpg', 'thumbnail_url': 'https://thespacedevs-dev.nyc3.digitaloceanspaces.com/media/images/spacex_social_l_image_thumbnail_20260407054626.jpeg', 'credit': 'SpaceX', 'license': {'id': 5, 'name': 'CC BY-NC 2.0', 'priority': 1, 'link': 'https://creativecommons.org/licenses/by-nc/2.0/'}, 'single_use': True, 'variants': []}}], 'name': 'Space Launch Complex 40', 'image': {'id': 2113, 'name': 'F9 liftoff from SLC-40 (SES-24)', 'image_url': 'https://thespacedevs-dev.nyc3.digitaloceanspaces.com/media/images/f9_liftoff_from_image_20240621050513.jpeg', 'thumbnail_url': 'https://thespacedevs-dev.nyc3.digitaloceanspaces.com/media/images/f9_liftoff_from_image_thumbnail_20240621050514.jpeg', 'credit': 'SpaceX', 'license': {'id': 5, 'name': 'CC BY-NC 2.0', 'priority': 1, 'link': 'https://creativecommons.org/licenses/by-nc/2.0/'}, 'single_use': False, 'variants': []}, 'description': '', 'info_url': None, 'wiki_url': 'https://en.wikipedia.org/wiki/Cape_Canaveral_Air_Force_Station_Space_Launch_Complex_40', 'map_url': 'https://www.google.com/maps?q=28.56194122,-80.57735736', 'latitude': 28.56194122, 'longitude': -80.57735736, 'country': {'id': 2, 'name': 'United States of America', 'alpha_2_code': 'US', 'alpha_3_code': 'USA', 'nationality_name': 'American', 'nationality_name_composed': 'Americano'}, 'map_image': 'https://thespacedevs-dev.nyc3.digitaloceanspaces.com/media/map_images/pad_80_20200803143323.jpg', 'total_launch_count': 396, 'orbital_launch_attempt_count': 396, 'fastest_turnaround': 'P1DT21H', 'location': {'response_mode': 'normal', 'id': 12, 'url': 'https://lldev.thespacedevs.com/2.3.0/locations/12/', 'name': 'Cape Canaveral SFS, FL, USA', 'celestial_body': {'response_mode': 'normal', 'id': 1, 'name': 'Earth', 'type': {'id': 1, 'name': 'Planet'}, 'diameter': 12742000.0, 'mass': 5.972168e+24, 'gravity': 9.80655, 'length_of_day': '1 00:00:00', 'atmosphere': True, 'image': {'id': 2040, 'name': 'Earth (Apollo 17)', 'image_url': 'https://thespacedevs-dev.nyc3.digitaloceanspaces.com/media/images/earth_2528apol_image_20240402194304.jpeg', 'thumbnail_url': 'https://thespacedevs-dev.nyc3.digitaloceanspaces.com/media/images/earth_2528apol_image_thumbnail_20240402194305.jpeg', 'credit': 'NASA', 'license': {'id': 4, 'name': 'NASA Image and Media Guidelines', 'priority': 0, 'link': 'https://www.nasa.gov/nasa-brand-center/images-and-media/'}, 'single_use': True, 'variants': []}, 'description': 'Earth is the third planet from the Sun and the only astronomical object known to harbor life.', 'wiki_url': 'https://en.wikipedia.org/wiki/Earth', 'total_attempted_launches': 7584, 'successful_launches': 7028, 'failed_launches': 556, 'total_attempted_landings': 1351, 'successful_landings': 1302, 'failed_landings': 49}, 'active': True, 'country': {'id': 2, 'name': 'United States of America', 'alpha_2_code': 'US', 'alpha_3_code': 'USA', 'nationality_name': 'American', 'nationality_name_composed': 'Americano'}, 'description': ""Cape Canaveral Space Force Station (CCSFS) is an installation of the United States Space Force's Space Launch Delta 45, located on Cape Canaveral in Brevard County, Florida."", 'image': {'id': 2200, 'name': 'Cape Canaveral & KSC seen from orbit (STS-43)', 'image_url': 'https://thespacedevs-dev.nyc3.digitaloceanspaces.com/media/images/cape_canaveral__image_20240918151615.jpg', 'thumbnail_url': 'https://thespacedevs-dev.nyc3.digitaloceanspaces.com/media/images/cape_canaveral__image_thumbnail_20240918151616.jpeg', 'credit': 'NASA', 'license': {'id': 4, 'name': 'NASA Image and Media Guidelines', 'priority': 0, 'link': 'https://www.nasa.gov/nasa-brand-center/images-and-media/'}, 'single_use': True, 'variants': []}, 'map_image': 'https://thespacedevs-dev.nyc3.digitaloceanspaces.com/media/map_images/location_12_20200803142519.jpg', 'longitude': -80.577778, 'latitude': 28.488889, 'timezone_name': 'America/New_York', 'total_launch_count': 1124, 'total_landing_count': 76}}, 'webcast_live': False, 'program': [{'response_mode': 'normal', 'id': 17, 'url': 'https://lldev.thespacedevs.com/2.3.0/programs/17/', 'name': 'International Space Station', 'image': {'id': 1874, 'name': '[AUTO] International Space Station - image', 'image_url': 'https://thespacedevs-dev.nyc3.digitaloceanspaces.com/media/images/international2_program_20201129184745.png', 'thumbnail_url': 'https://thespacedevs-dev.nyc3.digitaloceanspaces.com/media/images/255bauto255d__image_thumbnail_20240305194014.png', 'credit': None, 'license': {'id': 1, 'name': 'Unknown', 'priority': 9, 'link': None}, 'single_use': True, 'variants': []}, 'info_url': 'https://www.nasa.gov/mission_pages/station/main/index.html', 'wiki_url': 'https://en.wikipedia.org/wiki/International_Space_Station_programme', 'description': 'The International Space Station programme is tied together by a complex set of legal, political and financial agreements between the sixteen nations involved in the project, governing ownership of the various components, rights to crewing and utilization, and responsibilities for crew rotation and resupply of the International Space Station. It was conceived in 1984 by President Ronald Reagan, during the Space Station Freedom project as it was originally called.', 'agencies': [{'response_mode': 'list', 'id': 16, 'url': 'https://lldev.thespacedevs.com/2.3.0/agencies/16/', 'name': 'Canadian Space Agency', 'abbrev': 'CSA', 'type': {'id': 1, 'name': 'Government'}}, {'response_mode': 'list', 'id': 27, 'url': 'https://lldev.thespacedevs.com/2.3.0/agencies/27/', 'name': 'European Space Agency', 'abbrev': 'ESA', 'type': {'id': 2, 'name': 'Multinational'}}, {'response_mode': 'list', 'id': 37, 'url': 'https://lldev.thespacedevs.com/2.3.0/agencies/37/', 'name': 'Japan Aerospace Exploration Agency', 'abbrev': 'JAXA', 'type': {'id': 1, 'name': 'Government'}}, {'response_mode': 'list', 'id': 44, 'url': 'https://lldev.thespacedevs.com/2.3.0/agencies/44/', 'name': 'National Aeronautics and Space Administration', 'abbrev': 'NASA', 'type': {'id': 1, 'name': 'Government'}}, {'response_mode': 'list', 'id': 63, 'url': 'https://lldev.thespacedevs.com/2.3.0/agencies/63/', 'name': 'Russian Federal Space Agency (ROSCOSMOS)', 'abbrev': 'RFSA', 'type': {'id': 1, 'name': 'Government'}}], 'start_date': '1998-11-20T06:40:00Z', 'end_date': None, 'mission_patches': [], 'type': {'id': 2, 'name': 'Human Spaceflight'}}, {'response_mode': 'normal', 'id': 11, 'url': 'https://lldev.thespacedevs.com/2.3.0/programs/11/', 'name': 'Commercial Resupply Services', 'image': {'id': 1878, 'name': '[AUTO] Commercial Resupply Services - image', 'image_url': 'https://thespacedevs-dev.nyc3.digitaloceanspaces.com/media/images/commercial2520_program_20201129212219.png', 'thumbnail_url': 'https://thespacedevs-dev.nyc3.digitaloceanspaces.com/media/images/255bauto255d__image_thumbnail_20240305194021.png', 'credit': None, 'license': {'id': 1, 'name': 'Unknown', 'priority': 9, 'link': None}, 'single_use': True, 'variants': []}, 'info_url': None, 'wiki_url': 'https://en.wikipedia.org/wiki/Commercial_Resupply_Services#Commercial_Resupply_Services', 'description': 'Commercial Resupply Services (CRS) are a series of flights awarded by NASA for the delivery of cargo and supplies to the International Space Station.The first CRS contracts were signed in 2008 and awarded $1.6 billion to SpaceX for twelve cargo Dragon and $1.9 billion to Orbital Sciences for eight Cygnus flights, covering deliveries to 2016. The Falcon 9 and Antares rockets were also developed under the CRS program to deliver cargo spacecraft to the ISS.', 'agencies': [{'response_mode': 'list', 'id': 44, 'url': 'https://lldev.thespacedevs.com/2.3.0/agencies/44/', 'name': 'National Aeronautics and Space Administration', 'abbrev': 'NASA', 'type': {'id': 1, 'name': 'Government'}}, {'response_mode': 'list', 'id': 257, 'url': 'https://lldev.thespacedevs.com/2.3.0/agencies/257/', 'name': 'Northrop Grumman Space Systems', 'abbrev': 'NGSS', 'type': {'id': 3, 'name': 'Commercial'}}, {'response_mode': 'list', 'id': 1020, 'url': 'https://lldev.thespacedevs.com/2.3.0/agencies/1020/', 'name': 'Sierra Nevada Corporation', 'abbrev': 'SNC', 'type': {'id': 3, 'name': 'Commercial'}}, {'response_mode': 'list', 'id': 121, 'url': 'https://lldev.thespacedevs.com/2.3.0/agencies/121/', 'name': 'SpaceX', 'abbrev': 'SpX', 'type': {'id': 3, 'name': 'Commercial'}}], 'start_date': '2008-12-23T00:00:00Z', 'end_date': None, 'mission_patches': [], 'type': {'id': 2, 'name': 'Human Spaceflight'}}], 'orbital_launch_attempt_count': 7063, 'location_launch_attempt_count': 1052, 'pad_launch_attempt_count': 334, 'agency_launch_attempt_count': 569, 'orbital_launch_attempt_count_year': 214, 'location_launch_attempt_count_year': 58, 'pad_launch_attempt_count_year': 54, 'agency_launch_attempt_count_year': 120}, 'duration': 'P180DT23H49M12S', 'turn_around_time': None, 'response_mode': 'normal'}",
84,1677,https://lldev.thespacedevs.com/2.3.0/landings/1677/,True,True,The New Shepard booster NS-5 has landed back on the landing pad.,3.2,"{'id': 11, 'name': 'Corn Ranch Landing Pad, West Texas', 'active': True, 'abbrev': 'CR', 'description': 'New Shepard landing site.', 'location': {'response_mode': 'normal', 'id': 29, 'url': 'https://lldev.thespacedevs.com/2.3.0/locations/29/', 'name': 'Corn Ranch, Van Horn, TX, USA', 'active': True, 'country': {'id': 2, 'name': 'United States of America', 'alpha_2_code': 'US', 'alpha_3_code': 'USA', 'nationality_name': 'American', 'nationality_name_composed': 'Americano'}, 'description': 'Corn Ranch, commonly referred to as Launch Site One (LSO), is a spaceport owned and operated by Blue Origin which is located approximately 30 miles north of the town of Van Horn, Texas, United States.', 'image': {'id': 2098, 'name': 'New Shepard liftoff (NS-25)', 'image_url': 'https://thespacedevs-dev.nyc3.digitaloceanspaces.com/media/images/new_shepard_lif_image_20240621062033.jpeg', 'thumbnail_url': 'https://thespacedevs-dev.nyc3.digitaloceanspaces.com/media/images/new_shepard_lif_image_thumbnail_20240621062033.jpeg', 'credit': 'Blue Origin', 'license': {'id': 1, 'name': 'Unknown', 'priority': 9, 'link': None}, 'single_use': True, 'variants': []}, 'map_image': 'https://thespacedevs-dev.nyc3.digitaloceanspaces.com/media/map_images/location_29_20200803142436.jpg', 'longitude': -104.757152, 'latitude': 31.422927, 'timezone_name': 'America/Chicago', 'total_launch_count': 38, 'total_landing_count': 38}, 'longitude': -104.762793, 'latitude': 31.451665, 'image': {'id': 1972, 'name': 'NS landing pad with booster landing on it', 'image_url': 'https://thespacedevs-dev.nyc3.digitaloceanspaces.com/media/images/ns_landing_pad__image_20240310165834.jpg', 'thumbnail_url': 'https://thespacedevs-dev.nyc3.digitaloceanspaces.com/media/images/ns_landing_pad__image_thumbnail_20240310165835.jpeg', 'credit': 'Blue Origin', 'license': {'id': 1, 'name': 'Unknown', 'priority': 9, 'link': None}, 'single_use': True, 'variants': []}, 'successful_landings': 33, 'attempted_landings': 35, 'failed_landings': 2, 'celestial_body': {'response_mode': 'normal', 'id': 1, 'name': 'Earth', 'type': {'id': 1, 'name': 'Planet'}, 'diameter': 12742000.0, 'mass': 5.972168e+24, 'gravity': 9.80655, 'length_of_day': '1 00:00:00', 'atmosphere': True, 'image': {'id': 2040, 'name': 'Earth (Apollo 17)', 'image_url': 'https://thespacedevs-dev.nyc3.digitaloceanspaces.com/media/images/earth_2528apol_image_20240402194304.jpeg', 'thumbnail_url': 'https://thespacedevs-dev.nyc3.digitaloceanspaces.com/media/images/earth_2528apol_image_thumbnail_20240402194305.jpeg', 'credit': 'NASA', 'license': {'id': 4, 'name': 'NASA Image and Media Guidelines', 'priority': 0, 'link': 'https://www.nasa.gov/nasa-brand-center/images-and-media/'}, 'single_use': True, 'variants': []}, 'description': 'Earth is the third planet from the Sun and the only astronomical object known to harbor life.', 'wiki_url': 'https://en.wikipedia.org/wiki/Earth'}}","{'id': 2, 'name': 'Return to Launch Site', 'abbrev': 'RTLS', 'description': 'A return to launch site usually means that after stage separation the booster flips and does a burn back towards the launch site, landing near where it initially launched from.'}",,normal,"{'id': 787, 'type': 'Core', 'reused': True, 'launcher_flight_number': 5, 'launcher': {'response_mode': 'normal', 'id': 187, 'url': 'https://lldev.thespacedevs.com/2.3.0/launchers/187/', 'flight_proven': True, 'serial_number': 'NS-5', 'is_placeholder': False, 'status': {'id': 3, 'name': 'active'}, 'image': {'id': 2317, 'name': 'NS-5 on the launch pad (NS-29)', 'image_url': 'https://thespacedevs-dev.nyc3.digitaloceanspaces.com/media/images/ns-5_on_the_lau_image_20250204174818.jpg', 'thumbnail_url': 'https://thespacedevs-dev.nyc3.digitaloceanspaces.com/media/images/ns-5_on_the_lau_image_thumbnail_20250204174819.jpeg', 'credit': 'Blue Origin', 'license': {'id': 1, 'name': 'Unknown', 'priority': 9, 'link': None}, 'single_use': True, 'variants': []}, 'details': '5th New Shepard booster.', 'successful_landings': 6, 'attempted_landings': 6, 'flights': 6, 'last_launch_date': '2025-12-20T14:15:00Z', 'first_launch_date': '2024-10-23T15:27:00Z', 'fastest_turnaround': 'P68DT21H30M'}, 'previous_flight_date': '2025-06-29T14:39:56Z', 'turn_around_time': 'P80DT22H20M4S', 'previous_flight': None}",,
85,1678,https://lldev.thespacedevs.com/2.3.0/landings/1678/,True,True,The RSS capsule RSS H. G. Wells has landed at Blue Origin's Corn Ranch facility.,,"{'id': 28, 'name': 'Corn Ranch, West Texas', 'active': True, 'abbrev': 'CR', 'description': 'Blue Origin launch and landing facility located in West Texas', 'location': {'response_mode': 'normal', 'id': 29, 'url': 'https://lldev.thespacedevs.com/2.3.0/locations/29/', 'name': 'Corn Ranch, Van Horn, TX, USA', 'active': True, 'country': {'id': 2, 'name': 'United States of America', 'alpha_2_code': 'US', 'alpha_3_code': 'USA', 'nationality_name': 'American', 'nationality_name_composed': 'Americano'}, 'description': 'Corn Ranch, commonly referred to as Launch Site One (LSO), is a spaceport owned and operated by Blue Origin which is located approximately 30 miles north of the town of Van Horn, Texas, United States.', 'image': {'id': 2098, 'name': 'New Shepard liftoff (NS-25)', 'image_url': 'https://thespacedevs-dev.nyc3.digitaloceanspaces.com/media/images/new_shepard_lif_image_20240621062033.jpeg', 'thumbnail_url': 'https://thespacedevs-dev.nyc3.digitaloceanspaces.com/media/images/new_shepard_lif_image_thumbnail_20240621062033.jpeg', 'credit': 'Blue Origin', 'license': {'id': 1, 'name': 'Unknown', 'priority': 9, 'link': None}, 'single_use': True, 'variants': []}, 'map_image': 'https://thespacedevs-dev.nyc3.digitaloceanspaces.com/media/map_images/location_29_20200803142436.jpg', 'longitude': -104.757152, 'latitude': 31.422927, 'timezone_name': 'America/Chicago', 'total_launch_count': 38, 'total_landing_count': 38}, 'longitude': None, 'latitude': None, 'image': {'id': 2152, 'name': 'New Shepard Crew Capsule Jules Verne under parachutes', 'image_url': 'https://thespacedevs-dev.nyc3.digitaloceanspaces.com/media/images/new_shepard_cre_image_20240812144851.jpg', 'thumbnail_url': 'https://thespacedevs-dev.nyc3.digitaloceanspaces.com/media/images/new_shepard_cre_image_thumbnail_20240812144851.jpeg', 'credit': 'Blue Origin', 'license': {'id': 1, 'name': 'Unknown', 'priority': 9, 'link': None}, 'single_use': True, 'variants': []}, 'successful_landings': 41, 'attempted_landings': 41, 'failed_landings': 0, 'celestial_body': {'response_mode': 'normal', 'id': 1, 'name': 'Earth', 'type': {'id': 1, 'name': 'Planet'}, 'diameter': 12742000.0, 'mass': 5.972168e+24, 'gravity': 9.80655, 'length_of_day': '1 00:00:00', 'atmosphere': True, 'image': {'id': 2040, 'name': 'Earth (Apollo 17)', 'image_url': 'https://thespacedevs-dev.nyc3.digitaloceanspaces.com/media/images/earth_2528apol_image_20240402194304.jpeg', 'thumbnail_url': 'https://thespacedevs-dev.nyc3.digitaloceanspaces.com/media/images/earth_2528apol_image_thumbnail_20240402194305.jpeg', 'credit': 'NASA', 'license': {'id': 4, 'name': 'NASA Image and Media Guidelines', 'priority': 0, 'link': 'https://www.nasa.gov/nasa-brand-center/images-and-media/'}, 'single_use': True, 'variants': []}, 'description': 'Earth is the third planet from the Sun and the only astronomical object known to harbor life.', 'wiki_url': 'https://en.wikipedia.org/wiki/Earth'}}","{'id': 4, 'name': 'Parachute Landing', 'abbrev': 'PCL', 'description': 'Unpowered landing using parachute(s).'}",,normal,,"{'id': 893, 'url': 'https://lldev.thespacedevs.com/2.3.0/spacecraft_flights/893/', 'destination': 'Suborbital', 'mission_end': '2025-09-18T13:10:14Z', 'spacecraft': {'response_mode': 'normal', 'id': 276, 'url': 'https://lldev.thespacedevs.com/2.3.0/spacecraft/276/', 'name': 'RSS H.G. Wells', 'serial_number': '2.0-1', 'is_placeholder': False, 'image': {'id': 1907, 'name': 'New Shepard M7 H. G. Wells landed', 'image_url': 'https://thespacedevs-dev.nyc3.digitaloceanspaces.com/media/images/crew2520capsule25202.0_image_20190309095011.jpeg', 'thumbnail_url': 'https://thespacedevs-dev.nyc3.digitaloceanspaces.com/media/images/255bauto255d__image_thumbnail_20240305194115.jpeg', 'credit': 'Blue Origin', 'license': {'id': 1, 'name': 'Unknown', 'priority': 9, 'link': None}, 'single_use': True, 'variants': []}, 'in_space': False, 'time_in_space': 'PT2H29S', 'time_docked': 'P0D', 'flights_count': 12, 'mission_ends_count': 12, 'status': {'id': 2, 'name': 'Retired'}, 'description': 'Second New Shepard capsule. It is dedicated to uncrewed flights.', 'spacecraft_config': {'response_mode': 'normal', 'id': 21, 'url': 'https://lldev.thespacedevs.com/2.3.0/spacecraft_configurations/21/', 'name': 'Crew Capsule 2.0', 'type': {'id': 2, 'name': 'Capsule'}, 'agency': {'response_mode': 'list', 'id': 141, 'url': 'https://lldev.thespacedevs.com/2.3.0/agencies/141/', 'name': 'Blue Origin', 'abbrev': 'BO', 'type': {'id': 3, 'name': 'Commercial'}}, 'family': [{'response_mode': 'normal', 'id': 5, 'name': 'New Shepard Crew Capsule', 'description': 'Capsules built for suborbital human spaceflight on New Shepard', 'manufacturer': {'response_mode': 'list', 'id': 141, 'url': 'https://lldev.thespacedevs.com/2.3.0/agencies/141/', 'name': 'Blue Origin', 'abbrev': 'BO', 'type': {'id': 3, 'name': 'Commercial'}}, 'parent': None, 'maiden_flight': '2015-04-29'}], 'in_use': True, 'image': {'id': 1907, 'name': 'New Shepard M7 H. G. Wells landed', 'image_url': 'https://thespacedevs-dev.nyc3.digitaloceanspaces.com/media/images/crew2520capsule25202.0_image_20190309095011.jpeg', 'thumbnail_url': 'https://thespacedevs-dev.nyc3.digitaloceanspaces.com/media/images/255bauto255d__image_thumbnail_20240305194115.jpeg', 'credit': 'Blue Origin', 'license': {'id': 1, 'name': 'Unknown', 'priority': 9, 'link': None}, 'single_use': True, 'variants': []}}, 'fastest_turnaround': 'P79DT21H42M'}, 'launch': {'id': '92ec4610-4576-4077-b538-65272a5d6491', 'url': 'https://lldev.thespacedevs.com/2.3.0/launches/92ec4610-4576-4077-b538-65272a5d6491/', 'name': 'New Shepard | NS-35', 'response_mode': 'normal', 'slug': 'new-shepard-ns-35', 'launch_designator': None, 'status': {'id': 3, 'name': 'Launch Successful', 'abbrev': 'Success', 'description': 'The launch vehicle successfully inserted its payload(s) into the target orbit(s).'}, 'last_updated': '2025-11-02T10:20:23Z', 'net': '2025-09-18T13:00:00Z', 'net_precision': {'id': 0, 'name': 'Second', 'abbrev': 'SEC', 'description': 'The T-0 is accurate to the second.'}, 'window_end': '2025-09-18T20:30:00Z', 'window_start': '2025-09-18T12:30:00Z', 'image': {'id': 2517, 'name': 'New Shepard liftoff (NS-35)', 'image_url': 'https://thespacedevs-dev.nyc3.digitaloceanspaces.com/media/images/new_shepard_lif_image_20251102102021.jpg', 'thumbnail_url': 'https://thespacedevs-dev.nyc3.digitaloceanspaces.com/media/images/new_shepard_lif_image_thumbnail_20251102102021.jpeg', 'credit': 'Blue Origin', 'license': {'id': 1, 'name': 'Unknown', 'priority': 9, 'link': None}, 'single_use': True, 'variants': []}, 'infographic': None, 'probability': None, 'weather_concerns': None, 'failreason': '', 'hashtag': None, 'launch_service_provider': {'response_mode': 'list', 'id': 141, 'url': 'https://lldev.thespacedevs.com/2.3.0/agencies/141/', 'name': 'Blue Origin', 'abbrev': 'BO', 'type': {'id': 3, 'name': 'Commercial'}}, 'rocket': {'id': 8685, 'configuration': {'response_mode': 'list', 'id': 137, 'url': 'https://lldev.thespacedevs.com/2.3.0/launcher_configurations/137/', 'name': 'New Shepard', 'families': [], 'full_name': 'New Shepard', 'variant': ''}}, 'mission': {'id': 7277, 'name': 'NS-35', 'type': 'Suborbital', 'description': 'NS-35 is the 35th flight for the New Shepard program. This flight will fly more than 40 scientific and research payloads to space and back, including 24 experiments from NASA’s TechRise Student Challenge and payloads for Johns Hopkins Applied Physics Laboratory, Oklahoma State University, University of Florida, Carthage College, University of Central Florida, Teledyne, Space Lab Technologies, and Teachers in Space, among others.', 'image': None, 'orbit': {'id': 15, 'name': 'Suborbital', 'abbrev': 'Sub', 'celestial_body': {'response_mode': 'list', 'id': 1, 'name': 'Earth'}}, 'agencies': [], 'info_urls': [], 'vid_urls': []}, 'pad': {'id': 90, 'url': 'https://lldev.thespacedevs.com/2.3.0/pads/90/', 'active': True, 'agencies': [{'response_mode': 'normal', 'id': 141, 'url': 'https://lldev.thespacedevs.com/2.3.0/agencies/141/', 'name': 'Blue Origin', 'abbrev': 'BO', 'type': {'id': 3, 'name': 'Commercial'}, 'featured': True, 'country': [{'id': 2, 'name': 'United States of America', 'alpha_2_code': 'US', 'alpha_3_code': 'USA', 'nationality_name': 'American', 'nationality_name_composed': 'Americano'}], 'description': 'Blue Origin is an American privately funded aerospace manufacturer and spaceflight services company set up by Amazon.com founder Jeff Bezos with its headquarters in Kent, Washington. The company is developing technologies to enable private human access to space with the goal to dramatically lower costs and increase reliability. Blue Origin currently launches its New Shepard sub-orbital vehicle from its West Texas launch site, they are currently constructing a launch pad for their orbital vehicle New Glenn at Cape Canaveral LC-36.', 'administrator': 'CEO: Jeff Bezos', 'founding_year': 2000, 'launchers': 'New Shepard | New Glenn', 'spacecraft': '', 'parent': None, 'image': {'id': 5, 'name': '[AUTO] Blue Origin - image', 'image_url': 'https://thespacedevs-dev.nyc3.digitaloceanspaces.com/media/images/blue2520origin_image_20190207032427.jpeg', 'thumbnail_url': 'https://thespacedevs-dev.nyc3.digitaloceanspaces.com/media/images/255bauto255d__image_thumbnail_20240305184551.jpeg', 'credit': None, 'license': {'id': 1, 'name': 'Unknown', 'priority': 9, 'link': None}, 'single_use': True, 'variants': []}, 'logo': {'id': 116, 'name': '[AUTO] Blue Origin - logo', 'image_url': 'https://thespacedevs-dev.nyc3.digitaloceanspaces.com/media/images/blue2520origin_logo_20190207032427.png', 'thumbnail_url': 'https://thespacedevs-dev.nyc3.digitaloceanspaces.com/media/images/255bauto255d__image_thumbnail_20240305184921.png', 'credit': None, 'license': {'id': 1, 'name': 'Unknown', 'priority': 9, 'link': None}, 'single_use': True, 'variants': []}, 'social_logo': {'id': 45, 'name': '[AUTO] Blue Origin - social_logo', 'image_url': 'https://thespacedevs-dev.nyc3.digitaloceanspaces.com/media/images/blue2520origin_nation_20240222073724.jpg', 'thumbnail_url': 'https://thespacedevs-dev.nyc3.digitaloceanspaces.com/media/images/255bauto255d__image_thumbnail_20240305184738.jpeg', 'credit': None, 'license': {'id': 1, 'name': 'Unknown', 'priority': 9, 'link': None}, 'single_use': True, 'variants': []}}], 'name': 'West Texas Suborbital Launch Site/ Corn Ranch', 'image': None, 'description': None, 'info_url': 'https://www.blueorigin.com', 'wiki_url': 'https://en.wikipedia.org/wiki/Corn_Ranch', 'map_url': 'https://www.google.com/maps?q=31.422878000000000,-104.757121000000000', 'latitude': 31.422878, 'longitude': -104.757121, 'country': {'id': 2, 'name': 'United States of America', 'alpha_2_code': 'US', 'alpha_3_code': 'USA', 'nationality_name': 'American', 'nationality_name_composed': 'Americano'}, 'map_image': 'https://thespacedevs-dev.nyc3.digitaloceanspaces.com/media/map_images/pad_90_20200803143233.jpg', 'total_launch_count': 38, 'orbital_launch_attempt_count': 0, 'fastest_turnaround': 'P20DT40M27S', 'location': {'response_mode': 'normal', 'id': 29, 'url': 'https://lldev.thespacedevs.com/2.3.0/locations/29/', 'name': 'Corn Ranch, Van Horn, TX, USA', 'celestial_body': {'response_mode': 'normal', 'id': 1, 'name': 'Earth', 'type': {'id': 1, 'name': 'Planet'}, 'diameter': 12742000.0, 'mass': 5.972168e+24, 'gravity': 9.80655, 'length_of_day': '1 00:00:00', 'atmosphere': True, 'image': {'id': 2040, 'name': 'Earth (Apollo 17)', 'image_url': 'https://thespacedevs-dev.nyc3.digitaloceanspaces.com/media/images/earth_2528apol_image_20240402194304.jpeg', 'thumbnail_url': 'https://thespacedevs-dev.nyc3.digitaloceanspaces.com/media/images/earth_2528apol_image_thumbnail_20240402194305.jpeg', 'credit': 'NASA', 'license': {'id': 4, 'name': 'NASA Image and Media Guidelines', 'priority': 0, 'link': 'https://www.nasa.gov/nasa-brand-center/images-and-media/'}, 'single_use': True, 'variants': []}, 'description': 'Earth is the third planet from the Sun and the only astronomical object known to harbor life.', 'wiki_url': 'https://en.wikipedia.org/wiki/Earth', 'total_attempted_launches': 7584, 'successful_launches': 7028, 'failed_launches': 556, 'total_attempted_landings': 1351, 'successful_landings': 1302, 'failed_landings': 49}, 'active': True, 'country': {'id': 2, 'name': 'United States of America', 'alpha_2_code': 'US', 'alpha_3_code': 'USA', 'nationality_name': 'American', 'nationality_name_composed': 'Americano'}, 'description': 'Corn Ranch, commonly referred to as Launch Site One (LSO), is a spaceport owned and operated by Blue Origin which is located approximately 30 miles north of the town of Van Horn, Texas, United States.', 'image': {'id': 2098, 'name': 'New Shepard liftoff (NS-25)', 'image_url': 'https://thespacedevs-dev.nyc3.digitaloceanspaces.com/media/images/new_shepard_lif_image_20240621062033.jpeg', 'thumbnail_url': 'https://thespacedevs-dev.nyc3.digitaloceanspaces.com/media/images/new_shepard_lif_image_thumbnail_20240621062033.jpeg', 'credit': 'Blue Origin', 'license': {'id': 1, 'name': 'Unknown', 'priority': 9, 'link': None}, 'single_use': True, 'variants': []}, 'map_image': 'https://thespacedevs-dev.nyc3.digitaloceanspaces.com/media/map_images/location_29_20200803142436.jpg', 'longitude': -104.757152, 'latitude': 31.422927, 'timezone_name': 'America/Chicago', 'total_launch_count': 38, 'total_landing_count': 38}}, 'webcast_live': False, 'program': [], 'orbital_launch_attempt_count': None, 'location_launch_attempt_count': 35, 'pad_launch_attempt_count': 35, 'agency_launch_attempt_count': 36, 'orbital_launch_attempt_count_year': None, 'location_launch_attempt_count_year': 7, 'pad_launch_attempt_count_year': 7, 'agency_launch_attempt_count_year': 8}, 'duration': 'PT10M14S', 'turn_around_time': 'P225DT20H49M54S', 'response_mode': 'normal'}",
86,1679,https://lldev.thespacedevs.com/2.3.0/landings/1679/,True,True,The Falcon 9 booster B1063 landed back at the launch site at LZ-4 after its 27th flight.,0.4,"{'id': 7, 'name': 'Landing Zone 4', 'active': True, 'abbrev': 'LZ-4', 'description': 'LZ at Vandenberg', 'location': {'response_mode': 'normal', 'id': 11, 'url': 'https://lldev.thespacedevs.com/2.3.0/locations/11/', 'name': 'Vandenberg SFB, CA, USA', 'active': True, 'country': {'id': 2, 'name': 'United States of America', 'alpha_2_code': 'US', 'alpha_3_code': 'USA', 'nationality_name': 'American', 'nationality_name_composed': 'Americano'}, 'description': ""Vandenberg Space Force Base is a United States Space Force Base in Santa Barbara County, California. Established in 1941, Vandenberg Space Force Base is a space launch base, launching spacecraft from the Western Range, and also performs missile testing. The United States Space Force's Space Launch Delta 30 serves as the host delta for the base, equivalent to an Air Force air base wing. In addition to its military space launch mission, Vandenberg Space Force Base also hosts space launches for civil and commercial space entities, such as NASA and SpaceX."", 'image': {'id': 2226, 'name': 'Vandenberg SFB imaged by Sentinel-2', 'image_url': 'https://thespacedevs-dev.nyc3.digitaloceanspaces.com/media/images/vandenberg_sfb__image_20240920082910.jpeg', 'thumbnail_url': 'https://thespacedevs-dev.nyc3.digitaloceanspaces.com/media/images/vandenberg_sfb__image_thumbnail_20240920082910.jpeg', 'credit': 'Contains modified Copernicus Sentinel data 2020', 'license': {'id': 33, 'name': 'Copernicus Image Use Policy', 'priority': 0, 'link': 'https://eur-lex.europa.eu/legal-content/EN/TXT/?uri=CELEX:32013R1159'}, 'single_use': True, 'variants': []}, 'map_image': 'https://thespacedevs-dev.nyc3.digitaloceanspaces.com/media/map_images/location_11_20200803142416.jpg', 'longitude': -120.52023, 'latitude': 34.75133, 'timezone_name': 'America/Los_Angeles', 'total_launch_count': 904, 'total_landing_count': 35}, 'longitude': -120.615193, 'latitude': 34.632994, 'image': {'id': 1967, 'name': 'LZ-4 at SLC-4E empty', 'image_url': 'https://thespacedevs-dev.nyc3.digitaloceanspaces.com/media/images/lz-4_at_slc-4e__image_20240310162737.jpeg', 'thumbnail_url': 'https://thespacedevs-dev.nyc3.digitaloceanspaces.com/media/images/lz-4_at_slc-4e__image_thumbnail_20240310162738.jpeg', 'credit': 'SpaceX', 'license': {'id': 5, 'name': 'CC BY-NC 2.0', 'priority': 1, 'link': 'https://creativecommons.org/licenses/by-nc/2.0/'}, 'single_use': True, 'variants': []}, 'successful_landings': 35, 'attempted_landings': 35, 'failed_landings': 0, 'celestial_body': {'response_mode': 'normal', 'id': 1, 'name': 'Earth', 'type': {'id': 1, 'name': 'Planet'}, 'diameter': 12742000.0, 'mass': 5.972168e+24, 'gravity': 9.80655, 'length_of_day': '1 00:00:00', 'atmosphere': True, 'image': {'id': 2040, 'name': 'Earth (Apollo 17)', 'image_url': 'https://thespacedevs-dev.nyc3.digitaloceanspaces.com/media/images/earth_2528apol_image_20240402194304.jpeg', 'thumbnail_url': 'https://thespacedevs-dev.nyc3.digitaloceanspaces.com/media/images/earth_2528apol_image_thumbnail_20240402194305.jpeg', 'credit': 'NASA', 'license': {'id': 4, 'name': 'NASA Image and Media Guidelines', 'priority': 0, 'link': 'https://www.nasa.gov/nasa-brand-center/images-and-media/'}, 'single_use': True, 'variants': []}, 'description': 'Earth is the third planet from the Sun and the only astronomical object known to harbor life.', 'wiki_url': 'https://en.wikipedia.org/wiki/Earth'}}","{'id': 2, 'name': 'Return to Launch Site', 'abbrev': 'RTLS', 'description': 'A return to launch site usually means that after stage separation the booster flips and does a burn back towards the launch site, landing near where it initially launched from.'}",,normal,"{'id': 609, 'type': 'Core', 'reused': True, 'launcher_flight_number': 27, 'launcher': {'response_mode': 'normal', 'id': 84, 'url': 'https://lldev.thespacedevs.com/2.3.0/launchers/84/', 'flight_proven': True, 'serial_number': 'B1063', 'is_placeholder': False, 'status': {'id': 3, 'name': 'active'}, 'image': {'id': 1626, 'name': 'B1063 landing on LZ-4 during Sentinel-6A Michael Freilich launch', 'image_url': 'https://thespacedevs-dev.nyc3.digitaloceanspaces.com/media/images/84_image_20201122121517.jpeg', 'thumbnail_url': 'https://thespacedevs-dev.nyc3.digitaloceanspaces.com/media/images/255bauto255d__image_thumbnail_20240305193327.jpeg', 'credit': 'SpaceX', 'license': {'id': 1, 'name': 'Unknown', 'priority': 9, 'link': None}, 'single_use': False, 'variants': []}, 'details': 'Notable launches include Sentinel-6 and Dart.', 'successful_landings': 34, 'attempted_landings': 34, 'flights': 34, 'last_launch_date': '2026-08-04T17:05:03Z', 'first_launch_date': '2020-11-21T17:17:08Z', 'fastest_turnaround': 'P32DT18H36M20S'}, 'previous_flight_date': '2025-06-04T23:40:30Z', 'turn_around_time': 'P82DT19H13M11S', 'previous_flight': None}",,
87,1680,https://lldev.thespacedevs.com/2.3.0/landings/1680/,True,True,The Falcon 9 first stage B1092 has landed back at the launch site at Landing Zone 2 (LZ-2) after its 6th flight.,14.6,"{'id': 5, 'name': 'Landing Zone 2', 'active': True, 'abbrev': 'LZ-2', 'description': 'LZ-2 Pad located at Cape Canaveral Space Force Station at the previous LC-13. Directly next to LZ-1', 'location': {'response_mode': 'normal', 'id': 12, 'url': 'https://lldev.thespacedevs.com/2.3.0/locations/12/', 'name': 'Cape Canaveral SFS, FL, USA', 'active': True, 'country': {'id': 2, 'name': 'United States of America', 'alpha_2_code': 'US', 'alpha_3_code': 'USA', 'nationality_name': 'American', 'nationality_name_composed': 'Americano'}, 'description': ""Cape Canaveral Space Force Station (CCSFS) is an installation of the United States Space Force's Space Launch Delta 45, located on Cape Canaveral in Brevard County, Florida."", 'image': {'id': 2200, 'name': 'Cape Canaveral & KSC seen from orbit (STS-43)', 'image_url': 'https://thespacedevs-dev.nyc3.digitaloceanspaces.com/media/images/cape_canaveral__image_20240918151615.jpg', 'thumbnail_url': 'https://thespacedevs-dev.nyc3.digitaloceanspaces.com/media/images/cape_canaveral__image_thumbnail_20240918151616.jpeg', 'credit': 'NASA', 'license': {'id': 4, 'name': 'NASA Image and Media Guidelines', 'priority': 0, 'link': 'https://www.nasa.gov/nasa-brand-center/images-and-media/'}, 'single_use': True, 'variants': []}, 'map_image': 'https://thespacedevs-dev.nyc3.digitaloceanspaces.com/media/map_images/location_12_20200803142519.jpg', 'longitude': -80.577778, 'latitude': 28.488889, 'timezone_name': 'America/New_York', 'total_launch_count': 1124, 'total_landing_count': 76}, 'longitude': -80.544964, 'latitude': 28.48775, 'image': {'id': 1976, 'name': 'LZ-2', 'image_url': 'https://thespacedevs-dev.nyc3.digitaloceanspaces.com/media/images/lz-2_image_20240310172018.png', 'thumbnail_url': 'https://thespacedevs-dev.nyc3.digitaloceanspaces.com/media/images/lz-2_image_thumbnail_20240310172019.png', 'credit': 'SpaceX', 'license': {'id': 5, 'name': 'CC BY-NC 2.0', 'priority': 1, 'link': 'https://creativecommons.org/licenses/by-nc/2.0/'}, 'single_use': True, 'variants': []}, 'successful_landings': 18, 'attempted_landings': 18, 'failed_landings': 0, 'celestial_body': {'response_mode': 'normal', 'id': 1, 'name': 'Earth', 'type': {'id': 1, 'name': 'Planet'}, 'diameter': 12742000.0, 'mass': 5.972168e+24, 'gravity': 9.80655, 'length_of_day': '1 00:00:00', 'atmosphere': True, 'image': {'id': 2040, 'name': 'Earth (Apollo 17)', 'image_url': 'https://thespacedevs-dev.nyc3.digitaloceanspaces.com/media/images/earth_2528apol_image_20240402194304.jpeg', 'thumbnail_url': 'https://thespacedevs-dev.nyc3.digitaloceanspaces.com/media/images/earth_2528apol_image_thumbnail_20240402194305.jpeg', 'credit': 'NASA', 'license': {'id': 4, 'name': 'NASA Image and Media Guidelines', 'priority': 0, 'link': 'https://www.nasa.gov/nasa-brand-center/images-and-media/'}, 'single_use': True, 'variants': []}, 'description': 'Earth is the third planet from the Sun and the only astronomical object known to harbor life.', 'wiki_url': 'https://en.wikipedia.org/wiki/Earth'}}","{'id': 2, 'name': 'Return to Launch Site', 'abbrev': 'RTLS', 'description': 'A return to launch site usually means that after stage separation the booster flips and does a burn back towards the launch site, landing near where it initially launched from.'}",,normal,"{'id': 382, 'type': 'Core', 'reused': True, 'launcher_flight_number': 6, 'launcher': {'response_mode': 'normal', 'id': 192, 'url': 'https://lldev.thespacedevs.com/2.3.0/launchers/192/', 'flight_proven': True, 'serial_number': 'B1092', 'is_placeholder': False, 'status': {'id': 3, 'name': 'active'}, 'image': {'id': 2357, 'name': 'B1092 landing at LZ-1 (NROL-69)', 'image_url': 'https://thespacedevs-dev.nyc3.digitaloceanspaces.com/media/images/b1092_landing_a_image_20250325084800.jpg', 'thumbnail_url': 'https://thespacedevs-dev.nyc3.digitaloceanspaces.com/media/images/b1092_landing_a_image_thumbnail_20250325084801.jpeg', 'credit': 'SpaceX', 'license': {'id': 1, 'name': 'Unknown', 'priority': 9, 'link': None}, 'single_use': True, 'variants': []}, 'details': 'Falcon 9 booster debuting on Starlink Group 12-13.', 'successful_landings': 10, 'attempted_landings': 10, 'flights': 10, 'last_launch_date': '2026-02-24T23:04:10Z', 'first_launch_date': '2025-02-27T03:34:20Z', 'fastest_turnaround': 'P25DT14H13M40S'}, 'previous_flight_date': '2025-06-28T04:26:00Z', 'turn_around_time': 'P54DT23H24M', 'previous_flight': None}",,
88,1681,https://lldev.thespacedevs.com/2.3.0/landings/1681/,True,True,The Falcon 9 1st stage B1095 has landed on ASDS JRTI after its 2nd flight.,600.0,"{'id': 3, 'name': 'Just Read the Instructions', 'active': True, 'abbrev': 'JRTI', 'description': 'Third (Marmac 303) ASDS barge, Just Read the Instructions (JRTI) is currently used to recover Falcon 9 and Heavy boosters in the Atlantic Ocean.', 'location': None, 'longitude': None, 'latitude': None, 'image': {'id': 1973, 'name': 'JRTI (Marmac 303) empty', 'image_url': 'https://thespacedevs-dev.nyc3.digitaloceanspaces.com/media/images/jrti_2528marma_image_20240310170452.jpeg', 'thumbnail_url': 'https://thespacedevs-dev.nyc3.digitaloceanspaces.com/media/images/jrti_2528marma_image_thumbnail_20240310170452.jpeg', 'credit': 'SpaceX', 'license': {'id': 5, 'name': 'CC BY-NC 2.0', 'priority': 1, 'link': 'https://creativecommons.org/licenses/by-nc/2.0/'}, 'single_use': True, 'variants': []}, 'successful_landings': 156, 'attempted_landings': 157, 'failed_landings': 1, 'celestial_body': {'response_mode': 'normal', 'id': 1, 'name': 'Earth', 'type': {'id': 1, 'name': 'Planet'}, 'diameter': 12742000.0, 'mass': 5.972168e+24, 'gravity': 9.80655, 'length_of_day': '1 00:00:00', 'atmosphere': True, 'image': {'id': 2040, 'name': 'Earth (Apollo 17)', 'image_url': 'https://thespacedevs-dev.nyc3.digitaloceanspaces.com/media/images/earth_2528apol_image_20240402194304.jpeg', 'thumbnail_url': 'https://thespacedevs-dev.nyc3.digitaloceanspaces.com/media/images/earth_2528apol_image_thumbnail_20240402194305.jpeg', 'credit': 'NASA', 'license': {'id': 4, 'name': 'NASA Image and Media Guidelines', 'priority': 0, 'link': 'https://www.nasa.gov/nasa-brand-center/images-and-media/'}, 'single_use': True, 'variants': []}, 'description': 'Earth is the third planet from the Sun and the only astronomical object known to harbor life.', 'wiki_url': 'https://en.wikipedia.org/wiki/Earth'}}","{'id': 1, 'name': 'Autonomous Spaceport Drone Ship', 'abbrev': 'ASDS', 'description': 'An autonomous spaceport drone ship (ASDS) is an ocean-going vessel derived from a deck barge, outfitted with station-keeping engines and a large landing platform. Construction of such ships was commissioned by aerospace company SpaceX to allow for recovery of rocket first-stages at sea for high-velocity missions which do not carry enough fuel to return to the launch site after lofting spacecraft onto an orbital trajectory.'}",,normal,"{'id': 788, 'type': 'Core', 'reused': True, 'launcher_flight_number': 2, 'launcher': {'response_mode': 'normal', 'id': 196, 'url': 'https://lldev.thespacedevs.com/2.3.0/launchers/196/', 'flight_proven': True, 'serial_number': 'B1095', 'is_placeholder': False, 'status': {'id': 3, 'name': 'active'}, 'image': {'id': 2756, 'name': 'GPS III SV10 launch', 'image_url': 'https://thespacedevs-dev.nyc3.digitaloceanspaces.com/media/images/gps_iii_sv10_la_image_20260429163711.jpg', 'thumbnail_url': 'https://thespacedevs-dev.nyc3.digitaloceanspaces.com/media/images/gps_iii_sv10_la_image_thumbnail_20260429163711.jpeg', 'credit': 'SpaceX', 'license': {'id': 1, 'name': 'Unknown', 'priority': 9, 'link': None}, 'single_use': True, 'variants': []}, 'details': 'Falcon 9 booster debuting on Starlink Group 12-15.', 'successful_landings': 7, 'attempted_landings': 7, 'flights': 7, 'last_launch_date': '2026-04-21T06:53:25Z', 'first_launch_date': '2025-05-21T03:19:10Z', 'fastest_turnaround': 'P37DT18H16M15S'}, 'previous_flight_date': '2025-05-21T03:19:10Z', 'turn_around_time': 'P98DT7H51M30S', 'previous_flight': None}",,
89,1682,https://lldev.thespacedevs.com/2.3.0/landings/1682/,True,True,The Falcon 9 1st stage B1077 landed on ASDS JRTI after its 23rd flight.,600.0,"{'id': 3, 'name': 'Just Read the Instructions', 'active': True, 'abbrev': 'JRTI', 'description': 'Third (Marmac 303) ASDS barge, Just Read the Instructions (JRTI) is currently used to recover Falcon 9 and Heavy boosters in the Atlantic Ocean.', 'location': None, 'longitude': None, 'latitude': None, 'image': {'id': 1973, 'name': 'JRTI (Marmac 303) empty', 'image_url': 'https://thespacedevs-dev.nyc3.digitaloceanspaces.com/media/images/jrti_2528marma_image_20240310170452.jpeg', 'thumbnail_url': 'https://thespacedevs-dev.nyc3.digitaloceanspaces.com/media/images/jrti_2528marma_image_thumbnail_20240310170452.jpeg', 'credit': 'SpaceX', 'license': {'id': 5, 'name': 'CC BY-NC 2.0', 'priority': 1, 'link': 'https://creativecommons.org/licenses/by-nc/2.0/'}, 'single_use': True, 'variants': []}, 'successful_landings': 156, 'attempted_landings': 157, 'failed_landings': 1, 'celestial_body': {'response_mode': 'normal', 'id': 1, 'name': 'Earth', 'type': {'id': 1, 'name': 'Planet'}, 'diameter': 12742000.0, 'mass': 5.972168e+24, 'gravity': 9.80655, 'length_of_day': '1 00:00:00', 'atmosphere': True, 'image': {'id': 2040, 'name': 'Earth (Apollo 17)', 'image_url': 'https://thespacedevs-dev.nyc3.digitaloceanspaces.com/media/images/earth_2528apol_image_20240402194304.jpeg', 'thumbnail_url': 'https://thespacedevs-dev.nyc3.digitaloceanspaces.com/media/images/earth_2528apol_image_thumbnail_20240402194305.jpeg', 'credit': 'NASA', 'license': {'id': 4, 'name': 'NASA Image and Media Guidelines', 'priority': 0, 'link': 'https://www.nasa.gov/nasa-brand-center/images-and-media/'}, 'single_use': True, 'variants': []}, 'description': 'Earth is the third planet from the Sun and the only astronomical object known to harbor life.', 'wiki_url': 'https://en.wikipedia.org/wiki/Earth'}}","{'id': 1, 'name': 'Autonomous Spaceport Drone Ship', 'abbrev': 'ASDS', 'description': 'An autonomous spaceport drone ship (ASDS) is an ocean-going vessel derived from a deck barge, outfitted with station-keeping engines and a large landing platform. Construction of such ships was commissioned by aerospace company SpaceX to allow for recovery of rocket first-stages at sea for high-velocity missions which do not carry enough fuel to return to the launch site after lofting spacecraft onto an orbital trajectory.'}",,normal,"{'id': 789, 'type': 'Core', 'reused': True, 'launcher_flight_number': 23, 'launcher': {'response_mode': 'normal', 'id': 116, 'url': 'https://lldev.thespacedevs.com/2.3.0/launchers/116/', 'flight_proven': True, 'serial_number': 'B1077', 'is_placeholder': False, 'status': {'id': 3, 'name': 'active'}, 'image': {'id': 1637, 'name': 'B1077 landing on LZ-1 during CRS NG-20 launch', 'image_url': 'https://thespacedevs-dev.nyc3.digitaloceanspaces.com/media/images/116_image_20240201065853.jpg', 'thumbnail_url': 'https://thespacedevs-dev.nyc3.digitaloceanspaces.com/media/images/255bauto255d__image_thumbnail_20240305193345.jpeg', 'credit': 'SpaceX', 'license': {'id': 1, 'name': 'Unknown', 'priority': 9, 'link': None}, 'single_use': False, 'variants': []}, 'details': 'Falcon 9 Block 5 booster first used for the Crew-5 mission.', 'successful_landings': 30, 'attempted_landings': 30, 'flights': 30, 'last_launch_date': '2026-08-05T07:49:00Z', 'first_launch_date': '2022-10-05T16:00:57Z', 'fastest_turnaround': 'P26DT20H34M40S'}, 'previous_flight_date': '2025-07-08T08:21:00Z', 'turn_around_time': 'P54DT3H28M', 'previous_flight': None}",,
90,1683,https://lldev.thespacedevs.com/2.3.0/landings/1683/,True,True,The Falcon 9 first stage B1097 has landed on ASDS OCISLY after its 1st flight.,574.0,"{'id': 1, 'name': 'Of Course I Still Love You', 'active': True, 'abbrev': 'OCISLY', 'description': 'The second ASDS barge, Of Course I Still Love You (OCISLY) services launches in the Pacific Ocean and was the site of the first landing of a SpaceX Falcon 9 first stage during CRS-8, the launch of a Dragon spacecraft to the International Space Station.', 'location': None, 'longitude': None, 'latitude': None, 'image': {'id': 1969, 'name': 'OCISLY empty', 'image_url': 'https://thespacedevs-dev.nyc3.digitaloceanspaces.com/media/images/ocisly_empty_image_20240310164323.png', 'thumbnail_url': 'https://thespacedevs-dev.nyc3.digitaloceanspaces.com/media/images/ocisly_empty_image_thumbnail_20240310164323.png', 'credit': 'SpaceX', 'license': {'id': 5, 'name': 'CC BY-NC 2.0', 'priority': 1, 'link': 'https://creativecommons.org/licenses/by-nc/2.0/'}, 'single_use': True, 'variants': []}, 'successful_landings': 217, 'attempted_landings': 225, 'failed_landings': 8, 'celestial_body': {'response_mode': 'normal', 'id': 1, 'name': 'Earth', 'type': {'id': 1, 'name': 'Planet'}, 'diameter': 12742000.0, 'mass': 5.972168e+24, 'gravity': 9.80655, 'length_of_day': '1 00:00:00', 'atmosphere': True, 'image': {'id': 2040, 'name': 'Earth (Apollo 17)', 'image_url': 'https://thespacedevs-dev.nyc3.digitaloceanspaces.com/media/images/earth_2528apol_image_20240402194304.jpeg', 'thumbnail_url': 'https://thespacedevs-dev.nyc3.digitaloceanspaces.com/media/images/earth_2528apol_image_thumbnail_20240402194305.jpeg', 'credit': 'NASA', 'license': {'id': 4, 'name': 'NASA Image and Media Guidelines', 'priority': 0, 'link': 'https://www.nasa.gov/nasa-brand-center/images-and-media/'}, 'single_use': True, 'variants': []}, 'description': 'Earth is the third planet from the Sun and the only astronomical object known to harbor life.', 'wiki_url': 'https://en.wikipedia.org/wiki/Earth'}}","{'id': 1, 'name': 'Autonomous Spaceport Drone Ship', 'abbrev': 'ASDS', 'description': 'An autonomous spaceport drone ship (ASDS) is an ocean-going vessel derived from a deck barge, outfitted with station-keeping engines and a large landing platform. Construction of such ships was commissioned by aerospace company SpaceX to allow for recovery of rocket first-stages at sea for high-velocity missions which do not carry enough fuel to return to the launch site after lofting spacecraft onto an orbital trajectory.'}",,normal,"{'id': 790, 'type': 'Core', 'reused': False, 'launcher_flight_number': 1, 'launcher': {'response_mode': 'normal', 'id': 199, 'url': 'https://lldev.thespacedevs.com/2.3.0/launchers/199/', 'flight_proven': True, 'serial_number': 'B1097', 'is_placeholder': False, 'status': {'id': 3, 'name': 'active'}, 'image': {'id': 2631, 'name': 'B1097 landing at LZ-4 (Sentinel 6B)', 'image_url': 'https://thespacedevs-dev.nyc3.digitaloceanspaces.com/media/images/b1097_landing_a_image_20251219190818.jpg', 'thumbnail_url': 'https://thespacedevs-dev.nyc3.digitaloceanspaces.com/media/images/b1097_landing_a_image_thumbnail_20251219190819.jpeg', 'credit': 'NASA Kennedy', 'license': {'id': 4, 'name': 'NASA Image and Media Guidelines', 'priority': 0, 'link': 'https://www.nasa.gov/nasa-brand-center/images-and-media/'}, 'single_use': True, 'variants': []}, 'details': 'Falcon 9 booster.', 'successful_landings': 11, 'attempted_landings': 11, 'flights': 11, 'last_launch_date': '2026-07-07T07:12:00Z', 'first_launch_date': '2025-09-03T03:51:26Z', 'fastest_turnaround': 'P14DT3H45M49S'}, 'previous_flight_date': None, 'turn_around_time': None, 'previous_flight': None}",,
91,1684,https://lldev.thespacedevs.com/2.3.0/landings/1684/,True,True,The Falcon 9 first stage B1083 has landed on ASDS ASOG after its 14th flight.,600.0,"{'id': 17, 'name': 'A Shortfall of Gravitas', 'active': True, 'abbrev': 'ASOG', 'description': 'The fourth ASDS barge, A Shortfall of Gravitas (ASOG) is currently used to recover Falcon 9 and Heavy boosters in the Altantic Ocean.', 'location': None, 'longitude': None, 'latitude': None, 'image': {'id': 1971, 'name': 'ASOG with booster', 'image_url': 'https://thespacedevs-dev.nyc3.digitaloceanspaces.com/media/images/asog_with_boost_image_20240310164859.jpeg', 'thumbnail_url': 'https://thespacedevs-dev.nyc3.digitaloceanspaces.com/media/images/asog_with_boost_image_thumbnail_20240310164859.jpeg', 'credit': 'SpaceX', 'license': {'id': 5, 'name': 'CC BY-NC 2.0', 'priority': 1, 'link': 'https://creativecommons.org/licenses/by-nc/2.0/'}, 'single_use': True, 'variants': []}, 'successful_landings': 163, 'attempted_landings': 164, 'failed_landings': 1, 'celestial_body': {'response_mode': 'normal', 'id': 1, 'name': 'Earth', 'type': {'id': 1, 'name': 'Planet'}, 'diameter': 12742000.0, 'mass': 5.972168e+24, 'gravity': 9.80655, 'length_of_day': '1 00:00:00', 'atmosphere': True, 'image': {'id': 2040, 'name': 'Earth (Apollo 17)', 'image_url': 'https://thespacedevs-dev.nyc3.digitaloceanspaces.com/media/images/earth_2528apol_image_20240402194304.jpeg', 'thumbnail_url': 'https://thespacedevs-dev.nyc3.digitaloceanspaces.com/media/images/earth_2528apol_image_thumbnail_20240402194305.jpeg', 'credit': 'NASA', 'license': {'id': 4, 'name': 'NASA Image and Media Guidelines', 'priority': 0, 'link': 'https://www.nasa.gov/nasa-brand-center/images-and-media/'}, 'single_use': True, 'variants': []}, 'description': 'Earth is the third planet from the Sun and the only astronomical object known to harbor life.', 'wiki_url': 'https://en.wikipedia.org/wiki/Earth'}}","{'id': 1, 'name': 'Autonomous Spaceport Drone Ship', 'abbrev': 'ASDS', 'description': 'An autonomous spaceport drone ship (ASDS) is an ocean-going vessel derived from a deck barge, outfitted with station-keeping engines and a large landing platform. Construction of such ships was commissioned by aerospace company SpaceX to allow for recovery of rocket first-stages at sea for high-velocity missions which do not carry enough fuel to return to the launch site after lofting spacecraft onto an orbital trajectory.'}",,normal,"{'id': 791, 'type': 'Core', 'reused': True, 'launcher_flight_number': 14, 'launcher': {'response_mode': 'normal', 'id': 126, 'url': 'https://lldev.thespacedevs.com/2.3.0/launchers/126/', 'flight_proven': True, 'serial_number': 'B1083', 'is_placeholder': False, 'status': {'id': 3, 'name': 'active'}, 'image': {'id': 1643, 'name': 'B1083 at LZ-1 after Crew-8 launch', 'image_url': 'https://thespacedevs-dev.nyc3.digitaloceanspaces.com/media/images/126_image_20240304081131.jpeg', 'thumbnail_url': 'https://thespacedevs-dev.nyc3.digitaloceanspaces.com/media/images/255bauto255d__image_thumbnail_20240305193355.jpeg', 'credit': 'SpaceX', 'license': {'id': 5, 'name': 'CC BY-NC 2.0', 'priority': 1, 'link': 'https://creativecommons.org/licenses/by-nc/2.0/'}, 'single_use': False, 'variants': []}, 'details': 'Booster first flown during the Crew-8 mission.', 'successful_landings': 16, 'attempted_landings': 16, 'flights': 16, 'last_launch_date': '2025-12-11T22:01:20Z', 'first_launch_date': '2024-03-04T03:53:38Z', 'fastest_turnaround': 'P23DT24M50S'}, 'previous_flight_date': '2025-07-13T05:04:00Z', 'turn_around_time': 'P52DT6H52M10S', 'previous_flight': None}",,
92,1685,https://lldev.thespacedevs.com/2.3.0/landings/1685/,True,True,The Falcon 9 1st stage B1069 has landed on ASDS JRTI after its 27th flight.,600.0,"{'id': 3, 'name': 'Just Read the Instructions', 'active': True, 'abbrev': 'JRTI', 'description': 'Third (Marmac 303) ASDS barge, Just Read the Instructions (JRTI) is currently used to recover Falcon 9 and Heavy boosters in the Atlantic Ocean.', 'location': None, 'longitude': None, 'latitude': None, 'image': {'id': 1973, 'name': 'JRTI (Marmac 303) empty', 'image_url': 'https://thespacedevs-dev.nyc3.digitaloceanspaces.com/media/images/jrti_2528marma_image_20240310170452.jpeg', 'thumbnail_url': 'https://thespacedevs-dev.nyc3.digitaloceanspaces.com/media/images/jrti_2528marma_image_thumbnail_20240310170452.jpeg', 'credit': 'SpaceX', 'license': {'id': 5, 'name': 'CC BY-NC 2.0', 'priority': 1, 'link': 'https://creativecommons.org/licenses/by-nc/2.0/'}, 'single_use': True, 'variants': []}, 'successful_landings': 156, 'attempted_landings': 157, 'failed_landings': 1, 'celestial_body': {'response_mode': 'normal', 'id': 1, 'name': 'Earth', 'type': {'id': 1, 'name': 'Planet'}, 'diameter': 12742000.0, 'mass': 5.972168e+24, 'gravity': 9.80655, 'length_of_day': '1 00:00:00', 'atmosphere': True, 'image': {'id': 2040, 'name': 'Earth (Apollo 17)', 'image_url': 'https://thespacedevs-dev.nyc3.digitaloceanspaces.com/media/images/earth_2528apol_image_20240402194304.jpeg', 'thumbnail_url': 'https://thespacedevs-dev.nyc3.digitaloceanspaces.com/media/images/earth_2528apol_image_thumbnail_20240402194305.jpeg', 'credit': 'NASA', 'license': {'id': 4, 'name': 'NASA Image and Media Guidelines', 'priority': 0, 'link': 'https://www.nasa.gov/nasa-brand-center/images-and-media/'}, 'single_use': True, 'variants': []}, 'description': 'Earth is the third planet from the Sun and the only astronomical object known to harbor life.', 'wiki_url': 'https://en.wikipedia.org/wiki/Earth'}}","{'id': 1, 'name': 'Autonomous Spaceport Drone Ship', 'abbrev': 'ASDS', 'description': 'An autonomous spaceport drone ship (ASDS) is an ocean-going vessel derived from a deck barge, outfitted with station-keeping engines and a large landing platform. Construction of such ships was commissioned by aerospace company SpaceX to allow for recovery of rocket first-stages at sea for high-velocity missions which do not carry enough fuel to return to the launch site after lofting spacecraft onto an orbital trajectory.'}",,normal,"{'id': 792, 'type': 'Core', 'reused': True, 'launcher_flight_number': 27, 'launcher': {'response_mode': 'normal', 'id': 105, 'url': 'https://lldev.thespacedevs.com/2.3.0/launchers/105/', 'flight_proven': True, 'serial_number': 'B1069', 'is_placeholder': False, 'status': {'id': 2, 'name': 'expended'}, 'image': {'id': 2462, 'name': 'B1069 at LZ-1 after OneWeb L15 launch', 'image_url': 'https://thespacedevs-dev.nyc3.digitaloceanspaces.com/media/images/b1069_at_lz-1_a_image_20250912153047.jpeg', 'thumbnail_url': 'https://thespacedevs-dev.nyc3.digitaloceanspaces.com/media/images/b1069_at_lz-1_a_image_thumbnail_20250912153047.jpeg', 'credit': 'SpaceX', 'license': {'id': 1, 'name': 'Unknown', 'priority': 9, 'link': None}, 'single_use': False, 'variants': []}, 'details': 'Falcon 9 Block 5 booster first used for the CRS-24 mission. Expended during the launch of the MRV-MEP mission.', 'successful_landings': 31, 'attempted_landings': 31, 'flights': 32, 'last_launch_date': '2026-07-21T21:15:00Z', 'first_launch_date': '2021-12-21T10:07:08Z', 'fastest_turnaround': 'P25DT18H20M50S'}, 'previous_flight_date': '2025-07-30T03:37:50Z', 'turn_around_time': 'P37DT8H54M40S', 'previous_flight': None}",,
93,1686,https://lldev.thespacedevs.com/2.3.0/landings/1686/,True,True,The Falcon 9 first stage B1075 landed on ASDS OCISLY after its 20th flight.,574.0,"{'id': 1, 'name': 'Of Course I Still Love You', 'active': True, 'abbrev': 'OCISLY', 'description': 'The second ASDS barge, Of Course I Still Love You (OCISLY) services launches in the Pacific Ocean and was the site of the first landing of a SpaceX Falcon 9 first stage during CRS-8, the launch of a Dragon spacecraft to the International Space Station.', 'location': None, 'longitude': None, 'latitude': None, 'image': {'id': 1969, 'name': 'OCISLY empty', 'image_url': 'https://thespacedevs-dev.nyc3.digitaloceanspaces.com/media/images/ocisly_empty_image_20240310164323.png', 'thumbnail_url': 'https://thespacedevs-dev.nyc3.digitaloceanspaces.com/media/images/ocisly_empty_image_thumbnail_20240310164323.png', 'credit': 'SpaceX', 'license': {'id': 5, 'name': 'CC BY-NC 2.0', 'priority': 1, 'link': 'https://creativecommons.org/licenses/by-nc/2.0/'}, 'single_use': True, 'variants': []}, 'successful_landings': 217, 'attempted_landings': 225, 'failed_landings': 8, 'celestial_body': {'response_mode': 'normal', 'id': 1, 'name': 'Earth', 'type': {'id': 1, 'name': 'Planet'}, 'diameter': 12742000.0, 'mass': 5.972168e+24, 'gravity': 9.80655, 'length_of_day': '1 00:00:00', 'atmosphere': True, 'image': {'id': 2040, 'name': 'Earth (Apollo 17)', 'image_url': 'https://thespacedevs-dev.nyc3.digitaloceanspaces.com/media/images/earth_2528apol_image_20240402194304.jpeg', 'thumbnail_url': 'https://thespacedevs-dev.nyc3.digitaloceanspaces.com/media/images/earth_2528apol_image_thumbnail_20240402194305.jpeg', 'credit': 'NASA', 'license': {'id': 4, 'name': 'NASA Image and Media Guidelines', 'priority': 0, 'link': 'https://www.nasa.gov/nasa-brand-center/images-and-media/'}, 'single_use': True, 'variants': []}, 'description': 'Earth is the third planet from the Sun and the only astronomical object known to harbor life.', 'wiki_url': 'https://en.wikipedia.org/wiki/Earth'}}","{'id': 1, 'name': 'Autonomous Spaceport Drone Ship', 'abbrev': 'ASDS', 'description': 'An autonomous spaceport drone ship (ASDS) is an ocean-going vessel derived from a deck barge, outfitted with station-keeping engines and a large landing platform. Construction of such ships was commissioned by aerospace company SpaceX to allow for recovery of rocket first-stages at sea for high-velocity missions which do not carry enough fuel to return to the launch site after lofting spacecraft onto an orbital trajectory.'}",,normal,"{'id': 793, 'type': 'Core', 'reused': True, 'launcher_flight_number': 20, 'launcher': {'response_mode': 'normal', 'id': 114, 'url': 'https://lldev.thespacedevs.com/2.3.0/launchers/114/', 'flight_proven': True, 'serial_number': 'B1075', 'is_placeholder': False, 'status': {'id': 3, 'name': 'active'}, 'image': {'id': 2460, 'name': 'B1075 landing on LZ-4 during Transporter-11 launch', 'image_url': 'https://thespacedevs-dev.nyc3.digitaloceanspaces.com/media/images/b1075_landing_o_image_20250912152358.jpeg', 'thumbnail_url': 'https://thespacedevs-dev.nyc3.digitaloceanspaces.com/media/images/b1075_landing_o_image_thumbnail_20250912152358.jpeg', 'credit': 'SpaceX', 'license': {'id': 1, 'name': 'Unknown', 'priority': 9, 'link': None}, 'single_use': False, 'variants': []}, 'details': 'Falcon 9 Block 5 booster first used for the Starlink Group 2-4 mission. Converted to a Falcon Heavy booster in 2026 after 21 launches.', 'successful_landings': 22, 'attempted_landings': 22, 'flights': 22, 'last_launch_date': '2026-04-29T14:13:00Z', 'first_launch_date': '2023-01-19T15:43:10Z', 'fastest_turnaround': 'P24DT17H18M30S'}, 'previous_flight_date': '2025-07-27T04:31:09Z', 'turn_around_time': 'P41DT13H35M30S', 'previous_flight': None}",,
94,1687,https://lldev.thespacedevs.com/2.3.0/landings/1687/,True,True,The Falcon 9 first stage B1094 has landed back at the launch site at Landing Zone 2 (LZ-2) after its 4th flight.,14.6,"{'id': 5, 'name': 'Landing Zone 2', 'active': True, 'abbrev': 'LZ-2', 'description': 'LZ-2 Pad located at Cape Canaveral Space Force Station at the previous LC-13. Directly next to LZ-1', 'location': {'response_mode': 'normal', 'id': 12, 'url': 'https://lldev.thespacedevs.com/2.3.0/locations/12/', 'name': 'Cape Canaveral SFS, FL, USA', 'active': True, 'country': {'id': 2, 'name': 'United States of America', 'alpha_2_code': 'US', 'alpha_3_code': 'USA', 'nationality_name': 'American', 'nationality_name_composed': 'Americano'}, 'description': ""Cape Canaveral Space Force Station (CCSFS) is an installation of the United States Space Force's Space Launch Delta 45, located on Cape Canaveral in Brevard County, Florida."", 'image': {'id': 2200, 'name': 'Cape Canaveral & KSC seen from orbit (STS-43)', 'image_url': 'https://thespacedevs-dev.nyc3.digitaloceanspaces.com/media/images/cape_canaveral__image_20240918151615.jpg', 'thumbnail_url': 'https://thespacedevs-dev.nyc3.digitaloceanspaces.com/media/images/cape_canaveral__image_thumbnail_20240918151616.jpeg', 'credit': 'NASA', 'license': {'id': 4, 'name': 'NASA Image and Media Guidelines', 'priority': 0, 'link': 'https://www.nasa.gov/nasa-brand-center/images-and-media/'}, 'single_use': True, 'variants': []}, 'map_image': 'https://thespacedevs-dev.nyc3.digitaloceanspaces.com/media/map_images/location_12_20200803142519.jpg', 'longitude': -80.577778, 'latitude': 28.488889, 'timezone_name': 'America/New_York', 'total_launch_count': 1124, 'total_landing_count': 76}, 'longitude': -80.544964, 'latitude': 28.48775, 'image': {'id': 1976, 'name': 'LZ-2', 'image_url': 'https://thespacedevs-dev.nyc3.digitaloceanspaces.com/media/images/lz-2_image_20240310172018.png', 'thumbnail_url': 'https://thespacedevs-dev.nyc3.digitaloceanspaces.com/media/images/lz-2_image_thumbnail_20240310172019.png', 'credit': 'SpaceX', 'license': {'id': 5, 'name': 'CC BY-NC 2.0', 'priority': 1, 'link': 'https://creativecommons.org/licenses/by-nc/2.0/'}, 'single_use': True, 'variants': []}, 'successful_landings': 18, 'attempted_landings': 18, 'failed_landings': 0, 'celestial_body': {'response_mode': 'normal', 'id': 1, 'name': 'Earth', 'type': {'id': 1, 'name': 'Planet'}, 'diameter': 12742000.0, 'mass': 5.972168e+24, 'gravity': 9.80655, 'length_of_day': '1 00:00:00', 'atmosphere': True, 'image': {'id': 2040, 'name': 'Earth (Apollo 17)', 'image_url': 'https://thespacedevs-dev.nyc3.digitaloceanspaces.com/media/images/earth_2528apol_image_20240402194304.jpeg', 'thumbnail_url': 'https://thespacedevs-dev.nyc3.digitaloceanspaces.com/media/images/earth_2528apol_image_thumbnail_20240402194305.jpeg', 'credit': 'NASA', 'license': {'id': 4, 'name': 'NASA Image and Media Guidelines', 'priority': 0, 'link': 'https://www.nasa.gov/nasa-brand-center/images-and-media/'}, 'single_use': True, 'variants': []}, 'description': 'Earth is the third planet from the Sun and the only astronomical object known to harbor life.', 'wiki_url': 'https://en.wikipedia.org/wiki/Earth'}}","{'id': 2, 'name': 'Return to Launch Site', 'abbrev': 'RTLS', 'description': 'A return to launch site usually means that after stage separation the booster flips and does a burn back towards the launch site, landing near where it initially launched from.'}",,normal,"{'id': 730, 'type': 'Core', 'reused': True, 'launcher_flight_number': 4, 'launcher': {'response_mode': 'normal', 'id': 194, 'url': 'https://lldev.thespacedevs.com/2.3.0/launchers/194/', 'flight_proven': True, 'serial_number': 'B1094', 'is_placeholder': False, 'status': {'id': 3, 'name': 'active'}, 'image': {'id': 2456, 'name': 'B1094 landing on LZ-1 during Crew-11 launch', 'image_url': 'https://thespacedevs-dev.nyc3.digitaloceanspaces.com/media/images/b1094_landing_o_image_20250912150803.jpeg', 'thumbnail_url': 'https://thespacedevs-dev.nyc3.digitaloceanspaces.com/media/images/b1094_landing_o_image_thumbnail_20250912150803.jpeg', 'credit': 'SpaceX', 'license': {'id': 1, 'name': 'Unknown', 'priority': 9, 'link': None}, 'single_use': False, 'variants': []}, 'details': 'Falcon 9 booster debuting on Starlink Group 12-10.', 'successful_landings': 7, 'attempted_landings': 7, 'flights': 7, 'last_launch_date': '2026-04-11T11:41:21Z', 'first_launch_date': '2025-04-29T02:34:10Z', 'fastest_turnaround': 'P37DT9H11M50S'}, 'previous_flight_date': '2025-08-01T15:43:42Z', 'turn_around_time': 'P44DT6H28M6S', 'previous_flight': None}",,
95,1688,https://lldev.thespacedevs.com/2.3.0/landings/1688/,True,True,The Falcon 9 first stage B1078 has landed on ASDS ASOG after its 23rd flight.,650.0,"{'id': 17, 'name': 'A Shortfall of Gravitas', 'active': True, 'abbrev': 'ASOG', 'description': 'The fourth ASDS barge, A Shortfall of Gravitas (ASOG) is currently used to recover Falcon 9 and Heavy boosters in the Altantic Ocean.', 'location': None, 'longitude': None, 'latitude': None, 'image': {'id': 1971, 'name': 'ASOG with booster', 'image_url': 'https://thespacedevs-dev.nyc3.digitaloceanspaces.com/media/images/asog_with_boost_image_20240310164859.jpeg', 'thumbnail_url': 'https://thespacedevs-dev.nyc3.digitaloceanspaces.com/media/images/asog_with_boost_image_thumbnail_20240310164859.jpeg', 'credit': 'SpaceX', 'license': {'id': 5, 'name': 'CC BY-NC 2.0', 'priority': 1, 'link': 'https://creativecommons.org/licenses/by-nc/2.0/'}, 'single_use': True, 'variants': []}, 'successful_landings': 163, 'attempted_landings': 164, 'failed_landings': 1, 'celestial_body': {'response_mode': 'normal', 'id': 1, 'name': 'Earth', 'type': {'id': 1, 'name': 'Planet'}, 'diameter': 12742000.0, 'mass': 5.972168e+24, 'gravity': 9.80655, 'length_of_day': '1 00:00:00', 'atmosphere': True, 'image': {'id': 2040, 'name': 'Earth (Apollo 17)', 'image_url': 'https://thespacedevs-dev.nyc3.digitaloceanspaces.com/media/images/earth_2528apol_image_20240402194304.jpeg', 'thumbnail_url': 'https://thespacedevs-dev.nyc3.digitaloceanspaces.com/media/images/earth_2528apol_image_thumbnail_20240402194305.jpeg', 'credit': 'NASA', 'license': {'id': 4, 'name': 'NASA Image and Media Guidelines', 'priority': 0, 'link': 'https://www.nasa.gov/nasa-brand-center/images-and-media/'}, 'single_use': True, 'variants': []}, 'description': 'Earth is the third planet from the Sun and the only astronomical object known to harbor life.', 'wiki_url': 'https://en.wikipedia.org/wiki/Earth'}}","{'id': 1, 'name': 'Autonomous Spaceport Drone Ship', 'abbrev': 'ASDS', 'description': 'An autonomous spaceport drone ship (ASDS) is an ocean-going vessel derived from a deck barge, outfitted with station-keeping engines and a large landing platform. Construction of such ships was commissioned by aerospace company SpaceX to allow for recovery of rocket first-stages at sea for high-velocity missions which do not carry enough fuel to return to the launch site after lofting spacecraft onto an orbital trajectory.'}",,normal,"{'id': 393, 'type': 'Core', 'reused': True, 'launcher_flight_number': 23, 'launcher': {'response_mode': 'normal', 'id': 120, 'url': 'https://lldev.thespacedevs.com/2.3.0/launchers/120/', 'flight_proven': True, 'serial_number': 'B1078', 'is_placeholder': False, 'status': {'id': 3, 'name': 'active'}, 'image': {'id': 2458, 'name': 'B1078 landing on LZ-2 during USSF-124 launch', 'image_url': 'https://thespacedevs-dev.nyc3.digitaloceanspaces.com/media/images/b1078_landing_o_image_20250912151734.jpeg', 'thumbnail_url': 'https://thespacedevs-dev.nyc3.digitaloceanspaces.com/media/images/b1078_landing_o_image_thumbnail_20250912151734.jpeg', 'credit': 'SpaceX', 'license': {'id': 1, 'name': 'Unknown', 'priority': 9, 'link': None}, 'single_use': False, 'variants': []}, 'details': 'Falcon 9 Block 5 booster first used for the Crew-6 mission.', 'successful_landings': 29, 'attempted_landings': 29, 'flights': 29, 'last_launch_date': '2026-06-23T10:53:00Z', 'first_launch_date': '2023-03-02T05:34:14Z', 'fastest_turnaround': 'P20DT11H50M20S'}, 'previous_flight_date': '2025-07-26T09:01:40Z', 'turn_around_time': 'P47DT16H54M20S', 'previous_flight': None}",,
96,1689,https://lldev.thespacedevs.com/2.3.0/landings/1689/,True,True,The Falcon 9 first stage B1093 has landed on ASDS OCISLY after its 6th flight.,650.0,"{'id': 1, 'name': 'Of Course I Still Love You', 'active': True, 'abbrev': 'OCISLY', 'description': 'The second ASDS barge, Of Course I Still Love You (OCISLY) services launches in the Pacific Ocean and was the site of the first landing of a SpaceX Falcon 9 first stage during CRS-8, the launch of a Dragon spacecraft to the International Space Station.', 'location': None, 'longitude': None, 'latitude': None, 'image': {'id': 1969, 'name': 'OCISLY empty', 'image_url': 'https://thespacedevs-dev.nyc3.digitaloceanspaces.com/media/images/ocisly_empty_image_20240310164323.png', 'thumbnail_url': 'https://thespacedevs-dev.nyc3.digitaloceanspaces.com/media/images/ocisly_empty_image_thumbnail_20240310164323.png', 'credit': 'SpaceX', 'license': {'id': 5, 'name': 'CC BY-NC 2.0', 'priority': 1, 'link': 'https://creativecommons.org/licenses/by-nc/2.0/'}, 'single_use': True, 'variants': []}, 'successful_landings': 217, 'attempted_landings': 225, 'failed_landings': 8, 'celestial_body': {'response_mode': 'normal', 'id': 1, 'name': 'Earth', 'type': {'id': 1, 'name': 'Planet'}, 'diameter': 12742000.0, 'mass': 5.972168e+24, 'gravity': 9.80655, 'length_of_day': '1 00:00:00', 'atmosphere': True, 'image': {'id': 2040, 'name': 'Earth (Apollo 17)', 'image_url': 'https://thespacedevs-dev.nyc3.digitaloceanspaces.com/media/images/earth_2528apol_image_20240402194304.jpeg', 'thumbnail_url': 'https://thespacedevs-dev.nyc3.digitaloceanspaces.com/media/images/earth_2528apol_image_thumbnail_20240402194305.jpeg', 'credit': 'NASA', 'license': {'id': 4, 'name': 'NASA Image and Media Guidelines', 'priority': 0, 'link': 'https://www.nasa.gov/nasa-brand-center/images-and-media/'}, 'single_use': True, 'variants': []}, 'description': 'Earth is the third planet from the Sun and the only astronomical object known to harbor life.', 'wiki_url': 'https://en.wikipedia.org/wiki/Earth'}}","{'id': 1, 'name': 'Autonomous Spaceport Drone Ship', 'abbrev': 'ASDS', 'description': 'An autonomous spaceport drone ship (ASDS) is an ocean-going vessel derived from a deck barge, outfitted with station-keeping engines and a large landing platform. Construction of such ships was commissioned by aerospace company SpaceX to allow for recovery of rocket first-stages at sea for high-velocity missions which do not carry enough fuel to return to the launch site after lofting spacecraft onto an orbital trajectory.'}",,normal,"{'id': 773, 'type': 'Core', 'reused': True, 'launcher_flight_number': 6, 'launcher': {'response_mode': 'normal', 'id': 193, 'url': 'https://lldev.thespacedevs.com/2.3.0/launchers/193/', 'flight_proven': True, 'serial_number': 'B1093', 'is_placeholder': False, 'status': {'id': 3, 'name': 'active'}, 'image': {'id': 2455, 'name': 'Falcon 9 on SLC-4E (SDA-T1TL-B)', 'image_url': 'https://thespacedevs-dev.nyc3.digitaloceanspaces.com/media/images/falcon_9_on_slc_image_20250910140450.jpeg', 'thumbnail_url': 'https://thespacedevs-dev.nyc3.digitaloceanspaces.com/media/images/falcon_9_on_slc_image_thumbnail_20250910140451.jpeg', 'credit': 'SpaceX', 'license': {'id': 1, 'name': 'Unknown', 'priority': 9, 'link': None}, 'single_use': True, 'variants': []}, 'details': 'Falcon 9 booster debuting on Starlink Group 11-11.', 'successful_landings': 16, 'attempted_landings': 16, 'flights': 16, 'last_launch_date': '2026-08-08T16:35:02Z', 'first_launch_date': '2025-04-07T23:06:10Z', 'fastest_turnaround': 'P21DT22H7M44S'}, 'previous_flight_date': '2025-08-14T05:05:37Z', 'turn_around_time': 'P27DT9H6M34S', 'previous_flight': {'id': '258dd7cc-3e26-45bd-ac48-b58f8a501fb3', 'url': 'https://lldev.thespacedevs.com/2.3.0/launches/258dd7cc-3e26-45bd-ac48-b58f8a501fb3/', 'name': 'Falcon 9 Block 5 | Starlink Group 17-4'}}",,
97,1690,https://lldev.thespacedevs.com/2.3.0/landings/1690/,True,True,The Falcon 9 first stage B1071 landed on ASDS OCISLY after its 28th flight.,574.0,"{'id': 1, 'name': 'Of Course I Still Love You', 'active': True, 'abbrev': 'OCISLY', 'description': 'The second ASDS barge, Of Course I Still Love You (OCISLY) services launches in the Pacific Ocean and was the site of the first landing of a SpaceX Falcon 9 first stage during CRS-8, the launch of a Dragon spacecraft to the International Space Station.', 'location': None, 'longitude': None, 'latitude': None, 'image': {'id': 1969, 'name': 'OCISLY empty', 'image_url': 'https://thespacedevs-dev.nyc3.digitaloceanspaces.com/media/images/ocisly_empty_image_20240310164323.png', 'thumbnail_url': 'https://thespacedevs-dev.nyc3.digitaloceanspaces.com/media/images/ocisly_empty_image_thumbnail_20240310164323.png', 'credit': 'SpaceX', 'license': {'id': 5, 'name': 'CC BY-NC 2.0', 'priority': 1, 'link': 'https://creativecommons.org/licenses/by-nc/2.0/'}, 'single_use': True, 'variants': []}, 'successful_landings': 217, 'attempted_landings': 225, 'failed_landings': 8, 'celestial_body': {'response_mode': 'normal', 'id': 1, 'name': 'Earth', 'type': {'id': 1, 'name': 'Planet'}, 'diameter': 12742000.0, 'mass': 5.972168e+24, 'gravity': 9.80655, 'length_of_day': '1 00:00:00', 'atmosphere': True, 'image': {'id': 2040, 'name': 'Earth (Apollo 17)', 'image_url': 'https://thespacedevs-dev.nyc3.digitaloceanspaces.com/media/images/earth_2528apol_image_20240402194304.jpeg', 'thumbnail_url': 'https://thespacedevs-dev.nyc3.digitaloceanspaces.com/media/images/earth_2528apol_image_thumbnail_20240402194305.jpeg', 'credit': 'NASA', 'license': {'id': 4, 'name': 'NASA Image and Media Guidelines', 'priority': 0, 'link': 'https://www.nasa.gov/nasa-brand-center/images-and-media/'}, 'single_use': True, 'variants': []}, 'description': 'Earth is the third planet from the Sun and the only astronomical object known to harbor life.', 'wiki_url': 'https://en.wikipedia.org/wiki/Earth'}}","{'id': 1, 'name': 'Autonomous Spaceport Drone Ship', 'abbrev': 'ASDS', 'description': 'An autonomous spaceport drone ship (ASDS) is an ocean-going vessel derived from a deck barge, outfitted with station-keeping engines and a large landing platform. Construction of such ships was commissioned by aerospace company SpaceX to allow for recovery of rocket first-stages at sea for high-velocity missions which do not carry enough fuel to return to the launch site after lofting spacecraft onto an orbital trajectory.'}",,normal,"{'id': 795, 'type': 'Core', 'reused': True, 'launcher_flight_number': 28, 'launcher': {'response_mode': 'normal', 'id': 107, 'url': 'https://lldev.thespacedevs.com/2.3.0/launchers/107/', 'flight_proven': True, 'serial_number': 'B1071', 'is_placeholder': False, 'status': {'id': 3, 'name': 'active'}, 'image': {'id': 2463, 'name': 'B1071 landing on LZ-4 during NROL-87 launch', 'image_url': 'https://thespacedevs-dev.nyc3.digitaloceanspaces.com/media/images/b1071_landing_o_image_20250912153658.jpeg', 'thumbnail_url': 'https://thespacedevs-dev.nyc3.digitaloceanspaces.com/media/images/b1071_landing_o_image_thumbnail_20250912153658.jpeg', 'credit': 'SpaceX', 'license': {'id': 1, 'name': 'Unknown', 'priority': 9, 'link': None}, 'single_use': False, 'variants': []}, 'details': 'Falcon 9 Block 5 booster first used for the NROL-87 mission.', 'successful_landings': 35, 'attempted_landings': 35, 'flights': 35, 'last_launch_date': '2026-07-11T03:01:57Z', 'first_launch_date': '2022-02-02T20:27:26Z', 'fastest_turnaround': 'P19DT16H19M25S'}, 'previous_flight_date': '2025-07-31T18:35:09Z', 'turn_around_time': 'P43DT23H20M40S', 'previous_flight': None}",,
98,1691,https://lldev.thespacedevs.com/2.3.0/landings/1691/,True,True,The Falcon 9 first stage B1088 has landed on ASDS OCISLY after its 10th flight.,574.0,"{'id': 1, 'name': 'Of Course I Still Love You', 'active': True, 'abbrev': 'OCISLY', 'description': 'The second ASDS barge, Of Course I Still Love You (OCISLY) services launches in the Pacific Ocean and was the site of the first landing of a SpaceX Falcon 9 first stage during CRS-8, the launch of a Dragon spacecraft to the International Space Station.', 'location': None, 'longitude': None, 'latitude': None, 'image': {'id': 1969, 'name': 'OCISLY empty', 'image_url': 'https://thespacedevs-dev.nyc3.digitaloceanspaces.com/media/images/ocisly_empty_image_20240310164323.png', 'thumbnail_url': 'https://thespacedevs-dev.nyc3.digitaloceanspaces.com/media/images/ocisly_empty_image_thumbnail_20240310164323.png', 'credit': 'SpaceX', 'license': {'id': 5, 'name': 'CC BY-NC 2.0', 'priority': 1, 'link': 'https://creativecommons.org/licenses/by-nc/2.0/'}, 'single_use': True, 'variants': []}, 'successful_landings': 217, 'attempted_landings': 225, 'failed_landings': 8, 'celestial_body': {'response_mode': 'normal', 'id': 1, 'name': 'Earth', 'type': {'id': 1, 'name': 'Planet'}, 'diameter': 12742000.0, 'mass': 5.972168e+24, 'gravity': 9.80655, 'length_of_day': '1 00:00:00', 'atmosphere': True, 'image': {'id': 2040, 'name': 'Earth (Apollo 17)', 'image_url': 'https://thespacedevs-dev.nyc3.digitaloceanspaces.com/media/images/earth_2528apol_image_20240402194304.jpeg', 'thumbnail_url': 'https://thespacedevs-dev.nyc3.digitaloceanspaces.com/media/images/earth_2528apol_image_thumbnail_20240402194305.jpeg', 'credit': 'NASA', 'license': {'id': 4, 'name': 'NASA Image and Media Guidelines', 'priority': 0, 'link': 'https://www.nasa.gov/nasa-brand-center/images-and-media/'}, 'single_use': True, 'variants': []}, 'description': 'Earth is the third planet from the Sun and the only astronomical object known to harbor life.', 'wiki_url': 'https://en.wikipedia.org/wiki/Earth'}}","{'id': 1, 'name': 'Autonomous Spaceport Drone Ship', 'abbrev': 'ASDS', 'description': 'An autonomous spaceport drone ship (ASDS) is an ocean-going vessel derived from a deck barge, outfitted with station-keeping engines and a large landing platform. Construction of such ships was commissioned by aerospace company SpaceX to allow for recovery of rocket first-stages at sea for high-velocity missions which do not carry enough fuel to return to the launch site after lofting spacecraft onto an orbital trajectory.'}",,normal,"{'id': 796, 'type': 'Core', 'reused': True, 'launcher_flight_number': 10, 'launcher': {'response_mode': 'normal', 'id': 153, 'url': 'https://lldev.thespacedevs.com/2.3.0/launchers/153/', 'flight_proven': True, 'serial_number': 'B1088', 'is_placeholder': False, 'status': {'id': 3, 'name': 'active'}, 'image': {'id': 2457, 'name': 'B1088 landing on LZ-4 during Transporter-12 launch', 'image_url': 'https://thespacedevs-dev.nyc3.digitaloceanspaces.com/media/images/b1088_landing_o_image_20250912151209.jpeg', 'thumbnail_url': 'https://thespacedevs-dev.nyc3.digitaloceanspaces.com/media/images/b1088_landing_o_image_thumbnail_20250912151209.jpeg', 'credit': 'SpaceX', 'license': {'id': 1, 'name': 'Unknown', 'priority': 9, 'link': None}, 'single_use': False, 'variants': []}, 'details': 'Falcon 9 booster.', 'successful_landings': 17, 'attempted_landings': 17, 'flights': 17, 'last_launch_date': '2026-06-28T16:09:18Z', 'first_launch_date': '2024-11-30T08:10:00Z', 'fastest_turnaround': 'P9DT3H38M48S'}, 'previous_flight_date': '2025-08-18T16:26:49Z', 'turn_around_time': 'P32DT4M50S', 'previous_flight': {'id': 'd66bb4a0-cb32-45d8-81ba-d86e43dd3eb2', 'url': 'https://lldev.thespacedevs.com/2.3.0/launches/d66bb4a0-cb32-45d8-81ba-d86e43dd3eb2/', 'name': 'Falcon 9 Block 5 | Starlink Group 17-5'}}",,
99,1692,https://lldev.thespacedevs.com/2.3.0/landings/1692/,True,True,The Super Heavy Booster 15-2 has made a planned splashdown near the launch site.,,"{'id': 16, 'name': 'Gulf of Mexico', 'active': True, 'abbrev': 'GOM', 'description': 'Gulf of Mexico', 'location': None, 'longitude': None, 'latitude': None, 'image': {'id': 2234, 'name': 'Gulf of Mexico imaged by Aqua', 'image_url': 'https://thespacedevs-dev.nyc3.digitaloceanspaces.com/media/images/gulf_of_mexico__image_20240920091356.jpg', 'thumbnail_url': 'https://thespacedevs-dev.nyc3.digitaloceanspaces.com/media/images/gulf_of_mexico__image_thumbnail_20240920091357.jpeg', 'credit': 'NASA', 'license': {'id': 4, 'name': 'NASA Image and Media Guidelines', 'priority': 0, 'link': 'https://www.nasa.gov/nasa-brand-center/images-and-media/'}, 'single_use': True, 'variants': []}, 'successful_landings': 18, 'attempted_landings': 23, 'failed_landings': 5, 'celestial_body': {'response_mode': 'normal', 'id': 1, 'name': 'Earth', 'type': {'id': 1, 'name': 'Planet'}, 'diameter': 12742000.0, 'mass': 5.972168e+24, 'gravity': 9.80655, 'length_of_day': '1 00:00:00', 'atmosphere': True, 'image': {'id': 2040, 'name': 'Earth (Apollo 17)', 'image_url': 'https://thespacedevs-dev.nyc3.digitaloceanspaces.com/media/images/earth_2528apol_image_20240402194304.jpeg', 'thumbnail_url': 'https://thespacedevs-dev.nyc3.digitaloceanspaces.com/media/images/earth_2528apol_image_thumbnail_20240402194305.jpeg', 'credit': 'NASA', 'license': {'id': 4, 'name': 'NASA Image and Media Guidelines', 'priority': 0, 'link': 'https://www.nasa.gov/nasa-brand-center/images-and-media/'}, 'single_use': True, 'variants': []}, 'description': 'Earth is the third planet from the Sun and the only astronomical object known to harbor life.', 'wiki_url': 'https://en.wikipedia.org/wiki/Earth'}}","{'id': 3, 'name': 'Ocean', 'abbrev': 'Ocean', 'description': 'No recovery attempt'}",,normal,"{'id': 794, 'type': 'Core', 'reused': True, 'launcher_flight_number': 2, 'launcher': {'response_mode': 'normal', 'id': 191, 'url': 'https://lldev.thespacedevs.com/2.3.0/launchers/191/', 'flight_proven': True, 'serial_number': 'Booster 15', 'is_placeholder': False, 'status': {'id': 4, 'name': 'lost'}, 'image': {'id': 2332, 'name': 'Starship Booster 15 static fire', 'image_url': 'https://thespacedevs-dev.nyc3.digitaloceanspaces.com/media/images/starship_booste_image_20250221071521.jpg', 'thumbnail_url': 'https://thespacedevs-dev.nyc3.digitaloceanspaces.com/media/images/starship_booste_image_thumbnail_20250221071522.jpeg', 'credit': 'SpaceX', 'license': {'id': 1, 'name': 'Unknown', 'priority': 9, 'link': None}, 'single_use': True, 'variants': []}, 'details': 'Super Heavy booster used for the 8th Starship flight test. Successfully caught by the launch tower. Reused on the 11th Starship flight test and completed a planned high speed water splashdown.', 'successful_landings': 2, 'attempted_landings': 2, 'flights': 2, 'last_launch_date': '2025-10-13T23:23:41Z', 'first_launch_date': '2025-03-06T23:30:00Z', 'fastest_turnaround': 'P220DT23H53M41S'}, 'previous_flight_date': '2025-03-06T23:30:00Z', 'turn_around_time': 'P220DT23H53M41S', 'previous_flight': None}",,
100,1693,https://lldev.thespacedevs.com/2.3.0/landings/1693/,True,True,Starship Ship 38 has made a controlled re-entry and splashdown in the Indian Ocean.,,"{'id': 32, 'name': 'Indian Ocean', 'active': True, 'abbrev': 'IND', 'description': 'Indian Ocean', 'location': None, 'longitude': None, 'latitude': None, 'image': {'id': 2235, 'name': 'Sun glint on the Indian Ocean', 'image_url': 'https://thespacedevs-dev.nyc3.digitaloceanspaces.com/media/images/sun_glint_on_th_image_20240920091449.jpg', 'thumbnail_url': 'https://thespacedevs-dev.nyc3.digitaloceanspaces.com/media/images/sun_glint_on_th_image_thumbnail_20240920091449.jpeg', 'credit': 'NASA', 'license': {'id': 4, 'name': 'NASA Image and Media Guidelines', 'priority': 0, 'link': 'https://www.nasa.gov/nasa-brand-center/images-and-media/'}, 'single_use': True, 'variants': []}, 'successful_landings': 10, 'attempted_landings': 13, 'failed_landings': 3, 'celestial_body': {'response_mode': 'normal', 'id': 1, 'name': 'Earth', 'type': {'id': 1, 'name': 'Planet'}, 'diameter': 12742000.0, 'mass': 5.972168e+24, 'gravity': 9.80655, 'length_of_day': '1 00:00:00', 'atmosphere': True, 'image': {'id': 2040, 'name': 'Earth (Apollo 17)', 'image_url': 'https://thespacedevs-dev.nyc3.digitaloceanspaces.com/media/images/earth_2528apol_image_20240402194304.jpeg', 'thumbnail_url': 'https://thespacedevs-dev.nyc3.digitaloceanspaces.com/media/images/earth_2528apol_image_thumbnail_20240402194305.jpeg', 'credit': 'NASA', 'license': {'id': 4, 'name': 'NASA Image and Media Guidelines', 'priority': 0, 'link': 'https://www.nasa.gov/nasa-brand-center/images-and-media/'}, 'single_use': True, 'variants': []}, 'description': 'Earth is the third planet from the Sun and the only astronomical object known to harbor life.', 'wiki_url': 'https://en.wikipedia.org/wiki/Earth'}}","{'id': 3, 'name': 'Ocean', 'abbrev': 'Ocean', 'description': 'No recovery attempt'}",,normal,,"{'id': 894, 'url': 'https://lldev.thespacedevs.com/2.3.0/spacecraft_flights/894/', 'destination': 'Suborbital', 'mission_end': '2025-10-14T00:29:53Z', 'spacecraft': {'response_mode': 'normal', 'id': 620, 'url': 'https://lldev.thespacedevs.com/2.3.0/spacecraft/620/', 'name': 'Ship 38', 'serial_number': 'S38', 'is_placeholder': False, 'image': {'id': 2438, 'name': 'Starship during stacking operations (Flight 10)', 'image_url': 'https://thespacedevs-dev.nyc3.digitaloceanspaces.com/media/images/starship_during_image_20250824175325.jpg', 'thumbnail_url': 'https://thespacedevs-dev.nyc3.digitaloceanspaces.com/media/images/starship_during_image_thumbnail_20250824175326.jpeg', 'credit': 'SpaceX', 'license': {'id': 1, 'name': 'Unknown', 'priority': 9, 'link': None}, 'single_use': True, 'variants': []}, 'in_space': False, 'time_in_space': 'PT1H6M12S', 'time_docked': 'P0D', 'flights_count': 1, 'mission_ends_count': 1, 'status': {'id': 3, 'name': 'Destroyed'}, 'description': 'Ship 38 (S38) is the 2nd stage vehicle that was used for the 11th Starship flight test. It was the 6th and final ""Block 2"" Starship spacecraft with lengthened propellant tanks and forward flaps with a new design, among other enhancements, over the Block 1 vehicles.', 'spacecraft_config': {'response_mode': 'normal', 'id': 45, 'url': 'https://lldev.thespacedevs.com/2.3.0/spacecraft_configurations/45/', 'name': 'Starship V2', 'type': {'id': 6, 'name': 'Reuseable Upper Stage'}, 'agency': {'response_mode': 'list', 'id': 121, 'url': 'https://lldev.thespacedevs.com/2.3.0/agencies/121/', 'name': 'SpaceX', 'abbrev': 'SpX', 'type': {'id': 3, 'name': 'Commercial'}}, 'family': [{'response_mode': 'normal', 'id': 8, 'name': 'Starship', 'description': 'SpaceX Starship upper stages family', 'manufacturer': {'response_mode': 'list', 'id': 121, 'url': 'https://lldev.thespacedevs.com/2.3.0/agencies/121/', 'name': 'SpaceX', 'abbrev': 'SpX', 'type': {'id': 3, 'name': 'Commercial'}}, 'parent': None, 'maiden_flight': '2023-04-20'}], 'in_use': False, 'image': {'id': 2438, 'name': 'Starship during stacking operations (Flight 10)', 'image_url': 'https://thespacedevs-dev.nyc3.digitaloceanspaces.com/media/images/starship_during_image_20250824175325.jpg', 'thumbnail_url': 'https://thespacedevs-dev.nyc3.digitaloceanspaces.com/media/images/starship_during_image_thumbnail_20250824175326.jpeg', 'credit': 'SpaceX', 'license': {'id': 1, 'name': 'Unknown', 'priority': 9, 'link': None}, 'single_use': True, 'variants': []}}, 'fastest_turnaround': None}, 'launch': {'id': '41068e09-4097-448f-ac7c-421c19b6aab9', 'url': 'https://lldev.thespacedevs.com/2.3.0/launches/41068e09-4097-448f-ac7c-421c19b6aab9/', 'name': 'Starship | Flight 11', 'response_mode': 'normal', 'slug': 'starship-flight-11', 'launch_designator': None, 'status': {'id': 3, 'name': 'Launch Successful', 'abbrev': 'Success', 'description': 'The launch vehicle successfully inserted its payload(s) into the target orbit(s).'}, 'last_updated': '2025-10-14T07:00:29Z', 'net': '2025-10-13T23:23:41Z', 'net_precision': {'id': 0, 'name': 'Second', 'abbrev': 'SEC', 'description': 'The T-0 is accurate to the second.'}, 'window_end': '2025-10-14T00:30:00Z', 'window_start': '2025-10-13T23:15:00Z', 'image': {'id': 2301, 'name': 'Starship on the launch pad during WDR (Flight 7)', 'image_url': 'https://thespacedevs-dev.nyc3.digitaloceanspaces.com/media/images/starship_on_the_image_20250111100520.jpg', 'thumbnail_url': 'https://thespacedevs-dev.nyc3.digitaloceanspaces.com/media/images/starship_on_the_image_thumbnail_20250111100521.jpeg', 'credit': 'SpaceX', 'license': {'id': 1, 'name': 'Unknown', 'priority': 9, 'link': None}, 'single_use': False, 'variants': []}, 'infographic': None, 'probability': 80, 'weather_concerns': None, 'failreason': '', 'hashtag': None, 'launch_service_provider': {'response_mode': 'list', 'id': 121, 'url': 'https://lldev.thespacedevs.com/2.3.0/agencies/121/', 'name': 'SpaceX', 'abbrev': 'SpX', 'type': {'id': 3, 'name': 'Commercial'}}, 'rocket': {'id': 8696, 'configuration': {'response_mode': 'list', 'id': 527, 'url': 'https://lldev.thespacedevs.com/2.3.0/launcher_configurations/527/', 'name': 'Starship', 'families': [{'response_mode': 'list', 'id': 156, 'name': 'Starship'}], 'full_name': 'Starship V2', 'variant': 'V2'}}, 'mission': {'id': 7288, 'name': 'Flight 11', 'type': 'Test Flight', 'description': '11th test flight of the two-stage Starship launch vehicle.', 'image': None, 'orbit': {'id': 15, 'name': 'Suborbital', 'abbrev': 'Sub', 'celestial_body': {'response_mode': 'list', 'id': 1, 'name': 'Earth'}}, 'agencies': [{'response_mode': 'normal', 'id': 121, 'url': 'https://lldev.thespacedevs.com/2.3.0/agencies/121/', 'name': 'SpaceX', 'abbrev': 'SpX', 'type': {'id': 3, 'name': 'Commercial'}, 'featured': True, 'country': [{'id': 2, 'name': 'United States of America', 'alpha_2_code': 'US', 'alpha_3_code': 'USA', 'nationality_name': 'American', 'nationality_name_composed': 'Americano'}], 'description': 'Space Exploration Technologies Corp., known as SpaceX, is an American aerospace manufacturer and space transport services company headquartered in Hawthorne, California. It was founded in 2002 by entrepreneur Elon Musk with the goal of reducing space transportation costs and enabling the colonization of Mars. SpaceX operates from many pads, on the East Coast of the US they operate from SLC-40 at Cape Canaveral Space Force Station and historic LC-39A at Kennedy Space Center. They also operate from SLC-4E at Vandenberg Space Force Base, California, usually for polar launches. Another launch site is being developed at Boca Chica, Texas.', 'administrator': 'CEO: Elon Musk', 'founding_year': 2002, 'launchers': 'Falcon | Starship', 'spacecraft': 'Dragon', 'parent': None, 'image': {'id': 1736, 'name': 'Falcon 9 liftoff from LC-39A', 'image_url': 'https://thespacedevs-dev.nyc3.digitaloceanspaces.com/media/images/falcon_9_image_20230807133459.jpeg', 'thumbnail_url': 'https://thespacedevs-dev.nyc3.digitaloceanspaces.com/media/images/255bauto255d__image_thumbnail_20240305193628.jpeg', 'credit': 'SpaceX', 'license': {'id': 5, 'name': 'CC BY-NC 2.0', 'priority': 1, 'link': 'https://creativecommons.org/licenses/by-nc/2.0/'}, 'single_use': False, 'variants': []}, 'logo': {'id': 186, 'name': 'SpaceX logo', 'image_url': 'https://thespacedevs-dev.nyc3.digitaloceanspaces.com/media/images/spacex_logo_20220826094919.png', 'thumbnail_url': 'https://thespacedevs-dev.nyc3.digitaloceanspaces.com/media/images/255bauto255d__image_thumbnail_20240305185138.png', 'credit': 'SpaceX', 'license': {'id': 5, 'name': 'CC BY-NC 2.0', 'priority': 1, 'link': 'https://creativecommons.org/licenses/by-nc/2.0/'}, 'single_use': True, 'variants': []}, 'social_logo': {'id': 94, 'name': 'SpaceX social logo', 'image_url': 'https://thespacedevs-dev.nyc3.digitaloceanspaces.com/media/images/spacex_social_l_image_20260407054626.jpg', 'thumbnail_url': 'https://thespacedevs-dev.nyc3.digitaloceanspaces.com/media/images/spacex_social_l_image_thumbnail_20260407054626.jpeg', 'credit': 'SpaceX', 'license': {'id': 5, 'name': 'CC BY-NC 2.0', 'priority': 1, 'link': 'https://creativecommons.org/licenses/by-nc/2.0/'}, 'single_use': True, 'variants': []}, 'total_launch_count': 714, 'consecutive_successful_launches': 199, 'successful_launches': 699, 'failed_launches': 15, 'pending_launches': 126, 'consecutive_successful_landings': 6, 'successful_landings': 657, 'failed_landings': 29, 'attempted_landings': 685, 'successful_landings_spacecraft': 62, 'failed_landings_spacecraft': 3, 'attempted_landings_spacecraft': 66, 'successful_landings_payload': 1, 'failed_landings_payload': 0, 'attempted_landings_payload': 1, 'info_url': 'https://www.spacex.com/', 'wiki_url': 'https://en.wikipedia.org/wiki/SpaceX', 'social_media_links': [{'id': 427, 'social_media': {'id': 3, 'name': 'Homepage', 'url': None, 'logo': None}, 'url': 'https://www.spacex.com/'}, {'id': 428, 'social_media': {'id': 1, 'name': 'X', 'url': 'https://x.com', 'logo': {'id': 2320, 'name': 'X logo', 'image_url': 'https://thespacedevs-dev.nyc3.digitaloceanspaces.com/media/images/x_logo_image_20250211191027.jpg', 'thumbnail_url': 'https://thespacedevs-dev.nyc3.digitaloceanspaces.com/media/images/x_logo_image_thumbnail_20250211191027.jpeg', 'credit': 'X', 'license': {'id': 1, 'name': 'Unknown', 'priority': 9, 'link': None}, 'single_use': True, 'variants': []}}, 'url': 'https://x.com/spacex/'}, {'id': 429, 'social_media': {'id': 6, 'name': 'Youtube', 'url': 'https://www.youtube.com/', 'logo': {'id': 2356, 'name': 'YouTube logo', 'image_url': 'https://thespacedevs-dev.nyc3.digitaloceanspaces.com/media/images/youtube_logo_image_20250321073112.png', 'thumbnail_url': 'https://thespacedevs-dev.nyc3.digitaloceanspaces.com/media/images/youtube_logo_image_thumbnail_20250321073112.png', 'credit': 'YouTube', 'license': {'id': 1, 'name': 'Unknown', 'priority': 9, 'link': None}, 'single_use': True, 'variants': []}}, 'url': 'https://www.youtube.com/@spacex'}, {'id': 430, 'social_media': {'id': 4, 'name': 'LinkedIn', 'url': 'https://www.linkedin.com/', 'logo': {'id': 2321, 'name': 'LinkedIn logo', 'image_url': 'https://thespacedevs-dev.nyc3.digitaloceanspaces.com/media/images/linkedin_logo_image_20250211191111.png', 'thumbnail_url': 'https://thespacedevs-dev.nyc3.digitaloceanspaces.com/media/images/linkedin_logo_image_thumbnail_20250211191112.png', 'credit': 'LinkedIn', 'license': {'id': 1, 'name': 'Unknown', 'priority': 9, 'link': None}, 'single_use': True, 'variants': []}}, 'url': 'https://www.linkedin.com/company/spacex/'}]}], 'info_urls': [], 'vid_urls': []}, 'pad': {'id': 188, 'url': 'https://lldev.thespacedevs.com/2.3.0/pads/188/', 'active': True, 'agencies': [{'response_mode': 'normal', 'id': 121, 'url': 'https://lldev.thespacedevs.com/2.3.0/agencies/121/', 'name': 'SpaceX', 'abbrev': 'SpX', 'type': {'id': 3, 'name': 'Commercial'}, 'featured': True, 'country': [{'id': 2, 'name': 'United States of America', 'alpha_2_code': 'US', 'alpha_3_code': 'USA', 'nationality_name': 'American', 'nationality_name_composed': 'Americano'}], 'description': 'Space Exploration Technologies Corp., known as SpaceX, is an American aerospace manufacturer and space transport services company headquartered in Hawthorne, California. It was founded in 2002 by entrepreneur Elon Musk with the goal of reducing space transportation costs and enabling the colonization of Mars. SpaceX operates from many pads, on the East Coast of the US they operate from SLC-40 at Cape Canaveral Space Force Station and historic LC-39A at Kennedy Space Center. They also operate from SLC-4E at Vandenberg Space Force Base, California, usually for polar launches. Another launch site is being developed at Boca Chica, Texas.', 'administrator': 'CEO: Elon Musk', 'founding_year': 2002, 'launchers': 'Falcon | Starship', 'spacecraft': 'Dragon', 'parent': None, 'image': {'id': 1736, 'name': 'Falcon 9 liftoff from LC-39A', 'image_url': 'https://thespacedevs-dev.nyc3.digitaloceanspaces.com/media/images/falcon_9_image_20230807133459.jpeg', 'thumbnail_url': 'https://thespacedevs-dev.nyc3.digitaloceanspaces.com/media/images/255bauto255d__image_thumbnail_20240305193628.jpeg', 'credit': 'SpaceX', 'license': {'id': 5, 'name': 'CC BY-NC 2.0', 'priority': 1, 'link': 'https://creativecommons.org/licenses/by-nc/2.0/'}, 'single_use': False, 'variants': []}, 'logo': {'id': 186, 'name': 'SpaceX logo', 'image_url': 'https://thespacedevs-dev.nyc3.digitaloceanspaces.com/media/images/spacex_logo_20220826094919.png', 'thumbnail_url': 'https://thespacedevs-dev.nyc3.digitaloceanspaces.com/media/images/255bauto255d__image_thumbnail_20240305185138.png', 'credit': 'SpaceX', 'license': {'id': 5, 'name': 'CC BY-NC 2.0', 'priority': 1, 'link': 'https://creativecommons.org/licenses/by-nc/2.0/'}, 'single_use': True, 'variants': []}, 'social_logo': {'id': 94, 'name': 'SpaceX social logo', 'image_url': 'https://thespacedevs-dev.nyc3.digitaloceanspaces.com/media/images/spacex_social_l_image_20260407054626.jpg', 'thumbnail_url': 'https://thespacedevs-dev.nyc3.digitaloceanspaces.com/media/images/spacex_social_l_image_thumbnail_20260407054626.jpeg', 'credit': 'SpaceX', 'license': {'id': 5, 'name': 'CC BY-NC 2.0', 'priority': 1, 'link': 'https://creativecommons.org/licenses/by-nc/2.0/'}, 'single_use': True, 'variants': []}}], 'name': 'Orbital Launch Pad 1', 'image': None, 'description': 'The first launch and landing pad of the full version of the combined SpaceX Starship and Superheavy booster. First used for launch in April 2023.\r\n\r\nThe launch mount itself is named Orbital Launch Mount A.', 'info_url': None, 'wiki_url': 'https://en.wikipedia.org/wiki/SpaceX_Starbase#Launch_site_(Orbital_Launch_Mount_(Pad_1_and_2))', 'map_url': 'https://www.google.com/maps?q=25.9962,-97.154423', 'latitude': 25.9962, 'longitude': -97.154423, 'country': {'id': 2, 'name': 'United States of America', 'alpha_2_code': 'US', 'alpha_3_code': 'USA', 'nationality_name': 'American', 'nationality_name_composed': 'Americano'}, 'map_image': 'https://thespacedevs-dev.nyc3.digitaloceanspaces.com/media/map_images/pad_orbital_launch_mount_a_20210514061342.jpg', 'total_launch_count': 11, 'orbital_launch_attempt_count': 0, 'fastest_turnaround': 'P37DT9H35M', 'location': {'response_mode': 'normal', 'id': 143, 'url': 'https://lldev.thespacedevs.com/2.3.0/locations/143/', 'name': 'SpaceX Starbase, TX, USA', 'celestial_body': {'response_mode': 'normal', 'id': 1, 'name': 'Earth', 'type': {'id': 1, 'name': 'Planet'}, 'diameter': 12742000.0, 'mass': 5.972168e+24, 'gravity': 9.80655, 'length_of_day': '1 00:00:00', 'atmosphere': True, 'image': {'id': 2040, 'name': 'Earth (Apollo 17)', 'image_url': 'https://thespacedevs-dev.nyc3.digitaloceanspaces.com/media/images/earth_2528apol_image_20240402194304.jpeg', 'thumbnail_url': 'https://thespacedevs-dev.nyc3.digitaloceanspaces.com/media/images/earth_2528apol_image_thumbnail_20240402194305.jpeg', 'credit': 'NASA', 'license': {'id': 4, 'name': 'NASA Image and Media Guidelines', 'priority': 0, 'link': 'https://www.nasa.gov/nasa-brand-center/images-and-media/'}, 'single_use': True, 'variants': []}, 'description': 'Earth is the third planet from the Sun and the only astronomical object known to harbor life.', 'wiki_url': 'https://en.wikipedia.org/wiki/Earth', 'total_attempted_launches': 7584, 'successful_launches': 7028, 'failed_launches': 556, 'total_attempted_landings': 1351, 'successful_landings': 1302, 'failed_landings': 49}, 'active': True, 'country': {'id': 2, 'name': 'United States of America', 'alpha_2_code': 'US', 'alpha_3_code': 'USA', 'nationality_name': 'American', 'nationality_name_composed': 'Americano'}, 'description': 'Starbase is an industrial complex for Starship rockets and the headquarters of the American aerospace manufacturer company SpaceX. Located near Brownsville, Texas, United States, it has been under construction since the late 2010s by SpaceX. Starbase is composed of a spaceport near the Gulf of Mexico, a production facility at the Boca Chica village, and a small structure test site along the Texas State Highway 4.', 'image': {'id': 2219, 'name': 'SpaceX Starbase in March 2022', 'image_url': 'https://thespacedevs-dev.nyc3.digitaloceanspaces.com/media/images/spacex_starbase_image_20240919170357.jpg', 'thumbnail_url': 'https://thespacedevs-dev.nyc3.digitaloceanspaces.com/media/images/spacex_starbase_image_thumbnail_20240919170357.jpeg', 'credit': 'SpaceX', 'license': {'id': 5, 'name': 'CC BY-NC 2.0', 'priority': 1, 'link': 'https://creativecommons.org/licenses/by-nc/2.0/'}, 'single_use': True, 'variants': []}, 'map_image': 'https://thespacedevs-dev.nyc3.digitaloceanspaces.com/media/map_images/location_143_20200803142438.jpg', 'longitude': -97.157, 'latitude': 25.997, 'timezone_name': 'America/Chicago', 'total_launch_count': 22, 'total_landing_count': 13}}, 'webcast_live': False, 'program': [{'response_mode': 'normal', 'id': 1, 'url': 'https://lldev.thespacedevs.com/2.3.0/programs/1/', 'name': 'SpaceX Starship', 'image': {'id': 2301, 'name': 'Starship on the launch pad during WDR (Flight 7)', 'image_url': 'https://thespacedevs-dev.nyc3.digitaloceanspaces.com/media/images/starship_on_the_image_20250111100520.jpg', 'thumbnail_url': 'https://thespacedevs-dev.nyc3.digitaloceanspaces.com/media/images/starship_on_the_image_thumbnail_20250111100521.jpeg', 'credit': 'SpaceX', 'license': {'id': 1, 'name': 'Unknown', 'priority': 9, 'link': None}, 'single_use': False, 'variants': []}, 'info_url': 'https://www.spacex.com/vehicles/starship/', 'wiki_url': 'https://en.wikipedia.org/wiki/SpaceX_Starship', 'description': ""The SpaceX Starship is a fully reusable super heavy-lift launch vehicle under development by SpaceX since 2012, as a self-funded private spaceflight project.  The second stage of the Starship — is designed as a long-duration cargo and passenger-carrying spacecraft. It is expected to be initially used without any booster stage at all, as part of an extensive development program to prove out launch-and-landing and iterate on a variety of design details, particularly with respect to the vehicle's atmospheric reentry."", 'agencies': [{'response_mode': 'list', 'id': 121, 'url': 'https://lldev.thespacedevs.com/2.3.0/agencies/121/', 'name': 'SpaceX', 'abbrev': 'SpX', 'type': {'id': 3, 'name': 'Commercial'}}], 'start_date': '2019-03-01T05:00:00Z', 'end_date': None, 'mission_patches': [], 'type': {'id': 7, 'name': 'Technology'}}], 'orbital_launch_attempt_count': None, 'location_launch_attempt_count': 20, 'pad_launch_attempt_count': 11, 'agency_launch_attempt_count': 581, 'orbital_launch_attempt_count_year': None, 'location_launch_attempt_count_year': 5, 'pad_launch_attempt_count_year': 5, 'agency_launch_attempt_count_year': 132}, 'duration': 'PT1H6M12S', 'turn_around_time': None, 'response_mode': 'normal'}",
101,1694,https://lldev.thespacedevs.com/2.3.0/landings/1694/,True,True,The Falcon 9 1st stage B1092 has landed on ASDS JRTI after its 7th flight.,600.0,"{'id': 3, 'name': 'Just Read the Instructions', 'active': True, 'abbrev': 'JRTI', 'description': 'Third (Marmac 303) ASDS barge, Just Read the Instructions (JRTI) is currently used to recover Falcon 9 and Heavy boosters in the Atlantic Ocean.', 'location': None, 'longitude': None, 'latitude': None, 'image': {'id': 1973, 'name': 'JRTI (Marmac 303) empty', 'image_url': 'https://thespacedevs-dev.nyc3.digitaloceanspaces.com/media/images/jrti_2528marma_image_20240310170452.jpeg', 'thumbnail_url': 'https://thespacedevs-dev.nyc3.digitaloceanspaces.com/media/images/jrti_2528marma_image_thumbnail_20240310170452.jpeg', 'credit': 'SpaceX', 'license': {'id': 5, 'name': 'CC BY-NC 2.0', 'priority': 1, 'link': 'https://creativecommons.org/licenses/by-nc/2.0/'}, 'single_use': True, 'variants': []}, 'successful_landings': 156, 'attempted_landings': 157, 'failed_landings': 1, 'celestial_body': {'response_mode': 'normal', 'id': 1, 'name': 'Earth', 'type': {'id': 1, 'name': 'Planet'}, 'diameter': 12742000.0, 'mass': 5.972168e+24, 'gravity': 9.80655, 'length_of_day': '1 00:00:00', 'atmosphere': True, 'image': {'id': 2040, 'name': 'Earth (Apollo 17)', 'image_url': 'https://thespacedevs-dev.nyc3.digitaloceanspaces.com/media/images/earth_2528apol_image_20240402194304.jpeg', 'thumbnail_url': 'https://thespacedevs-dev.nyc3.digitaloceanspaces.com/media/images/earth_2528apol_image_thumbnail_20240402194305.jpeg', 'credit': 'NASA', 'license': {'id': 4, 'name': 'NASA Image and Media Guidelines', 'priority': 0, 'link': 'https://www.nasa.gov/nasa-brand-center/images-and-media/'}, 'single_use': True, 'variants': []}, 'description': 'Earth is the third planet from the Sun and the only astronomical object known to harbor life.', 'wiki_url': 'https://en.wikipedia.org/wiki/Earth'}}","{'id': 1, 'name': 'Autonomous Spaceport Drone Ship', 'abbrev': 'ASDS', 'description': 'An autonomous spaceport drone ship (ASDS) is an ocean-going vessel derived from a deck barge, outfitted with station-keeping engines and a large landing platform. Construction of such ships was commissioned by aerospace company SpaceX to allow for recovery of rocket first-stages at sea for high-velocity missions which do not carry enough fuel to return to the launch site after lofting spacecraft onto an orbital trajectory.'}",,normal,"{'id': 799, 'type': 'Core', 'reused': True, 'launcher_flight_number': 7, 'launcher': {'response_mode': 'normal', 'id': 192, 'url': 'https://lldev.thespacedevs.com/2.3.0/launchers/192/', 'flight_proven': True, 'serial_number': 'B1092', 'is_placeholder': False, 'status': {'id': 3, 'name': 'active'}, 'image': {'id': 2357, 'name': 'B1092 landing at LZ-1 (NROL-69)', 'image_url': 'https://thespacedevs-dev.nyc3.digitaloceanspaces.com/media/images/b1092_landing_a_image_20250325084800.jpg', 'thumbnail_url': 'https://thespacedevs-dev.nyc3.digitaloceanspaces.com/media/images/b1092_landing_a_image_thumbnail_20250325084801.jpeg', 'credit': 'SpaceX', 'license': {'id': 1, 'name': 'Unknown', 'priority': 9, 'link': None}, 'single_use': True, 'variants': []}, 'details': 'Falcon 9 booster debuting on Starlink Group 12-13.', 'successful_landings': 10, 'attempted_landings': 10, 'flights': 10, 'last_launch_date': '2026-02-24T23:04:10Z', 'first_launch_date': '2025-02-27T03:34:20Z', 'fastest_turnaround': 'P25DT14H13M40S'}, 'previous_flight_date': '2025-08-22T03:50:00Z', 'turn_around_time': 'P27DT5H40M', 'previous_flight': {'id': '2d5f2335-c3c2-4306-9dde-8ec37f348ccf', 'url': 'https://lldev.thespacedevs.com/2.3.0/launches/2d5f2335-c3c2-4306-9dde-8ec37f348ccf/', 'name': 'Falcon 9 Block 5 | OTV-8 (X-37B) (USSF-36)'}}",,
102,1695,https://lldev.thespacedevs.com/2.3.0/landings/1695/,True,True,The Falcon 9 1st stage B1085 has landed on ASDS ASOG after its 11th flight.,600.0,"{'id': 17, 'name': 'A Shortfall of Gravitas', 'active': True, 'abbrev': 'ASOG', 'description': 'The fourth ASDS barge, A Shortfall of Gravitas (ASOG) is currently used to recover Falcon 9 and Heavy boosters in the Altantic Ocean.', 'location': None, 'longitude': None, 'latitude': None, 'image': {'id': 1971, 'name': 'ASOG with booster', 'image_url': 'https://thespacedevs-dev.nyc3.digitaloceanspaces.com/media/images/asog_with_boost_image_20240310164859.jpeg', 'thumbnail_url': 'https://thespacedevs-dev.nyc3.digitaloceanspaces.com/media/images/asog_with_boost_image_thumbnail_20240310164859.jpeg', 'credit': 'SpaceX', 'license': {'id': 5, 'name': 'CC BY-NC 2.0', 'priority': 1, 'link': 'https://creativecommons.org/licenses/by-nc/2.0/'}, 'single_use': True, 'variants': []}, 'successful_landings': 163, 'attempted_landings': 164, 'failed_landings': 1, 'celestial_body': {'response_mode': 'normal', 'id': 1, 'name': 'Earth', 'type': {'id': 1, 'name': 'Planet'}, 'diameter': 12742000.0, 'mass': 5.972168e+24, 'gravity': 9.80655, 'length_of_day': '1 00:00:00', 'atmosphere': True, 'image': {'id': 2040, 'name': 'Earth (Apollo 17)', 'image_url': 'https://thespacedevs-dev.nyc3.digitaloceanspaces.com/media/images/earth_2528apol_image_20240402194304.jpeg', 'thumbnail_url': 'https://thespacedevs-dev.nyc3.digitaloceanspaces.com/media/images/earth_2528apol_image_thumbnail_20240402194305.jpeg', 'credit': 'NASA', 'license': {'id': 4, 'name': 'NASA Image and Media Guidelines', 'priority': 0, 'link': 'https://www.nasa.gov/nasa-brand-center/images-and-media/'}, 'single_use': True, 'variants': []}, 'description': 'Earth is the third planet from the Sun and the only astronomical object known to harbor life.', 'wiki_url': 'https://en.wikipedia.org/wiki/Earth'}}","{'id': 1, 'name': 'Autonomous Spaceport Drone Ship', 'abbrev': 'ASDS', 'description': 'An autonomous spaceport drone ship (ASDS) is an ocean-going vessel derived from a deck barge, outfitted with station-keeping engines and a large landing platform. Construction of such ships was commissioned by aerospace company SpaceX to allow for recovery of rocket first-stages at sea for high-velocity missions which do not carry enough fuel to return to the launch site after lofting spacecraft onto an orbital trajectory.'}",,normal,"{'id': 800, 'type': 'Core', 'reused': True, 'launcher_flight_number': 11, 'launcher': {'response_mode': 'normal', 'id': 151, 'url': 'https://lldev.thespacedevs.com/2.3.0/launchers/151/', 'flight_proven': True, 'serial_number': 'B1085', 'is_placeholder': False, 'status': {'id': 3, 'name': 'active'}, 'image': {'id': 2290, 'name': 'B1085 during landing at LZ-1 (Crew-9)', 'image_url': 'https://thespacedevs-dev.nyc3.digitaloceanspaces.com/media/images/b1085_during_la_image_20241217151951.jpg', 'thumbnail_url': 'https://thespacedevs-dev.nyc3.digitaloceanspaces.com/media/images/b1085_during_la_image_thumbnail_20241217151951.jpeg', 'credit': 'SpaceX', 'license': {'id': 1, 'name': 'Unknown', 'priority': 9, 'link': None}, 'single_use': True, 'variants': []}, 'details': 'Booster used during the Crew-9 and Fram2 mission.', 'successful_landings': 17, 'attempted_landings': 17, 'flights': 17, 'last_launch_date': '2026-06-29T02:25:00Z', 'first_launch_date': '2024-08-20T13:20:00Z', 'fastest_turnaround': 'P23DT7H36M10S'}, 'previous_flight_date': '2025-08-14T12:29:30Z', 'turn_around_time': 'P37DT22H23M30S', 'previous_flight': {'id': 'e369a238-2746-4400-9396-62e8b7a660c5', 'url': 'https://lldev.thespacedevs.com/2.3.0/launches/e369a238-2746-4400-9396-62e8b7a660c5/', 'name': 'Falcon 9 Block 5 | Starlink Group 10-20'}}",,
103,1696,https://lldev.thespacedevs.com/2.3.0/landings/1696/,False,,,,"{'id': 15, 'name': 'South Pacific', 'active': True, 'abbrev': 'PAC', 'description': 'Pacific Ocean off the coast of Mahia Peninsula, New Zealand.', 'location': {'response_mode': 'normal', 'id': 10, 'url': 'https://lldev.thespacedevs.com/2.3.0/locations/10/', 'name': 'Rocket Lab Launch Complex 1, Mahia Peninsula, New Zealand', 'active': True, 'country': {'id': 51, 'name': 'New Zealand', 'alpha_2_code': 'NZ', 'alpha_3_code': 'NZL', 'nationality_name': 'Kiwi', 'nationality_name_composed': 'Kiwi'}, 'description': ""Rocket Lab Launch Complex 1 is a commercial spaceport located close to Ahuriri Point at the southern tip of Māhia Peninsula, on the east coast of New Zealand's North Island. It is owned and operated by private spaceflight company Rocket Lab and supports launches of the company's Electron rocket for small satellites. With the launch of Electron on 25 May 2017, it became the first private spaceport to host an orbital launch attempt, and the first site in New Zealand to host an orbital launch attempt. With the Electron launch of 21 January 2018, it became the first private spaceport to host a successful orbital launch."", 'image': {'id': 2206, 'name': 'Rocket Lab Launch Complex 1', 'image_url': 'https://thespacedevs-dev.nyc3.digitaloceanspaces.com/media/images/rocket_lab_laun_image_20240918164228.jpg', 'thumbnail_url': 'https://thespacedevs-dev.nyc3.digitaloceanspaces.com/media/images/rocket_lab_laun_image_thumbnail_20240918164228.jpeg', 'credit': 'Rocket Lab', 'license': {'id': 7, 'name': 'Rocket Lab Image Use Policy', 'priority': 3, 'link': 'https://www.rocketlabusa.com/about/gallery/'}, 'single_use': True, 'variants': []}, 'map_image': 'https://thespacedevs-dev.nyc3.digitaloceanspaces.com/media/map_images/location_10_20200803142509.jpg', 'longitude': 177.86586, 'latitude': -39.26085, 'timezone_name': 'Pacific/Auckland', 'total_launch_count': 79, 'total_landing_count': 17}, 'longitude': None, 'latitude': None, 'image': {'id': 2245, 'name': 'New Zealand and the South Pacific Ocean', 'image_url': 'https://thespacedevs-dev.nyc3.digitaloceanspaces.com/media/images/new_zealand_and_image_20240920094832.jpg', 'thumbnail_url': 'https://thespacedevs-dev.nyc3.digitaloceanspaces.com/media/images/new_zealand_and_image_thumbnail_20240920094832.jpeg', 'credit': 'NASA', 'license': {'id': 4, 'name': 'NASA Image and Media Guidelines', 'priority': 0, 'link': 'https://www.nasa.gov/nasa-brand-center/images-and-media/'}, 'single_use': True, 'variants': []}, 'successful_landings': 4, 'attempted_landings': 6, 'failed_landings': 2, 'celestial_body': {'response_mode': 'normal', 'id': 1, 'name': 'Earth', 'type': {'id': 1, 'name': 'Planet'}, 'diameter': 12742000.0, 'mass': 5.972168e+24, 'gravity': 9.80655, 'length_of_day': '1 00:00:00', 'atmosphere': True, 'image': {'id': 2040, 'name': 'Earth (Apollo 17)', 'image_url': 'https://thespacedevs-dev.nyc3.digitaloceanspaces.com/media/images/earth_2528apol_image_20240402194304.jpeg', 'thumbnail_url': 'https://thespacedevs-dev.nyc3.digitaloceanspaces.com/media/images/earth_2528apol_image_thumbnail_20240402194305.jpeg', 'credit': 'NASA', 'license': {'id': 4, 'name': 'NASA Image and Media Guidelines', 'priority': 0, 'link': 'https://www.nasa.gov/nasa-brand-center/images-and-media/'}, 'single_use': True, 'variants': []}, 'description': 'Earth is the third planet from the Sun and the only astronomical object known to harbor life.', 'wiki_url': 'https://en.wikipedia.org/wiki/Earth'}}","{'id': 7, 'name': 'Destructive Reentry', 'abbrev': 'ATM', 'description': 'Spacecraft burned up in the atmosphere'}",,normal,,"{'id': 896, 'url': 'https://lldev.thespacedevs.com/2.3.0/spacecraft_flights/896/', 'destination': 'International Space Station', 'mission_end': '2026-04-21T02:05:00Z', 'spacecraft': {'response_mode': 'normal', 'id': 622, 'url': 'https://lldev.thespacedevs.com/2.3.0/spacecraft/622/', 'name': 'Progress MS-32', 'serial_number': 'MS-32 (No.462)', 'is_placeholder': False, 'image': {'id': 1924, 'name': '[AUTO] Progress-MS - image', 'image_url': 'https://thespacedevs-dev.nyc3.digitaloceanspaces.com/media/images/progress-ms_image_20231219150735.jpeg', 'thumbnail_url': 'https://thespacedevs-dev.nyc3.digitaloceanspaces.com/media/images/255bauto255d__image_thumbnail_20240305194142.jpeg', 'credit': None, 'license': {'id': 1, 'name': 'Unknown', 'priority': 9, 'link': None}, 'single_use': True, 'variants': []}, 'in_space': False, 'time_in_space': 'P221DT10H10M54S', 'time_docked': 'P219DT4H45M', 'flights_count': 1, 'mission_ends_count': 1, 'status': {'id': 4, 'name': 'Single Use'}, 'description': 'Progress MS-32 is a Progress spacecraft used by Roscosmos to resupply the International Space Station (ISS).', 'spacecraft_config': {'response_mode': 'normal', 'id': 33, 'url': 'https://lldev.thespacedevs.com/2.3.0/spacecraft_configurations/33/', 'name': 'Progress-MS', 'type': {'id': 4, 'name': 'Cargo Resupply'}, 'agency': {'response_mode': 'list', 'id': 63, 'url': 'https://lldev.thespacedevs.com/2.3.0/agencies/63/', 'name': 'Russian Federal Space Agency (ROSCOSMOS)', 'abbrev': 'RFSA', 'type': {'id': 1, 'name': 'Government'}}, 'family': [{'response_mode': 'normal', 'id': 2, 'name': 'Progress', 'description': 'The Progress is a Russian expendable cargo spacecraft. Its purpose is to deliver the supplies needed to sustain a human presence in orbit.', 'manufacturer': {'response_mode': 'list', 'id': 1000, 'url': 'https://lldev.thespacedevs.com/2.3.0/agencies/1000/', 'name': 'Energia', 'abbrev': 'OKB-1', 'type': {'id': 1, 'name': 'Government'}}, 'parent': None, 'maiden_flight': '1978-01-20'}], 'in_use': True, 'image': {'id': 1924, 'name': '[AUTO] Progress-MS - image', 'image_url': 'https://thespacedevs-dev.nyc3.digitaloceanspaces.com/media/images/progress-ms_image_20231219150735.jpeg', 'thumbnail_url': 'https://thespacedevs-dev.nyc3.digitaloceanspaces.com/media/images/255bauto255d__image_thumbnail_20240305194142.jpeg', 'credit': None, 'license': {'id': 1, 'name': 'Unknown', 'priority': 9, 'link': None}, 'single_use': True, 'variants': []}}, 'fastest_turnaround': None}, 'launch': {'id': 'd4813e5c-305e-4401-ba4f-917aa1aaceae', 'url': 'https://lldev.thespacedevs.com/2.3.0/launches/d4813e5c-305e-4401-ba4f-917aa1aaceae/', 'name': 'Soyuz 2.1a | Progress MS-32 (93P)', 'response_mode': 'normal', 'slug': 'soyuz-21a-progress-ms-32-93p', 'launch_designator': '2025-204', 'status': {'id': 3, 'name': 'Launch Successful', 'abbrev': 'Success', 'description': 'The launch vehicle successfully inserted its payload(s) into the target orbit(s).'}, 'last_updated': '2025-09-14T04:00:18Z', 'net': '2025-09-11T15:54:06Z', 'net_precision': {'id': 0, 'name': 'Second', 'abbrev': 'SEC', 'description': 'The T-0 is accurate to the second.'}, 'window_end': '2025-09-11T15:54:06Z', 'window_start': '2025-09-11T15:54:06Z', 'image': {'id': 1828, 'name': '[AUTO] Soyuz 2.1a - image', 'image_url': 'https://thespacedevs-dev.nyc3.digitaloceanspaces.com/media/images/soyuz_2.1a_image_20230805184309.jpg', 'thumbnail_url': 'https://thespacedevs-dev.nyc3.digitaloceanspaces.com/media/images/255bauto255d__image_thumbnail_20240305193857.jpeg', 'credit': None, 'license': {'id': 1, 'name': 'Unknown', 'priority': 9, 'link': None}, 'single_use': True, 'variants': []}, 'infographic': None, 'probability': None, 'weather_concerns': None, 'failreason': '', 'hashtag': None, 'launch_service_provider': {'response_mode': 'list', 'id': 63, 'url': 'https://lldev.thespacedevs.com/2.3.0/agencies/63/', 'name': 'Russian Federal Space Agency (ROSCOSMOS)', 'abbrev': 'RFSA', 'type': {'id': 1, 'name': 'Government'}}, 'rocket': {'id': 8430, 'configuration': {'response_mode': 'list', 'id': 24, 'url': 'https://lldev.thespacedevs.com/2.3.0/launcher_configurations/24/', 'name': 'Soyuz 2.1a', 'families': [{'response_mode': 'list', 'id': 147, 'name': 'Soyuz'}, {'response_mode': 'list', 'id': 190, 'name': 'Soyuz 2'}], 'full_name': 'Soyuz 2.1a', 'variant': ''}}, 'mission': {'id': 7019, 'name': 'Progress MS-32 (93P)', 'type': 'Resupply', 'description': 'Progress resupply mission to the International Space Station.', 'image': None, 'orbit': {'id': 8, 'name': 'Low Earth Orbit', 'abbrev': 'LEO', 'celestial_body': {'response_mode': 'list', 'id': 1, 'name': 'Earth'}}, 'agencies': [{'response_mode': 'normal', 'id': 63, 'url': 'https://lldev.thespacedevs.com/2.3.0/agencies/63/', 'name': 'Russian Federal Space Agency (ROSCOSMOS)', 'abbrev': 'RFSA', 'type': {'id': 1, 'name': 'Government'}, 'featured': True, 'country': [{'id': 5, 'name': 'Russia', 'alpha_2_code': 'RU', 'alpha_3_code': 'RUS', 'nationality_name': 'Russian', 'nationality_name_composed': 'Russo'}], 'description': 'The Roscosmos State Corporation for Space Activities, commonly known as Roscosmos, is the governmental body responsible for the space science program of the Russian Federation and general aerospace research. Soyuz has many launch locations the Russian sites are Baikonur, Plesetsk and Vostochny however Ariane also purchases the vehicle and launches it from French Guiana.', 'administrator': 'Administrator: Yuri Borisov', 'founding_year': 1992, 'launchers': 'Soyuz', 'spacecraft': 'Soyuz', 'parent': None, 'image': {'id': 25, 'name': '[AUTO] Russian Federal Space Agency (ROSCOSMOS) - image', 'image_url': 'https://thespacedevs-dev.nyc3.digitaloceanspaces.com/media/images/russian2520federal2520space2520agency25202528roscosmos2529_image_20190207032459.jpeg', 'thumbnail_url': 'https://thespacedevs-dev.nyc3.digitaloceanspaces.com/media/images/255bauto255d__image_thumbnail_20240305184652.jpeg', 'credit': None, 'license': {'id': 1, 'name': 'Unknown', 'priority': 9, 'link': None}, 'single_use': True, 'variants': []}, 'logo': {'id': 177, 'name': '[AUTO] Russian Federal Space Agency (ROSCOSMOS) - logo', 'image_url': 'https://thespacedevs-dev.nyc3.digitaloceanspaces.com/media/images/russian2520federal2520space2520agency25202528roscosmos2529_logo_20190207032459.png', 'thumbnail_url': 'https://thespacedevs-dev.nyc3.digitaloceanspaces.com/media/images/255bauto255d__image_thumbnail_20240305185118.png', 'credit': None, 'license': {'id': 1, 'name': 'Unknown', 'priority': 9, 'link': None}, 'single_use': True, 'variants': []}, 'social_logo': {'id': 89, 'name': '[AUTO] Russian Federal Space Agency (ROSCOSMOS) - social_logo', 'image_url': 'https://thespacedevs-dev.nyc3.digitaloceanspaces.com/media/images/russian2520federal2520space2520agency25202528roscosmos2529_nation_20230531052758.jpg', 'thumbnail_url': 'https://thespacedevs-dev.nyc3.digitaloceanspaces.com/media/images/255bauto255d__image_thumbnail_20240305184841.jpeg', 'credit': None, 'license': {'id': 1, 'name': 'Unknown', 'priority': 9, 'link': None}, 'single_use': True, 'variants': []}, 'total_launch_count': 343, 'consecutive_successful_launches': 67, 'successful_launches': 332, 'failed_launches': 11, 'pending_launches': 4, 'consecutive_successful_landings': 0, 'successful_landings': 0, 'failed_landings': 0, 'attempted_landings': 0, 'successful_landings_spacecraft': 201, 'failed_landings_spacecraft': 7, 'attempted_landings_spacecraft': 208, 'successful_landings_payload': 0, 'failed_landings_payload': 1, 'attempted_landings_payload': 1, 'info_url': 'https://en.roscosmos.ru/', 'wiki_url': 'https://en.wikipedia.org/wiki/Russian_Federal_Space_Agency', 'social_media_links': []}], 'info_urls': [], 'vid_urls': []}, 'pad': {'id': 20, 'url': 'https://lldev.thespacedevs.com/2.3.0/pads/20/', 'active': True, 'agencies': [], 'name': '31/6', 'image': {'id': 1467, 'name': 'Soyuz 2.1a liftoff from pad 31/6 (Progress MS-25)', 'image_url': 'https://thespacedevs-dev.nyc3.digitaloceanspaces.com/media/images/soyuz25202.1a_image_20231231162517.jpg', 'thumbnail_url': 'https://thespacedevs-dev.nyc3.digitaloceanspaces.com/media/images/255bauto255d__image_thumbnail_20240305192846.jpeg', 'credit': 'Roscosmos', 'license': {'id': 14, 'name': 'Roscosmos Image Use Policy', 'priority': 3, 'link': 'https://www.roscosmos.ru/22650/'}, 'single_use': True, 'variants': []}, 'description': '', 'info_url': None, 'wiki_url': 'https://en.wikipedia.org/wiki/Baikonur_Cosmodrome_Site_31', 'map_url': 'https://www.google.com/maps?q=45.996034,63.564003', 'latitude': 45.996034, 'longitude': 63.564003, 'country': {'id': 44, 'name': 'Kazakhstan', 'alpha_2_code': 'KZ', 'alpha_3_code': 'KAZ', 'nationality_name': 'Kazakh', 'nationality_name_composed': 'Kazakhstani'}, 'map_image': 'https://thespacedevs-dev.nyc3.digitaloceanspaces.com/media/map_images/pad_20_20200803143516.jpg', 'total_launch_count': 429, 'orbital_launch_attempt_count': 429, 'fastest_turnaround': 'P1DT23H9M9S', 'location': {'response_mode': 'normal', 'id': 15, 'url': 'https://lldev.thespacedevs.com/2.3.0/locations/15/', 'name': 'Baikonur Cosmodrome, Republic of Kazakhstan', 'celestial_body': {'response_mode': 'normal', 'id': 1, 'name': 'Earth', 'type': {'id': 1, 'name': 'Planet'}, 'diameter': 12742000.0, 'mass': 5.972168e+24, 'gravity': 9.80655, 'length_of_day': '1 00:00:00', 'atmosphere': True, 'image': {'id': 2040, 'name': 'Earth (Apollo 17)', 'image_url': 'https://thespacedevs-dev.nyc3.digitaloceanspaces.com/media/images/earth_2528apol_image_20240402194304.jpeg', 'thumbnail_url': 'https://thespacedevs-dev.nyc3.digitaloceanspaces.com/media/images/earth_2528apol_image_thumbnail_20240402194305.jpeg', 'credit': 'NASA', 'license': {'id': 4, 'name': 'NASA Image and Media Guidelines', 'priority': 0, 'link': 'https://www.nasa.gov/nasa-brand-center/images-and-media/'}, 'single_use': True, 'variants': []}, 'description': 'Earth is the third planet from the Sun and the only astronomical object known to harbor life.', 'wiki_url': 'https://en.wikipedia.org/wiki/Earth', 'total_attempted_launches': 7584, 'successful_launches': 7028, 'failed_launches': 556, 'total_attempted_landings': 1351, 'successful_landings': 1302, 'failed_landings': 49}, 'active': True, 'country': {'id': 44, 'name': 'Kazakhstan', 'alpha_2_code': 'KZ', 'alpha_3_code': 'KAZ', 'nationality_name': 'Kazakh', 'nationality_name_composed': 'Kazakhstani'}, 'description': 'The Baikonur Cosmodrome is a spaceport operated by Russia within Kazakhstan. Located in the Kazakh city of Baikonur, it is the largest operational space launch facility in terms of area. All Russian crewed spaceflights are launched from Baikonur.', 'image': {'id': 2198, 'name': 'Soyuz launch pad at the Baikonur Cosmodrome', 'image_url': 'https://thespacedevs-dev.nyc3.digitaloceanspaces.com/media/images/soyuz_launch_pa_image_20240918150530.jpg', 'thumbnail_url': 'https://thespacedevs-dev.nyc3.digitaloceanspaces.com/media/images/soyuz_launch_pa_image_thumbnail_20240918150530.jpeg', 'credit': 'NASA/Bill Ingalls', 'license': {'id': 4, 'name': 'NASA Image and Media Guidelines', 'priority': 0, 'link': 'https://www.nasa.gov/nasa-brand-center/images-and-media/'}, 'single_use': True, 'variants': []}, 'map_image': 'https://thespacedevs-dev.nyc3.digitaloceanspaces.com/media/map_images/location_15_20200803142517.jpg', 'longitude': 63.305, 'latitude': 45.965, 'timezone_name': 'Asia/Qyzylorda', 'total_launch_count': 1564, 'total_landing_count': 0}}, 'webcast_live': False, 'program': [{'response_mode': 'normal', 'id': 17, 'url': 'https://lldev.thespacedevs.com/2.3.0/programs/17/', 'name': 'International Space Station', 'image': {'id': 1874, 'name': '[AUTO] International Space Station - image', 'image_url': 'https://thespacedevs-dev.nyc3.digitaloceanspaces.com/media/images/international2_program_20201129184745.png', 'thumbnail_url': 'https://thespacedevs-dev.nyc3.digitaloceanspaces.com/media/images/255bauto255d__image_thumbnail_20240305194014.png', 'credit': None, 'license': {'id': 1, 'name': 'Unknown', 'priority': 9, 'link': None}, 'single_use': True, 'variants': []}, 'info_url': 'https://www.nasa.gov/mission_pages/station/main/index.html', 'wiki_url': 'https://en.wikipedia.org/wiki/International_Space_Station_programme', 'description': 'The International Space Station programme is tied together by a complex set of legal, political and financial agreements between the sixteen nations involved in the project, governing ownership of the various components, rights to crewing and utilization, and responsibilities for crew rotation and resupply of the International Space Station. It was conceived in 1984 by President Ronald Reagan, during the Space Station Freedom project as it was originally called.', 'agencies': [{'response_mode': 'list', 'id': 16, 'url': 'https://lldev.thespacedevs.com/2.3.0/agencies/16/', 'name': 'Canadian Space Agency', 'abbrev': 'CSA', 'type': {'id': 1, 'name': 'Government'}}, {'response_mode': 'list', 'id': 27, 'url': 'https://lldev.thespacedevs.com/2.3.0/agencies/27/', 'name': 'European Space Agency', 'abbrev': 'ESA', 'type': {'id': 2, 'name': 'Multinational'}}, {'response_mode': 'list', 'id': 37, 'url': 'https://lldev.thespacedevs.com/2.3.0/agencies/37/', 'name': 'Japan Aerospace Exploration Agency', 'abbrev': 'JAXA', 'type': {'id': 1, 'name': 'Government'}}, {'response_mode': 'list', 'id': 44, 'url': 'https://lldev.thespacedevs.com/2.3.0/agencies/44/', 'name': 'National Aeronautics and Space Administration', 'abbrev': 'NASA', 'type': {'id': 1, 'name': 'Government'}}, {'response_mode': 'list', 'id': 63, 'url': 'https://lldev.thespacedevs.com/2.3.0/agencies/63/', 'name': 'Russian Federal Space Agency (ROSCOSMOS)', 'abbrev': 'RFSA', 'type': {'id': 1, 'name': 'Government'}}], 'start_date': '1998-11-20T06:40:00Z', 'end_date': None, 'mission_patches': [], 'type': {'id': 2, 'name': 'Human Spaceflight'}}], 'orbital_launch_attempt_count': 7059, 'location_launch_attempt_count': 1558, 'pad_launch_attempt_count': 425, 'agency_launch_attempt_count': 335, 'orbital_launch_attempt_count_year': 210, 'location_launch_attempt_count_year': 5, 'pad_launch_attempt_count_year': 5, 'agency_launch_attempt_count_year': 6}, 'duration': 'P221DT10H10M54S', 'turn_around_time': None, 'response_mode': 'normal'}",
104,1697,https://lldev.thespacedevs.com/2.3.0/landings/1697/,True,True,The Falcon 9 1st stage B1096 has landed on ASDS JRTI after its 2nd flight.,550.0,"{'id': 3, 'name': 'Just Read the Instructions', 'active': True, 'abbrev': 'JRTI', 'description': 'Third (Marmac 303) ASDS barge, Just Read the Instructions (JRTI) is currently used to recover Falcon 9 and Heavy boosters in the Atlantic Ocean.', 'location': None, 'longitude': None, 'latitude': None, 'image': {'id': 1973, 'name': 'JRTI (Marmac 303) empty', 'image_url': 'https://thespacedevs-dev.nyc3.digitaloceanspaces.com/media/images/jrti_2528marma_image_20240310170452.jpeg', 'thumbnail_url': 'https://thespacedevs-dev.nyc3.digitaloceanspaces.com/media/images/jrti_2528marma_image_thumbnail_20240310170452.jpeg', 'credit': 'SpaceX', 'license': {'id': 5, 'name': 'CC BY-NC 2.0', 'priority': 1, 'link': 'https://creativecommons.org/licenses/by-nc/2.0/'}, 'single_use': True, 'variants': []}, 'successful_landings': 156, 'attempted_landings': 157, 'failed_landings': 1, 'celestial_body': {'response_mode': 'normal', 'id': 1, 'name': 'Earth', 'type': {'id': 1, 'name': 'Planet'}, 'diameter': 12742000.0, 'mass': 5.972168e+24, 'gravity': 9.80655, 'length_of_day': '1 00:00:00', 'atmosphere': True, 'image': {'id': 2040, 'name': 'Earth (Apollo 17)', 'image_url': 'https://thespacedevs-dev.nyc3.digitaloceanspaces.com/media/images/earth_2528apol_image_20240402194304.jpeg', 'thumbnail_url': 'https://thespacedevs-dev.nyc3.digitaloceanspaces.com/media/images/earth_2528apol_image_thumbnail_20240402194305.jpeg', 'credit': 'NASA', 'license': {'id': 4, 'name': 'NASA Image and Media Guidelines', 'priority': 0, 'link': 'https://www.nasa.gov/nasa-brand-center/images-and-media/'}, 'single_use': True, 'variants': []}, 'description': 'Earth is the third planet from the Sun and the only astronomical object known to harbor life.', 'wiki_url': 'https://en.wikipedia.org/wiki/Earth'}}","{'id': 1, 'name': 'Autonomous Spaceport Drone Ship', 'abbrev': 'ASDS', 'description': 'An autonomous spaceport drone ship (ASDS) is an ocean-going vessel derived from a deck barge, outfitted with station-keeping engines and a large landing platform. Construction of such ships was commissioned by aerospace company SpaceX to allow for recovery of rocket first-stages at sea for high-velocity missions which do not carry enough fuel to return to the launch site after lofting spacecraft onto an orbital trajectory.'}",,normal,"{'id': 738, 'type': 'Core', 'reused': True, 'launcher_flight_number': 2, 'launcher': {'response_mode': 'normal', 'id': 197, 'url': 'https://lldev.thespacedevs.com/2.3.0/launchers/197/', 'flight_proven': True, 'serial_number': 'B1096', 'is_placeholder': False, 'status': {'id': 3, 'name': 'active'}, 'image': {'id': 2630, 'name': 'B1096 landing at LZ-2 (NROL-77)', 'image_url': 'https://thespacedevs-dev.nyc3.digitaloceanspaces.com/media/images/b1096_landing_a_image_20251219190526.jpg', 'thumbnail_url': 'https://thespacedevs-dev.nyc3.digitaloceanspaces.com/media/images/b1096_landing_a_image_thumbnail_20251219190527.jpeg', 'credit': 'SpaceX', 'license': {'id': 1, 'name': 'Unknown', 'priority': 9, 'link': None}, 'single_use': True, 'variants': []}, 'details': 'Falcon 9 booster.', 'successful_landings': 7, 'attempted_landings': 7, 'flights': 7, 'last_launch_date': '2026-07-30T07:10:19Z', 'first_launch_date': '2025-07-16T06:30:00Z', 'fastest_turnaround': 'P28DT15H54M55S'}, 'previous_flight_date': '2025-07-16T06:30:00Z', 'turn_around_time': 'P70DT5H50S', 'previous_flight': None}",,
105,1698,https://lldev.thespacedevs.com/2.3.0/landings/1698/,True,True,The Falcon 9 first stage B1094 has landed back at the launch site at LZ-40 after its 7th flight.,14.6,"{'id': 62, 'name': 'Landing Zone 40', 'active': True, 'abbrev': 'LZ-40', 'description': 'Landing Pad at SLC-40 for Falcon 9 boosters. Built as an replacement for LZ-1 & LZ-2.', 'location': {'response_mode': 'normal', 'id': 12, 'url': 'https://lldev.thespacedevs.com/2.3.0/locations/12/', 'name': 'Cape Canaveral SFS, FL, USA', 'active': True, 'country': {'id': 2, 'name': 'United States of America', 'alpha_2_code': 'US', 'alpha_3_code': 'USA', 'nationality_name': 'American', 'nationality_name_composed': 'Americano'}, 'description': ""Cape Canaveral Space Force Station (CCSFS) is an installation of the United States Space Force's Space Launch Delta 45, located on Cape Canaveral in Brevard County, Florida."", 'image': {'id': 2200, 'name': 'Cape Canaveral & KSC seen from orbit (STS-43)', 'image_url': 'https://thespacedevs-dev.nyc3.digitaloceanspaces.com/media/images/cape_canaveral__image_20240918151615.jpg', 'thumbnail_url': 'https://thespacedevs-dev.nyc3.digitaloceanspaces.com/media/images/cape_canaveral__image_thumbnail_20240918151616.jpeg', 'credit': 'NASA', 'license': {'id': 4, 'name': 'NASA Image and Media Guidelines', 'priority': 0, 'link': 'https://www.nasa.gov/nasa-brand-center/images-and-media/'}, 'single_use': True, 'variants': []}, 'map_image': 'https://thespacedevs-dev.nyc3.digitaloceanspaces.com/media/map_images/location_12_20200803142519.jpg', 'longitude': -80.577778, 'latitude': 28.488889, 'timezone_name': 'America/New_York', 'total_launch_count': 1124, 'total_landing_count': 76}, 'longitude': -80.5752619, 'latitude': 28.5634384, 'image': {'id': 2695, 'name': 'LZ-40 at SLC-40', 'image_url': 'https://thespacedevs-dev.nyc3.digitaloceanspaces.com/media/images/lz-40_at_slc-40_image_20260213111727.jpg', 'thumbnail_url': 'https://thespacedevs-dev.nyc3.digitaloceanspaces.com/media/images/lz-40_at_slc-40_image_thumbnail_20260213111727.jpeg', 'credit': 'SpaceX', 'license': {'id': 1, 'name': 'Unknown', 'priority': 9, 'link': None}, 'single_use': True, 'variants': []}, 'successful_landings': 4, 'attempted_landings': 4, 'failed_landings': 0, 'celestial_body': {'response_mode': 'normal', 'id': 1, 'name': 'Earth', 'type': {'id': 1, 'name': 'Planet'}, 'diameter': 12742000.0, 'mass': 5.972168e+24, 'gravity': 9.80655, 'length_of_day': '1 00:00:00', 'atmosphere': True, 'image': {'id': 2040, 'name': 'Earth (Apollo 17)', 'image_url': 'https://thespacedevs-dev.nyc3.digitaloceanspaces.com/media/images/earth_2528apol_image_20240402194304.jpeg', 'thumbnail_url': 'https://thespacedevs-dev.nyc3.digitaloceanspaces.com/media/images/earth_2528apol_image_thumbnail_20240402194305.jpeg', 'credit': 'NASA', 'license': {'id': 4, 'name': 'NASA Image and Media Guidelines', 'priority': 0, 'link': 'https://www.nasa.gov/nasa-brand-center/images-and-media/'}, 'single_use': True, 'variants': []}, 'description': 'Earth is the third planet from the Sun and the only astronomical object known to harbor life.', 'wiki_url': 'https://en.wikipedia.org/wiki/Earth'}}","{'id': 2, 'name': 'Return to Launch Site', 'abbrev': 'RTLS', 'description': 'A return to launch site usually means that after stage separation the booster flips and does a burn back towards the launch site, landing near where it initially launched from.'}",,normal,"{'id': 802, 'type': 'Core', 'reused': True, 'launcher_flight_number': 7, 'launcher': {'response_mode': 'normal', 'id': 194, 'url': 'https://lldev.thespacedevs.com/2.3.0/launchers/194/', 'flight_proven': True, 'serial_number': 'B1094', 'is_placeholder': False, 'status': {'id': 3, 'name': 'active'}, 'image': {'id': 2456, 'name': 'B1094 landing on LZ-1 during Crew-11 launch', 'image_url': 'https://thespacedevs-dev.nyc3.digitaloceanspaces.com/media/images/b1094_landing_o_image_20250912150803.jpeg', 'thumbnail_url': 'https://thespacedevs-dev.nyc3.digitaloceanspaces.com/media/images/b1094_landing_o_image_thumbnail_20250912150803.jpeg', 'credit': 'SpaceX', 'license': {'id': 1, 'name': 'Unknown', 'priority': 9, 'link': None}, 'single_use': False, 'variants': []}, 'details': 'Falcon 9 booster debuting on Starlink Group 12-10.', 'successful_landings': 7, 'attempted_landings': 7, 'flights': 7, 'last_launch_date': '2026-04-11T11:41:21Z', 'first_launch_date': '2025-04-29T02:34:10Z', 'fastest_turnaround': 'P37DT9H11M50S'}, 'previous_flight_date': '2025-12-17T13:42:10Z', 'turn_around_time': 'P114DT21H59M11S', 'previous_flight': {'id': '9d12fbac-53de-4517-9191-4697fbc07dd2', 'url': 'https://lldev.thespacedevs.com/2.3.0/launches/9d12fbac-53de-4517-9191-4697fbc07dd2/', 'name': 'Falcon 9 Block 5 | Starlink Group 6-99'}}",,
106,1699,https://lldev.thespacedevs.com/2.3.0/landings/1699/,True,,The Falcon 9 first stage will attempt to land back at the launch site after its flight.,14.6,"{'id': 12, 'name': 'Unknown', 'active': True, 'abbrev': 'N/A', 'description': None, 'location': None, 'longitude': None, 'latitude': None, 'image': None, 'successful_landings': 0, 'attempted_landings': 0, 'failed_landings': 0, 'celestial_body': {'response_mode': 'normal', 'id': 1, 'name': 'Earth', 'type': {'id': 1, 'name': 'Planet'}, 'diameter': 12742000.0, 'mass': 5.972168e+24, 'gravity': 9.80655, 'length_of_day': '1 00:00:00', 'atmosphere': True, 'image': {'id': 2040, 'name': 'Earth (Apollo 17)', 'image_url': 'https://thespacedevs-dev.nyc3.digitaloceanspaces.com/media/images/earth_2528apol_image_20240402194304.jpeg', 'thumbnail_url': 'https://thespacedevs-dev.nyc3.digitaloceanspaces.com/media/images/earth_2528apol_image_thumbnail_20240402194305.jpeg', 'credit': 'NASA', 'license': {'id': 4, 'name': 'NASA Image and Media Guidelines', 'priority': 0, 'link': 'https://www.nasa.gov/nasa-brand-center/images-and-media/'}, 'single_use': True, 'variants': []}, 'description': 'Earth is the third planet from the Sun and the only astronomical object known to harbor life.', 'wiki_url': 'https://en.wikipedia.org/wiki/Earth'}}","{'id': 2, 'name': 'Return to Launch Site', 'abbrev': 'RTLS', 'description': 'A return to launch site usually means that after stage separation the booster flips and does a burn back towards the launch site, landing near where it initially launched from.'}",,normal,"{'id': 803, 'type': 'Core', 'reused': None, 'launcher_flight_number': None, 'launcher': {'response_mode': 'normal', 'id': 106, 'url': 'https://lldev.thespacedevs.com/2.3.0/launchers/106/', 'flight_proven': False, 'serial_number': 'Unknown F9', 'is_placeholder': True, 'status': {'id': 8, 'name': 'N/A'}, 'image': {'id': 1674, 'name': '[AUTO] Unknown F9 - image', 'image_url': 'https://thespacedevs-dev.nyc3.digitaloceanspaces.com/media/images/106_image_20230708172214.png', 'thumbnail_url': 'https://thespacedevs-dev.nyc3.digitaloceanspaces.com/media/images/255bauto255d__image_thumbnail_20240305193443.png', 'credit': None, 'license': {'id': 1, 'name': 'Unknown', 'priority': 9, 'link': None}, 'single_use': True, 'variants': []}, 'details': 'Booster serial number unknown.', 'successful_landings': None, 'attempted_landings': None, 'flights': None, 'last_launch_date': None, 'first_launch_date': None, 'fastest_turnaround': None}, 'previous_flight_date': None, 'turn_around_time': None, 'previous_flight': None}",,
107,1700,https://lldev.thespacedevs.com/2.3.0/landings/1700/,True,True,The Falcon 9 first stage B1082 has landed on ASDS OCISLY after its 16th flight.,574.0,"{'id': 1, 'name': 'Of Course I Still Love You', 'active': True, 'abbrev': 'OCISLY', 'description': 'The second ASDS barge, Of Course I Still Love You (OCISLY) services launches in the Pacific Ocean and was the site of the first landing of a SpaceX Falcon 9 first stage during CRS-8, the launch of a Dragon spacecraft to the International Space Station.', 'location': None, 'longitude': None, 'latitude': None, 'image': {'id': 1969, 'name': 'OCISLY empty', 'image_url': 'https://thespacedevs-dev.nyc3.digitaloceanspaces.com/media/images/ocisly_empty_image_20240310164323.png', 'thumbnail_url': 'https://thespacedevs-dev.nyc3.digitaloceanspaces.com/media/images/ocisly_empty_image_thumbnail_20240310164323.png', 'credit': 'SpaceX', 'license': {'id': 5, 'name': 'CC BY-NC 2.0', 'priority': 1, 'link': 'https://creativecommons.org/licenses/by-nc/2.0/'}, 'single_use': True, 'variants': []}, 'successful_landings': 217, 'attempted_landings': 225, 'failed_landings': 8, 'celestial_body': {'response_mode': 'normal', 'id': 1, 'name': 'Earth', 'type': {'id': 1, 'name': 'Planet'}, 'diameter': 12742000.0, 'mass': 5.972168e+24, 'gravity': 9.80655, 'length_of_day': '1 00:00:00', 'atmosphere': True, 'image': {'id': 2040, 'name': 'Earth (Apollo 17)', 'image_url': 'https://thespacedevs-dev.nyc3.digitaloceanspaces.com/media/images/earth_2528apol_image_20240402194304.jpeg', 'thumbnail_url': 'https://thespacedevs-dev.nyc3.digitaloceanspaces.com/media/images/earth_2528apol_image_thumbnail_20240402194305.jpeg', 'credit': 'NASA', 'license': {'id': 4, 'name': 'NASA Image and Media Guidelines', 'priority': 0, 'link': 'https://www.nasa.gov/nasa-brand-center/images-and-media/'}, 'single_use': True, 'variants': []}, 'description': 'Earth is the third planet from the Sun and the only astronomical object known to harbor life.', 'wiki_url': 'https://en.wikipedia.org/wiki/Earth'}}","{'id': 1, 'name': 'Autonomous Spaceport Drone Ship', 'abbrev': 'ASDS', 'description': 'An autonomous spaceport drone ship (ASDS) is an ocean-going vessel derived from a deck barge, outfitted with station-keeping engines and a large landing platform. Construction of such ships was commissioned by aerospace company SpaceX to allow for recovery of rocket first-stages at sea for high-velocity missions which do not carry enough fuel to return to the launch site after lofting spacecraft onto an orbital trajectory.'}",,normal,"{'id': 804, 'type': 'Core', 'reused': True, 'launcher_flight_number': 16, 'launcher': {'response_mode': 'normal', 'id': 125, 'url': 'https://lldev.thespacedevs.com/2.3.0/launchers/125/', 'flight_proven': True, 'serial_number': 'B1082', 'is_placeholder': False, 'status': {'id': 3, 'name': 'active'}, 'image': {'id': 2632, 'name': 'B1082 landing at LZ-4 (USSF-62)', 'image_url': 'https://thespacedevs-dev.nyc3.digitaloceanspaces.com/media/images/b1082_landing_a_image_20251219191159.jpg', 'thumbnail_url': 'https://thespacedevs-dev.nyc3.digitaloceanspaces.com/media/images/b1082_landing_a_image_thumbnail_20251219191159.jpeg', 'credit': 'USSF SSC', 'license': {'id': 17, 'name': 'Department of Defense Image Use Policy', 'priority': 6, 'link': 'https://www.dimoc.mil/resources/limitations/'}, 'single_use': True, 'variants': []}, 'details': 'Falcon 9 Block 5 booster.', 'successful_landings': 23, 'attempted_landings': 23, 'flights': 23, 'last_launch_date': '2026-07-21T14:49:34Z', 'first_launch_date': '2024-01-03T03:44:20Z', 'fastest_turnaround': 'P25DT10M'}, 'previous_flight_date': '2025-08-30T04:59:14Z', 'turn_around_time': 'P26DT23H27M15S', 'previous_flight': {'id': 'b7b6c516-70cc-443a-aec9-f97ae4333152', 'url': 'https://lldev.thespacedevs.com/2.3.0/launches/b7b6c516-70cc-443a-aec9-f97ae4333152/', 'name': 'Falcon 9 Block 5 | Starlink Group 17-7'}}",,
108,1701,https://lldev.thespacedevs.com/2.3.0/landings/1701/,True,True,The Falcon 9 1st stage B1080 has landed on ASDS ASOG after its 22nd flight.,600.0,"{'id': 17, 'name': 'A Shortfall of Gravitas', 'active': True, 'abbrev': 'ASOG', 'description': 'The fourth ASDS barge, A Shortfall of Gravitas (ASOG) is currently used to recover Falcon 9 and Heavy boosters in the Altantic Ocean.', 'location': None, 'longitude': None, 'latitude': None, 'image': {'id': 1971, 'name': 'ASOG with booster', 'image_url': 'https://thespacedevs-dev.nyc3.digitaloceanspaces.com/media/images/asog_with_boost_image_20240310164859.jpeg', 'thumbnail_url': 'https://thespacedevs-dev.nyc3.digitaloceanspaces.com/media/images/asog_with_boost_image_thumbnail_20240310164859.jpeg', 'credit': 'SpaceX', 'license': {'id': 5, 'name': 'CC BY-NC 2.0', 'priority': 1, 'link': 'https://creativecommons.org/licenses/by-nc/2.0/'}, 'single_use': True, 'variants': []}, 'successful_landings': 163, 'attempted_landings': 164, 'failed_landings': 1, 'celestial_body': {'response_mode': 'normal', 'id': 1, 'name': 'Earth', 'type': {'id': 1, 'name': 'Planet'}, 'diameter': 12742000.0, 'mass': 5.972168e+24, 'gravity': 9.80655, 'length_of_day': '1 00:00:00', 'atmosphere': True, 'image': {'id': 2040, 'name': 'Earth (Apollo 17)', 'image_url': 'https://thespacedevs-dev.nyc3.digitaloceanspaces.com/media/images/earth_2528apol_image_20240402194304.jpeg', 'thumbnail_url': 'https://thespacedevs-dev.nyc3.digitaloceanspaces.com/media/images/earth_2528apol_image_thumbnail_20240402194305.jpeg', 'credit': 'NASA', 'license': {'id': 4, 'name': 'NASA Image and Media Guidelines', 'priority': 0, 'link': 'https://www.nasa.gov/nasa-brand-center/images-and-media/'}, 'single_use': True, 'variants': []}, 'description': 'Earth is the third planet from the Sun and the only astronomical object known to harbor life.', 'wiki_url': 'https://en.wikipedia.org/wiki/Earth'}}","{'id': 1, 'name': 'Autonomous Spaceport Drone Ship', 'abbrev': 'ASDS', 'description': 'An autonomous spaceport drone ship (ASDS) is an ocean-going vessel derived from a deck barge, outfitted with station-keeping engines and a large landing platform. Construction of such ships was commissioned by aerospace company SpaceX to allow for recovery of rocket first-stages at sea for high-velocity missions which do not carry enough fuel to return to the launch site after lofting spacecraft onto an orbital trajectory.'}",,normal,"{'id': 805, 'type': 'Core', 'reused': True, 'launcher_flight_number': 22, 'launcher': {'response_mode': 'normal', 'id': 123, 'url': 'https://lldev.thespacedevs.com/2.3.0/launchers/123/', 'flight_proven': True, 'serial_number': 'B1080', 'is_placeholder': False, 'status': {'id': 3, 'name': 'active'}, 'image': {'id': 1640, 'name': 'B1080 landing on LZ-1 during CRS SpX-30 launch', 'image_url': 'https://thespacedevs-dev.nyc3.digitaloceanspaces.com/media/images/b1080_image_20240322071018.jpeg', 'thumbnail_url': 'https://thespacedevs-dev.nyc3.digitaloceanspaces.com/media/images/b1080_image_thumbnail_20240322071019.jpeg', 'credit': 'SpaceX', 'license': {'id': 5, 'name': 'CC BY-NC 2.0', 'priority': 1, 'link': 'https://creativecommons.org/licenses/by-nc/2.0/'}, 'single_use': False, 'variants': []}, 'details': 'Falcon 9 Block 5 booster first used for the Axiom Space Mission 2 Crew Dragon mission.', 'successful_landings': 28, 'attempted_landings': 28, 'flights': 28, 'last_launch_date': '2026-07-14T09:10:12Z', 'first_launch_date': '2023-05-21T21:37:09Z', 'fastest_turnaround': 'P13DT12H34M20S'}, 'previous_flight_date': '2025-08-04T07:57:50Z', 'turn_around_time': 'P52DT41M10S', 'previous_flight': None}",,
109,1702,https://lldev.thespacedevs.com/2.3.0/landings/1702/,True,,The Themis T1H demonstrator will attempt a soft vertical landing back at its launch site.,0.0,"{'id': 58, 'name': 'Launch Complex 3 Landing Pad', 'active': True, 'abbrev': 'LC3LP', 'description': ""40x40m landing pad at Esrange's Launch Complex 3."", 'location': {'response_mode': 'normal', 'id': 178, 'url': 'https://lldev.thespacedevs.com/2.3.0/locations/178/', 'name': 'Esrange Space Center', 'active': True, 'country': {'id': 15, 'name': 'Sweden', 'alpha_2_code': 'SE', 'alpha_3_code': 'SWE', 'nationality_name': 'Swedish', 'nationality_name_composed': 'Swedo'}, 'description': 'Esrange Space Center is a rocket range and research centre located about 40 kilometers east of the town of Kiruna in northern Sweden. It is a base for scientific research with high-altitude balloons, investigation of the aurora borealis, sounding rocket launches, and satellite tracking. Built in 1964 by ESRO, one of the predecessors of the European Space Agency, the site is currently operated by the Swedish Space Corporation. An orbital launch complex, LC-3, has been built in the early 2020s.', 'image': {'id': 2475, 'name': 'Esrange Launch Complex 3', 'image_url': 'https://thespacedevs-dev.nyc3.digitaloceanspaces.com/media/images/esrange_launch__image_20250916092401.jpg', 'thumbnail_url': 'https://thespacedevs-dev.nyc3.digitaloceanspaces.com/media/images/esrange_launch__image_thumbnail_20250916092401.jpeg', 'credit': 'Copyright SSC', 'license': {'id': 40, 'name': 'SSC Media Terms of Use', 'priority': 4, 'link': 'https://sscspace.com/news/media-bank/'}, 'single_use': False, 'variants': []}, 'map_image': 'https://thespacedevs-dev.nyc3.digitaloceanspaces.com/media/map_images/location_esrange_space_center_20241208021356.jpg', 'longitude': 21.106944, 'latitude': 67.893889, 'timezone_name': 'Europe/Stockholm', 'total_launch_count': 0, 'total_landing_count': 0}, 'longitude': 21.168485, 'latitude': 67.876342, 'image': {'id': 2475, 'name': 'Esrange Launch Complex 3', 'image_url': 'https://thespacedevs-dev.nyc3.digitaloceanspaces.com/media/images/esrange_launch__image_20250916092401.jpg', 'thumbnail_url': 'https://thespacedevs-dev.nyc3.digitaloceanspaces.com/media/images/esrange_launch__image_thumbnail_20250916092401.jpeg', 'credit': 'Copyright SSC', 'license': {'id': 40, 'name': 'SSC Media Terms of Use', 'priority': 4, 'link': 'https://sscspace.com/news/media-bank/'}, 'single_use': False, 'variants': []}, 'successful_landings': 0, 'attempted_landings': 0, 'failed_landings': 0, 'celestial_body': {'response_mode': 'normal', 'id': 1, 'name': 'Earth', 'type': {'id': 1, 'name': 'Planet'}, 'diameter': 12742000.0, 'mass': 5.972168e+24, 'gravity': 9.80655, 'length_of_day': '1 00:00:00', 'atmosphere': True, 'image': {'id': 2040, 'name': 'Earth (Apollo 17)', 'image_url': 'https://thespacedevs-dev.nyc3.digitaloceanspaces.com/media/images/earth_2528apol_image_20240402194304.jpeg', 'thumbnail_url': 'https://thespacedevs-dev.nyc3.digitaloceanspaces.com/media/images/earth_2528apol_image_thumbnail_20240402194305.jpeg', 'credit': 'NASA', 'license': {'id': 4, 'name': 'NASA Image and Media Guidelines', 'priority': 0, 'link': 'https://www.nasa.gov/nasa-brand-center/images-and-media/'}, 'single_use': True, 'variants': []}, 'description': 'Earth is the third planet from the Sun and the only astronomical object known to harbor life.', 'wiki_url': 'https://en.wikipedia.org/wiki/Earth'}}","{'id': 2, 'name': 'Return to Launch Site', 'abbrev': 'RTLS', 'description': 'A return to launch site usually means that after stage separation the booster flips and does a burn back towards the launch site, landing near where it initially launched from.'}",,normal,"{'id': 808, 'type': 'Core', 'reused': False, 'launcher_flight_number': 1, 'launcher': {'response_mode': 'normal', 'id': 235, 'url': 'https://lldev.thespacedevs.com/2.3.0/launchers/235/', 'flight_proven': False, 'serial_number': 'T1H', 'is_placeholder': False, 'status': {'id': 3, 'name': 'active'}, 'image': {'id': 2474, 'name': 'Themis T1H on the pad at Esrange', 'image_url': 'https://thespacedevs-dev.nyc3.digitaloceanspaces.com/media/images/themis_t1h_on_t_image_20250919095336.jpg', 'thumbnail_url': 'https://thespacedevs-dev.nyc3.digitaloceanspaces.com/media/images/themis_t1h_on_t_image_thumbnail_20250919095336.jpeg', 'credit': 'ArianeGroup', 'license': {'id': 1, 'name': 'Unknown', 'priority': 9, 'link': None}, 'single_use': True, 'variants': []}, 'details': 'T1H, which stands for Themis 1-Engine Hop, is the first Themis demonstrator flight model, designed for low-altitude hop tests at the Esrange Space Center in Sweden.', 'successful_landings': 0, 'attempted_landings': 0, 'flights': 0, 'last_launch_date': None, 'first_launch_date': None, 'fastest_turnaround': None}, 'previous_flight_date': None, 'turn_around_time': None, 'previous_flight': None}",,
110,1704,https://lldev.thespacedevs.com/2.3.0/landings/1704/,True,True,The Falcon 9 1st stage B1091 has landed on ASDS ASOG after its 2nd flight.,600.0,"{'id': 17, 'name': 'A Shortfall of Gravitas', 'active': True, 'abbrev': 'ASOG', 'description': 'The fourth ASDS barge, A Shortfall of Gravitas (ASOG) is currently used to recover Falcon 9 and Heavy boosters in the Altantic Ocean.', 'location': None, 'longitude': None, 'latitude': None, 'image': {'id': 1971, 'name': 'ASOG with booster', 'image_url': 'https://thespacedevs-dev.nyc3.digitaloceanspaces.com/media/images/asog_with_boost_image_20240310164859.jpeg', 'thumbnail_url': 'https://thespacedevs-dev.nyc3.digitaloceanspaces.com/media/images/asog_with_boost_image_thumbnail_20240310164859.jpeg', 'credit': 'SpaceX', 'license': {'id': 5, 'name': 'CC BY-NC 2.0', 'priority': 1, 'link': 'https://creativecommons.org/licenses/by-nc/2.0/'}, 'single_use': True, 'variants': []}, 'successful_landings': 163, 'attempted_landings': 164, 'failed_landings': 1, 'celestial_body': {'response_mode': 'normal', 'id': 1, 'name': 'Earth', 'type': {'id': 1, 'name': 'Planet'}, 'diameter': 12742000.0, 'mass': 5.972168e+24, 'gravity': 9.80655, 'length_of_day': '1 00:00:00', 'atmosphere': True, 'image': {'id': 2040, 'name': 'Earth (Apollo 17)', 'image_url': 'https://thespacedevs-dev.nyc3.digitaloceanspaces.com/media/images/earth_2528apol_image_20240402194304.jpeg', 'thumbnail_url': 'https://thespacedevs-dev.nyc3.digitaloceanspaces.com/media/images/earth_2528apol_image_thumbnail_20240402194305.jpeg', 'credit': 'NASA', 'license': {'id': 4, 'name': 'NASA Image and Media Guidelines', 'priority': 0, 'link': 'https://www.nasa.gov/nasa-brand-center/images-and-media/'}, 'single_use': True, 'variants': []}, 'description': 'Earth is the third planet from the Sun and the only astronomical object known to harbor life.', 'wiki_url': 'https://en.wikipedia.org/wiki/Earth'}}","{'id': 1, 'name': 'Autonomous Spaceport Drone Ship', 'abbrev': 'ASDS', 'description': 'An autonomous spaceport drone ship (ASDS) is an ocean-going vessel derived from a deck barge, outfitted with station-keeping engines and a large landing platform. Construction of such ships was commissioned by aerospace company SpaceX to allow for recovery of rocket first-stages at sea for high-velocity missions which do not carry enough fuel to return to the launch site after lofting spacecraft onto an orbital trajectory.'}",,normal,"{'id': 810, 'type': 'Core', 'reused': True, 'launcher_flight_number': 2, 'launcher': {'response_mode': 'normal', 'id': 195, 'url': 'https://lldev.thespacedevs.com/2.3.0/launchers/195/', 'flight_proven': True, 'serial_number': 'B1091', 'is_placeholder': False, 'status': {'id': 3, 'name': 'active'}, 'image': {'id': 2435, 'name': 'B1091 on SLC-40 (KF-02)', 'image_url': 'https://thespacedevs-dev.nyc3.digitaloceanspaces.com/media/images/b1091_on_slc-40_image_20250807141845.jpeg', 'thumbnail_url': 'https://thespacedevs-dev.nyc3.digitaloceanspaces.com/media/images/b1091_on_slc-40_image_thumbnail_20250807141845.jpeg', 'credit': 'SpaceX', 'license': {'id': 1, 'name': 'Unknown', 'priority': 9, 'link': None}, 'single_use': True, 'variants': []}, 'details': 'Planned Falcon Heavy center core stage that will first be used as a Falcon 9 first stage booster for several launches.', 'successful_landings': 3, 'attempted_landings': 3, 'flights': 3, 'last_launch_date': '2025-11-02T05:09:59Z', 'first_launch_date': '2025-08-11T12:35:00Z', 'fastest_turnaround': 'P19DT3H11M59S'}, 'previous_flight_date': '2025-08-11T12:35:00Z', 'turn_around_time': 'P63DT13H23M', 'previous_flight': {'id': '594ae0c5-2039-4a1a-a6be-7b0940b2ed2c', 'url': 'https://lldev.thespacedevs.com/2.3.0/launches/594ae0c5-2039-4a1a-a6be-7b0940b2ed2c/', 'name': 'Falcon 9 Block 5 | Amazon Leo (KF-02)'}}",,
111,1705,https://lldev.thespacedevs.com/2.3.0/landings/1705/,True,True,The Falcon 9 first stage B1063 has landed on ASDS OCISLY after its 28th flight.,574.0,"{'id': 1, 'name': 'Of Course I Still Love You', 'active': True, 'abbrev': 'OCISLY', 'description': 'The second ASDS barge, Of Course I Still Love You (OCISLY) services launches in the Pacific Ocean and was the site of the first landing of a SpaceX Falcon 9 first stage during CRS-8, the launch of a Dragon spacecraft to the International Space Station.', 'location': None, 'longitude': None, 'latitude': None, 'image': {'id': 1969, 'name': 'OCISLY empty', 'image_url': 'https://thespacedevs-dev.nyc3.digitaloceanspaces.com/media/images/ocisly_empty_image_20240310164323.png', 'thumbnail_url': 'https://thespacedevs-dev.nyc3.digitaloceanspaces.com/media/images/ocisly_empty_image_thumbnail_20240310164323.png', 'credit': 'SpaceX', 'license': {'id': 5, 'name': 'CC BY-NC 2.0', 'priority': 1, 'link': 'https://creativecommons.org/licenses/by-nc/2.0/'}, 'single_use': True, 'variants': []}, 'successful_landings': 217, 'attempted_landings': 225, 'failed_landings': 8, 'celestial_body': {'response_mode': 'normal', 'id': 1, 'name': 'Earth', 'type': {'id': 1, 'name': 'Planet'}, 'diameter': 12742000.0, 'mass': 5.972168e+24, 'gravity': 9.80655, 'length_of_day': '1 00:00:00', 'atmosphere': True, 'image': {'id': 2040, 'name': 'Earth (Apollo 17)', 'image_url': 'https://thespacedevs-dev.nyc3.digitaloceanspaces.com/media/images/earth_2528apol_image_20240402194304.jpeg', 'thumbnail_url': 'https://thespacedevs-dev.nyc3.digitaloceanspaces.com/media/images/earth_2528apol_image_thumbnail_20240402194305.jpeg', 'credit': 'NASA', 'license': {'id': 4, 'name': 'NASA Image and Media Guidelines', 'priority': 0, 'link': 'https://www.nasa.gov/nasa-brand-center/images-and-media/'}, 'single_use': True, 'variants': []}, 'description': 'Earth is the third planet from the Sun and the only astronomical object known to harbor life.', 'wiki_url': 'https://en.wikipedia.org/wiki/Earth'}}","{'id': 1, 'name': 'Autonomous Spaceport Drone Ship', 'abbrev': 'ASDS', 'description': 'An autonomous spaceport drone ship (ASDS) is an ocean-going vessel derived from a deck barge, outfitted with station-keeping engines and a large landing platform. Construction of such ships was commissioned by aerospace company SpaceX to allow for recovery of rocket first-stages at sea for high-velocity missions which do not carry enough fuel to return to the launch site after lofting spacecraft onto an orbital trajectory.'}",,normal,"{'id': 811, 'type': 'Core', 'reused': True, 'launcher_flight_number': 28, 'launcher': {'response_mode': 'normal', 'id': 84, 'url': 'https://lldev.thespacedevs.com/2.3.0/launchers/84/', 'flight_proven': True, 'serial_number': 'B1063', 'is_placeholder': False, 'status': {'id': 3, 'name': 'active'}, 'image': {'id': 1626, 'name': 'B1063 landing on LZ-4 during Sentinel-6A Michael Freilich launch', 'image_url': 'https://thespacedevs-dev.nyc3.digitaloceanspaces.com/media/images/84_image_20201122121517.jpeg', 'thumbnail_url': 'https://thespacedevs-dev.nyc3.digitaloceanspaces.com/media/images/255bauto255d__image_thumbnail_20240305193327.jpeg', 'credit': 'SpaceX', 'license': {'id': 1, 'name': 'Unknown', 'priority': 9, 'link': None}, 'single_use': False, 'variants': []}, 'details': 'Notable launches include Sentinel-6 and Dart.', 'successful_landings': 34, 'attempted_landings': 34, 'flights': 34, 'last_launch_date': '2026-08-04T17:05:03Z', 'first_launch_date': '2020-11-21T17:17:08Z', 'fastest_turnaround': 'P32DT18H36M20S'}, 'previous_flight_date': '2025-08-26T18:53:41Z', 'turn_around_time': 'P33DT7H11M9S', 'previous_flight': {'id': 'cad4ded9-6f24-4b6c-b4ed-b5dca4613cdd', 'url': 'https://lldev.thespacedevs.com/2.3.0/launches/cad4ded9-6f24-4b6c-b4ed-b5dca4613cdd/', 'name': 'Falcon 9 Block 5 | NAOS'}}",,
112,1706,https://lldev.thespacedevs.com/2.3.0/landings/1706/,True,True,The Falcon 9 1st stage B1090 has landed on ASDS ASOG after its 8th flight.,600.0,"{'id': 17, 'name': 'A Shortfall of Gravitas', 'active': True, 'abbrev': 'ASOG', 'description': 'The fourth ASDS barge, A Shortfall of Gravitas (ASOG) is currently used to recover Falcon 9 and Heavy boosters in the Altantic Ocean.', 'location': None, 'longitude': None, 'latitude': None, 'image': {'id': 1971, 'name': 'ASOG with booster', 'image_url': 'https://thespacedevs-dev.nyc3.digitaloceanspaces.com/media/images/asog_with_boost_image_20240310164859.jpeg', 'thumbnail_url': 'https://thespacedevs-dev.nyc3.digitaloceanspaces.com/media/images/asog_with_boost_image_thumbnail_20240310164859.jpeg', 'credit': 'SpaceX', 'license': {'id': 5, 'name': 'CC BY-NC 2.0', 'priority': 1, 'link': 'https://creativecommons.org/licenses/by-nc/2.0/'}, 'single_use': True, 'variants': []}, 'successful_landings': 163, 'attempted_landings': 164, 'failed_landings': 1, 'celestial_body': {'response_mode': 'normal', 'id': 1, 'name': 'Earth', 'type': {'id': 1, 'name': 'Planet'}, 'diameter': 12742000.0, 'mass': 5.972168e+24, 'gravity': 9.80655, 'length_of_day': '1 00:00:00', 'atmosphere': True, 'image': {'id': 2040, 'name': 'Earth (Apollo 17)', 'image_url': 'https://thespacedevs-dev.nyc3.digitaloceanspaces.com/media/images/earth_2528apol_image_20240402194304.jpeg', 'thumbnail_url': 'https://thespacedevs-dev.nyc3.digitaloceanspaces.com/media/images/earth_2528apol_image_thumbnail_20240402194305.jpeg', 'credit': 'NASA', 'license': {'id': 4, 'name': 'NASA Image and Media Guidelines', 'priority': 0, 'link': 'https://www.nasa.gov/nasa-brand-center/images-and-media/'}, 'single_use': True, 'variants': []}, 'description': 'Earth is the third planet from the Sun and the only astronomical object known to harbor life.', 'wiki_url': 'https://en.wikipedia.org/wiki/Earth'}}","{'id': 1, 'name': 'Autonomous Spaceport Drone Ship', 'abbrev': 'ASDS', 'description': 'An autonomous spaceport drone ship (ASDS) is an ocean-going vessel derived from a deck barge, outfitted with station-keeping engines and a large landing platform. Construction of such ships was commissioned by aerospace company SpaceX to allow for recovery of rocket first-stages at sea for high-velocity missions which do not carry enough fuel to return to the launch site after lofting spacecraft onto an orbital trajectory.'}",,normal,"{'id': 815, 'type': 'Core', 'reused': True, 'launcher_flight_number': 8, 'launcher': {'response_mode': 'normal', 'id': 190, 'url': 'https://lldev.thespacedevs.com/2.3.0/launchers/190/', 'flight_proven': True, 'serial_number': 'B1090', 'is_placeholder': False, 'status': {'id': 3, 'name': 'active'}, 'image': {'id': 2353, 'name': 'B1090 at LZ-1 (Crew-10)', 'image_url': 'https://thespacedevs-dev.nyc3.digitaloceanspaces.com/media/images/b1090_at_lz-1__image_20250316065021.jpg', 'thumbnail_url': 'https://thespacedevs-dev.nyc3.digitaloceanspaces.com/media/images/b1090_at_lz-1__image_thumbnail_20250316065021.jpeg', 'credit': 'SpaceX', 'license': {'id': 1, 'name': 'Unknown', 'priority': 9, 'link': None}, 'single_use': True, 'variants': []}, 'details': 'Falcon 9 booster.', 'successful_landings': 13, 'attempted_landings': 13, 'flights': 13, 'last_launch_date': '2026-07-05T10:50:00Z', 'first_launch_date': '2024-12-17T22:26:00Z', 'fastest_turnaround': 'P22DT15H50M16S'}, 'previous_flight_date': '2025-08-24T06:45:36Z', 'turn_around_time': 'P44DT34S', 'previous_flight': {'id': 'e8e93778-657c-401c-9c88-3cd4c7c45c9d', 'url': 'https://lldev.thespacedevs.com/2.3.0/launches/e8e93778-657c-401c-9c88-3cd4c7c45c9d/', 'name': 'Falcon 9 Block 5 | Dragon CRS-2 SpX-33'}}",,
113,1707,https://lldev.thespacedevs.com/2.3.0/landings/1707/,True,True,The Falcon 9 first stage B1097 has landed on ASDS OCISLY after its 2nd flight.,574.0,"{'id': 1, 'name': 'Of Course I Still Love You', 'active': True, 'abbrev': 'OCISLY', 'description': 'The second ASDS barge, Of Course I Still Love You (OCISLY) services launches in the Pacific Ocean and was the site of the first landing of a SpaceX Falcon 9 first stage during CRS-8, the launch of a Dragon spacecraft to the International Space Station.', 'location': None, 'longitude': None, 'latitude': None, 'image': {'id': 1969, 'name': 'OCISLY empty', 'image_url': 'https://thespacedevs-dev.nyc3.digitaloceanspaces.com/media/images/ocisly_empty_image_20240310164323.png', 'thumbnail_url': 'https://thespacedevs-dev.nyc3.digitaloceanspaces.com/media/images/ocisly_empty_image_thumbnail_20240310164323.png', 'credit': 'SpaceX', 'license': {'id': 5, 'name': 'CC BY-NC 2.0', 'priority': 1, 'link': 'https://creativecommons.org/licenses/by-nc/2.0/'}, 'single_use': True, 'variants': []}, 'successful_landings': 217, 'attempted_landings': 225, 'failed_landings': 8, 'celestial_body': {'response_mode': 'normal', 'id': 1, 'name': 'Earth', 'type': {'id': 1, 'name': 'Planet'}, 'diameter': 12742000.0, 'mass': 5.972168e+24, 'gravity': 9.80655, 'length_of_day': '1 00:00:00', 'atmosphere': True, 'image': {'id': 2040, 'name': 'Earth (Apollo 17)', 'image_url': 'https://thespacedevs-dev.nyc3.digitaloceanspaces.com/media/images/earth_2528apol_image_20240402194304.jpeg', 'thumbnail_url': 'https://thespacedevs-dev.nyc3.digitaloceanspaces.com/media/images/earth_2528apol_image_thumbnail_20240402194305.jpeg', 'credit': 'NASA', 'license': {'id': 4, 'name': 'NASA Image and Media Guidelines', 'priority': 0, 'link': 'https://www.nasa.gov/nasa-brand-center/images-and-media/'}, 'single_use': True, 'variants': []}, 'description': 'Earth is the third planet from the Sun and the only astronomical object known to harbor life.', 'wiki_url': 'https://en.wikipedia.org/wiki/Earth'}}","{'id': 1, 'name': 'Autonomous Spaceport Drone Ship', 'abbrev': 'ASDS', 'description': 'An autonomous spaceport drone ship (ASDS) is an ocean-going vessel derived from a deck barge, outfitted with station-keeping engines and a large landing platform. Construction of such ships was commissioned by aerospace company SpaceX to allow for recovery of rocket first-stages at sea for high-velocity missions which do not carry enough fuel to return to the launch site after lofting spacecraft onto an orbital trajectory.'}",,normal,"{'id': 816, 'type': 'Core', 'reused': True, 'launcher_flight_number': 2, 'launcher': {'response_mode': 'normal', 'id': 199, 'url': 'https://lldev.thespacedevs.com/2.3.0/launchers/199/', 'flight_proven': True, 'serial_number': 'B1097', 'is_placeholder': False, 'status': {'id': 3, 'name': 'active'}, 'image': {'id': 2631, 'name': 'B1097 landing at LZ-4 (Sentinel 6B)', 'image_url': 'https://thespacedevs-dev.nyc3.digitaloceanspaces.com/media/images/b1097_landing_a_image_20251219190818.jpg', 'thumbnail_url': 'https://thespacedevs-dev.nyc3.digitaloceanspaces.com/media/images/b1097_landing_a_image_thumbnail_20251219190819.jpeg', 'credit': 'NASA Kennedy', 'license': {'id': 4, 'name': 'NASA Image and Media Guidelines', 'priority': 0, 'link': 'https://www.nasa.gov/nasa-brand-center/images-and-media/'}, 'single_use': True, 'variants': []}, 'details': 'Falcon 9 booster.', 'successful_landings': 11, 'attempted_landings': 11, 'flights': 11, 'last_launch_date': '2026-07-07T07:12:00Z', 'first_launch_date': '2025-09-03T03:51:26Z', 'fastest_turnaround': 'P14DT3H45M49S'}, 'previous_flight_date': '2025-09-03T03:51:26Z', 'turn_around_time': 'P30DT10H15M24S', 'previous_flight': {'id': '3628175d-948d-4eaa-80d2-10532869d5d0', 'url': 'https://lldev.thespacedevs.com/2.3.0/launches/3628175d-948d-4eaa-80d2-10532869d5d0/', 'name': 'Falcon 9 Block 5 | Starlink Group 17-8'}}",,
114,1708,https://lldev.thespacedevs.com/2.3.0/landings/1708/,True,True,The New Shepard booster NS4 has landed back on the landing pad.,3.2,"{'id': 11, 'name': 'Corn Ranch Landing Pad, West Texas', 'active': True, 'abbrev': 'CR', 'description': 'New Shepard landing site.', 'location': {'response_mode': 'normal', 'id': 29, 'url': 'https://lldev.thespacedevs.com/2.3.0/locations/29/', 'name': 'Corn Ranch, Van Horn, TX, USA', 'active': True, 'country': {'id': 2, 'name': 'United States of America', 'alpha_2_code': 'US', 'alpha_3_code': 'USA', 'nationality_name': 'American', 'nationality_name_composed': 'Americano'}, 'description': 'Corn Ranch, commonly referred to as Launch Site One (LSO), is a spaceport owned and operated by Blue Origin which is located approximately 30 miles north of the town of Van Horn, Texas, United States.', 'image': {'id': 2098, 'name': 'New Shepard liftoff (NS-25)', 'image_url': 'https://thespacedevs-dev.nyc3.digitaloceanspaces.com/media/images/new_shepard_lif_image_20240621062033.jpeg', 'thumbnail_url': 'https://thespacedevs-dev.nyc3.digitaloceanspaces.com/media/images/new_shepard_lif_image_thumbnail_20240621062033.jpeg', 'credit': 'Blue Origin', 'license': {'id': 1, 'name': 'Unknown', 'priority': 9, 'link': None}, 'single_use': True, 'variants': []}, 'map_image': 'https://thespacedevs-dev.nyc3.digitaloceanspaces.com/media/map_images/location_29_20200803142436.jpg', 'longitude': -104.757152, 'latitude': 31.422927, 'timezone_name': 'America/Chicago', 'total_launch_count': 38, 'total_landing_count': 38}, 'longitude': -104.762793, 'latitude': 31.451665, 'image': {'id': 1972, 'name': 'NS landing pad with booster landing on it', 'image_url': 'https://thespacedevs-dev.nyc3.digitaloceanspaces.com/media/images/ns_landing_pad__image_20240310165834.jpg', 'thumbnail_url': 'https://thespacedevs-dev.nyc3.digitaloceanspaces.com/media/images/ns_landing_pad__image_thumbnail_20240310165835.jpeg', 'credit': 'Blue Origin', 'license': {'id': 1, 'name': 'Unknown', 'priority': 9, 'link': None}, 'single_use': True, 'variants': []}, 'successful_landings': 33, 'attempted_landings': 35, 'failed_landings': 2, 'celestial_body': {'response_mode': 'normal', 'id': 1, 'name': 'Earth', 'type': {'id': 1, 'name': 'Planet'}, 'diameter': 12742000.0, 'mass': 5.972168e+24, 'gravity': 9.80655, 'length_of_day': '1 00:00:00', 'atmosphere': True, 'image': {'id': 2040, 'name': 'Earth (Apollo 17)', 'image_url': 'https://thespacedevs-dev.nyc3.digitaloceanspaces.com/media/images/earth_2528apol_image_20240402194304.jpeg', 'thumbnail_url': 'https://thespacedevs-dev.nyc3.digitaloceanspaces.com/media/images/earth_2528apol_image_thumbnail_20240402194305.jpeg', 'credit': 'NASA', 'license': {'id': 4, 'name': 'NASA Image and Media Guidelines', 'priority': 0, 'link': 'https://www.nasa.gov/nasa-brand-center/images-and-media/'}, 'single_use': True, 'variants': []}, 'description': 'Earth is the third planet from the Sun and the only astronomical object known to harbor life.', 'wiki_url': 'https://en.wikipedia.org/wiki/Earth'}}","{'id': 2, 'name': 'Return to Launch Site', 'abbrev': 'RTLS', 'description': 'A return to launch site usually means that after stage separation the booster flips and does a burn back towards the launch site, landing near where it initially launched from.'}",,normal,"{'id': 817, 'type': 'Core', 'reused': True, 'launcher_flight_number': 16, 'launcher': {'response_mode': 'normal', 'id': 90, 'url': 'https://lldev.thespacedevs.com/2.3.0/launchers/90/', 'flight_proven': True, 'serial_number': 'NS-4', 'is_placeholder': False, 'status': {'id': 3, 'name': 'active'}, 'image': {'id': 1659, 'name': '[AUTO] NS-4 - image', 'image_url': 'https://thespacedevs-dev.nyc3.digitaloceanspaces.com/media/images/90_image_20210412202510.jpeg', 'thumbnail_url': 'https://thespacedevs-dev.nyc3.digitaloceanspaces.com/media/images/255bauto255d__image_thumbnail_20240305193420.jpeg', 'credit': None, 'license': {'id': 1, 'name': 'Unknown', 'priority': 9, 'link': None}, 'single_use': True, 'variants': []}, 'details': ""New Shepard vehicle #4 is the fourth flight vehicle of the New Shepard suborbital rocket. It was used for Blue Origin's first crewed launches."", 'successful_landings': 17, 'attempted_landings': 17, 'flights': 17, 'last_launch_date': '2026-01-22T16:25:35Z', 'first_launch_date': '2021-01-14T17:19:00Z', 'fastest_turnaround': 'P59DT11M42S'}, 'previous_flight_date': '2025-08-03T12:42:16Z', 'turn_around_time': 'P66DT58M11S', 'previous_flight': None}",,
115,1709,https://lldev.thespacedevs.com/2.3.0/landings/1709/,True,True,The RSS capsule RSS First Step has landed at Blue Origin's Corn Ranch facility.,,"{'id': 28, 'name': 'Corn Ranch, West Texas', 'active': True, 'abbrev': 'CR', 'description': 'Blue Origin launch and landing facility located in West Texas', 'location': {'response_mode': 'normal', 'id': 29, 'url': 'https://lldev.thespacedevs.com/2.3.0/locations/29/', 'name': 'Corn Ranch, Van Horn, TX, USA', 'active': True, 'country': {'id': 2, 'name': 'United States of America', 'alpha_2_code': 'US', 'alpha_3_code': 'USA', 'nationality_name': 'American', 'nationality_name_composed': 'Americano'}, 'description': 'Corn Ranch, commonly referred to as Launch Site One (LSO), is a spaceport owned and operated by Blue Origin which is located approximately 30 miles north of the town of Van Horn, Texas, United States.', 'image': {'id': 2098, 'name': 'New Shepard liftoff (NS-25)', 'image_url': 'https://thespacedevs-dev.nyc3.digitaloceanspaces.com/media/images/new_shepard_lif_image_20240621062033.jpeg', 'thumbnail_url': 'https://thespacedevs-dev.nyc3.digitaloceanspaces.com/media/images/new_shepard_lif_image_thumbnail_20240621062033.jpeg', 'credit': 'Blue Origin', 'license': {'id': 1, 'name': 'Unknown', 'priority': 9, 'link': None}, 'single_use': True, 'variants': []}, 'map_image': 'https://thespacedevs-dev.nyc3.digitaloceanspaces.com/media/map_images/location_29_20200803142436.jpg', 'longitude': -104.757152, 'latitude': 31.422927, 'timezone_name': 'America/Chicago', 'total_launch_count': 38, 'total_landing_count': 38}, 'longitude': None, 'latitude': None, 'image': {'id': 2152, 'name': 'New Shepard Crew Capsule Jules Verne under parachutes', 'image_url': 'https://thespacedevs-dev.nyc3.digitaloceanspaces.com/media/images/new_shepard_cre_image_20240812144851.jpg', 'thumbnail_url': 'https://thespacedevs-dev.nyc3.digitaloceanspaces.com/media/images/new_shepard_cre_image_thumbnail_20240812144851.jpeg', 'credit': 'Blue Origin', 'license': {'id': 1, 'name': 'Unknown', 'priority': 9, 'link': None}, 'single_use': True, 'variants': []}, 'successful_landings': 41, 'attempted_landings': 41, 'failed_landings': 0, 'celestial_body': {'response_mode': 'normal', 'id': 1, 'name': 'Earth', 'type': {'id': 1, 'name': 'Planet'}, 'diameter': 12742000.0, 'mass': 5.972168e+24, 'gravity': 9.80655, 'length_of_day': '1 00:00:00', 'atmosphere': True, 'image': {'id': 2040, 'name': 'Earth (Apollo 17)', 'image_url': 'https://thespacedevs-dev.nyc3.digitaloceanspaces.com/media/images/earth_2528apol_image_20240402194304.jpeg', 'thumbnail_url': 'https://thespacedevs-dev.nyc3.digitaloceanspaces.com/media/images/earth_2528apol_image_thumbnail_20240402194305.jpeg', 'credit': 'NASA', 'license': {'id': 4, 'name': 'NASA Image and Media Guidelines', 'priority': 0, 'link': 'https://www.nasa.gov/nasa-brand-center/images-and-media/'}, 'single_use': True, 'variants': []}, 'description': 'Earth is the third planet from the Sun and the only astronomical object known to harbor life.', 'wiki_url': 'https://en.wikipedia.org/wiki/Earth'}}","{'id': 4, 'name': 'Parachute Landing', 'abbrev': 'PCL', 'description': 'Unpowered landing using parachute(s).'}",,normal,,"{'id': 897, 'url': 'https://lldev.thespacedevs.com/2.3.0/spacecraft_flights/897/', 'destination': 'Suborbital', 'mission_end': '2025-10-08T13:50:48Z', 'spacecraft': {'response_mode': 'normal', 'id': 453, 'url': 'https://lldev.thespacedevs.com/2.3.0/spacecraft/453/', 'name': 'RSS First Step', 'serial_number': '2.0-2', 'is_placeholder': False, 'image': {'id': 2153, 'name': 'NS-19 Capsule First Step landed', 'image_url': 'https://thespacedevs-dev.nyc3.digitaloceanspaces.com/media/images/ns-19_capsule_f_image_20240812145125.jpg', 'thumbnail_url': 'https://thespacedevs-dev.nyc3.digitaloceanspaces.com/media/images/ns-19_capsule_f_image_thumbnail_20240812145126.jpeg', 'credit': 'Blue Origin', 'license': {'id': 1, 'name': 'Unknown', 'priority': 9, 'link': None}, 'single_use': True, 'variants': []}, 'in_space': False, 'time_in_space': 'PT2H43M2S', 'time_docked': 'P0D', 'flights_count': 16, 'mission_ends_count': 16, 'status': {'id': 1, 'name': 'Active'}, 'description': 'First Blue Origin New Shepard Crew Capsule 2.0 to carry human passengers. This capsule is outfitted with improvements to environmental features such as acoustics and temperature regulation inside the capsule, crew display panels, and speakers with a microphone and push-to-talk button at each seat.', 'spacecraft_config': {'response_mode': 'normal', 'id': 21, 'url': 'https://lldev.thespacedevs.com/2.3.0/spacecraft_configurations/21/', 'name': 'Crew Capsule 2.0', 'type': {'id': 2, 'name': 'Capsule'}, 'agency': {'response_mode': 'list', 'id': 141, 'url': 'https://lldev.thespacedevs.com/2.3.0/agencies/141/', 'name': 'Blue Origin', 'abbrev': 'BO', 'type': {'id': 3, 'name': 'Commercial'}}, 'family': [{'response_mode': 'normal', 'id': 5, 'name': 'New Shepard Crew Capsule', 'description': 'Capsules built for suborbital human spaceflight on New Shepard', 'manufacturer': {'response_mode': 'list', 'id': 141, 'url': 'https://lldev.thespacedevs.com/2.3.0/agencies/141/', 'name': 'Blue Origin', 'abbrev': 'BO', 'type': {'id': 3, 'name': 'Commercial'}}, 'parent': None, 'maiden_flight': '2015-04-29'}], 'in_use': True, 'image': {'id': 1907, 'name': 'New Shepard M7 H. G. Wells landed', 'image_url': 'https://thespacedevs-dev.nyc3.digitaloceanspaces.com/media/images/crew2520capsule25202.0_image_20190309095011.jpeg', 'thumbnail_url': 'https://thespacedevs-dev.nyc3.digitaloceanspaces.com/media/images/255bauto255d__image_thumbnail_20240305194115.jpeg', 'credit': 'Blue Origin', 'license': {'id': 1, 'name': 'Unknown', 'priority': 9, 'link': None}, 'single_use': True, 'variants': []}}, 'fastest_turnaround': 'P59DT1M42S'}, 'launch': {'id': 'a7d60abb-c22d-41fe-9c17-35dbdd7f8029', 'url': 'https://lldev.thespacedevs.com/2.3.0/launches/a7d60abb-c22d-41fe-9c17-35dbdd7f8029/', 'name': 'New Shepard | NS-36', 'response_mode': 'normal', 'slug': 'new-shepard-ns-36', 'launch_designator': None, 'status': {'id': 3, 'name': 'Launch Successful', 'abbrev': 'Success', 'description': 'The launch vehicle successfully inserted its payload(s) into the target orbit(s).'}, 'last_updated': '2025-10-08T14:14:47Z', 'net': '2025-10-08T13:40:27Z', 'net_precision': {'id': 0, 'name': 'Second', 'abbrev': 'SEC', 'description': 'The T-0 is accurate to the second.'}, 'window_end': '2025-10-08T20:30:00Z', 'window_start': '2025-10-08T12:30:00Z', 'image': {'id': 2098, 'name': 'New Shepard liftoff (NS-25)', 'image_url': 'https://thespacedevs-dev.nyc3.digitaloceanspaces.com/media/images/new_shepard_lif_image_20240621062033.jpeg', 'thumbnail_url': 'https://thespacedevs-dev.nyc3.digitaloceanspaces.com/media/images/new_shepard_lif_image_thumbnail_20240621062033.jpeg', 'credit': 'Blue Origin', 'license': {'id': 1, 'name': 'Unknown', 'priority': 9, 'link': None}, 'single_use': True, 'variants': []}, 'infographic': None, 'probability': None, 'weather_concerns': None, 'failreason': '', 'hashtag': None, 'launch_service_provider': {'response_mode': 'list', 'id': 141, 'url': 'https://lldev.thespacedevs.com/2.3.0/agencies/141/', 'name': 'Blue Origin', 'abbrev': 'BO', 'type': {'id': 3, 'name': 'Commercial'}}, 'rocket': {'id': 8730, 'configuration': {'response_mode': 'list', 'id': 137, 'url': 'https://lldev.thespacedevs.com/2.3.0/launcher_configurations/137/', 'name': 'New Shepard', 'families': [], 'full_name': 'New Shepard', 'variant': ''}}, 'mission': {'id': 7321, 'name': 'NS-36', 'type': 'Tourism', 'description': ""NS-36 is the 15th crewed flight for the New Shepard program and the 36th in the New Shepard program's history."", 'image': None, 'orbit': {'id': 15, 'name': 'Suborbital', 'abbrev': 'Sub', 'celestial_body': {'response_mode': 'list', 'id': 1, 'name': 'Earth'}}, 'agencies': [{'response_mode': 'normal', 'id': 141, 'url': 'https://lldev.thespacedevs.com/2.3.0/agencies/141/', 'name': 'Blue Origin', 'abbrev': 'BO', 'type': {'id': 3, 'name': 'Commercial'}, 'featured': True, 'country': [{'id': 2, 'name': 'United States of America', 'alpha_2_code': 'US', 'alpha_3_code': 'USA', 'nationality_name': 'American', 'nationality_name_composed': 'Americano'}], 'description': 'Blue Origin is an American privately funded aerospace manufacturer and spaceflight services company set up by Amazon.com founder Jeff Bezos with its headquarters in Kent, Washington. The company is developing technologies to enable private human access to space with the goal to dramatically lower costs and increase reliability. Blue Origin currently launches its New Shepard sub-orbital vehicle from its West Texas launch site, they are currently constructing a launch pad for their orbital vehicle New Glenn at Cape Canaveral LC-36.', 'administrator': 'CEO: Jeff Bezos', 'founding_year': 2000, 'launchers': 'New Shepard | New Glenn', 'spacecraft': '', 'parent': None, 'image': {'id': 5, 'name': '[AUTO] Blue Origin - image', 'image_url': 'https://thespacedevs-dev.nyc3.digitaloceanspaces.com/media/images/blue2520origin_image_20190207032427.jpeg', 'thumbnail_url': 'https://thespacedevs-dev.nyc3.digitaloceanspaces.com/media/images/255bauto255d__image_thumbnail_20240305184551.jpeg', 'credit': None, 'license': {'id': 1, 'name': 'Unknown', 'priority': 9, 'link': None}, 'single_use': True, 'variants': []}, 'logo': {'id': 116, 'name': '[AUTO] Blue Origin - logo', 'image_url': 'https://thespacedevs-dev.nyc3.digitaloceanspaces.com/media/images/blue2520origin_logo_20190207032427.png', 'thumbnail_url': 'https://thespacedevs-dev.nyc3.digitaloceanspaces.com/media/images/255bauto255d__image_thumbnail_20240305184921.png', 'credit': None, 'license': {'id': 1, 'name': 'Unknown', 'priority': 9, 'link': None}, 'single_use': True, 'variants': []}, 'social_logo': {'id': 45, 'name': '[AUTO] Blue Origin - social_logo', 'image_url': 'https://thespacedevs-dev.nyc3.digitaloceanspaces.com/media/images/blue2520origin_nation_20240222073724.jpg', 'thumbnail_url': 'https://thespacedevs-dev.nyc3.digitaloceanspaces.com/media/images/255bauto255d__image_thumbnail_20240305184738.jpeg', 'credit': None, 'license': {'id': 1, 'name': 'Unknown', 'priority': 9, 'link': None}, 'single_use': True, 'variants': []}, 'total_launch_count': 41, 'consecutive_successful_launches': 0, 'successful_launches': 39, 'failed_launches': 2, 'pending_launches': 4, 'consecutive_successful_landings': 12, 'successful_landings': 38, 'failed_landings': 3, 'attempted_landings': 41, 'successful_landings_spacecraft': 38, 'failed_landings_spacecraft': 0, 'attempted_landings_spacecraft': 38, 'successful_landings_payload': 0, 'failed_landings_payload': 0, 'attempted_landings_payload': 0, 'info_url': 'https://www.blueorigin.com/', 'wiki_url': 'https://en.wikipedia.org/wiki/Blue_Origin', 'social_media_links': []}], 'info_urls': [], 'vid_urls': []}, 'pad': {'id': 90, 'url': 'https://lldev.thespacedevs.com/2.3.0/pads/90/', 'active': True, 'agencies': [{'response_mode': 'normal', 'id': 141, 'url': 'https://lldev.thespacedevs.com/2.3.0/agencies/141/', 'name': 'Blue Origin', 'abbrev': 'BO', 'type': {'id': 3, 'name': 'Commercial'}, 'featured': True, 'country': [{'id': 2, 'name': 'United States of America', 'alpha_2_code': 'US', 'alpha_3_code': 'USA', 'nationality_name': 'American', 'nationality_name_composed': 'Americano'}], 'description': 'Blue Origin is an American privately funded aerospace manufacturer and spaceflight services company set up by Amazon.com founder Jeff Bezos with its headquarters in Kent, Washington. The company is developing technologies to enable private human access to space with the goal to dramatically lower costs and increase reliability. Blue Origin currently launches its New Shepard sub-orbital vehicle from its West Texas launch site, they are currently constructing a launch pad for their orbital vehicle New Glenn at Cape Canaveral LC-36.', 'administrator': 'CEO: Jeff Bezos', 'founding_year': 2000, 'launchers': 'New Shepard | New Glenn', 'spacecraft': '', 'parent': None, 'image': {'id': 5, 'name': '[AUTO] Blue Origin - image', 'image_url': 'https://thespacedevs-dev.nyc3.digitaloceanspaces.com/media/images/blue2520origin_image_20190207032427.jpeg', 'thumbnail_url': 'https://thespacedevs-dev.nyc3.digitaloceanspaces.com/media/images/255bauto255d__image_thumbnail_20240305184551.jpeg', 'credit': None, 'license': {'id': 1, 'name': 'Unknown', 'priority': 9, 'link': None}, 'single_use': True, 'variants': []}, 'logo': {'id': 116, 'name': '[AUTO] Blue Origin - logo', 'image_url': 'https://thespacedevs-dev.nyc3.digitaloceanspaces.com/media/images/blue2520origin_logo_20190207032427.png', 'thumbnail_url': 'https://thespacedevs-dev.nyc3.digitaloceanspaces.com/media/images/255bauto255d__image_thumbnail_20240305184921.png', 'credit': None, 'license': {'id': 1, 'name': 'Unknown', 'priority': 9, 'link': None}, 'single_use': True, 'variants': []}, 'social_logo': {'id': 45, 'name': '[AUTO] Blue Origin - social_logo', 'image_url': 'https://thespacedevs-dev.nyc3.digitaloceanspaces.com/media/images/blue2520origin_nation_20240222073724.jpg', 'thumbnail_url': 'https://thespacedevs-dev.nyc3.digitaloceanspaces.com/media/images/255bauto255d__image_thumbnail_20240305184738.jpeg', 'credit': None, 'license': {'id': 1, 'name': 'Unknown', 'priority': 9, 'link': None}, 'single_use': True, 'variants': []}}], 'name': 'West Texas Suborbital Launch Site/ Corn Ranch', 'image': None, 'description': None, 'info_url': 'https://www.blueorigin.com', 'wiki_url': 'https://en.wikipedia.org/wiki/Corn_Ranch', 'map_url': 'https://www.google.com/maps?q=31.422878000000000,-104.757121000000000', 'latitude': 31.422878, 'longitude': -104.757121, 'country': {'id': 2, 'name': 'United States of America', 'alpha_2_code': 'US', 'alpha_3_code': 'USA', 'nationality_name': 'American', 'nationality_name_composed': 'Americano'}, 'map_image': 'https://thespacedevs-dev.nyc3.digitaloceanspaces.com/media/map_images/pad_90_20200803143233.jpg', 'total_launch_count': 38, 'orbital_launch_attempt_count': 0, 'fastest_turnaround': 'P20DT40M27S', 'location': {'response_mode': 'normal', 'id': 29, 'url': 'https://lldev.thespacedevs.com/2.3.0/locations/29/', 'name': 'Corn Ranch, Van Horn, TX, USA', 'celestial_body': {'response_mode': 'normal', 'id': 1, 'name': 'Earth', 'type': {'id': 1, 'name': 'Planet'}, 'diameter': 12742000.0, 'mass': 5.972168e+24, 'gravity': 9.80655, 'length_of_day': '1 00:00:00', 'atmosphere': True, 'image': {'id': 2040, 'name': 'Earth (Apollo 17)', 'image_url': 'https://thespacedevs-dev.nyc3.digitaloceanspaces.com/media/images/earth_2528apol_image_20240402194304.jpeg', 'thumbnail_url': 'https://thespacedevs-dev.nyc3.digitaloceanspaces.com/media/images/earth_2528apol_image_thumbnail_20240402194305.jpeg', 'credit': 'NASA', 'license': {'id': 4, 'name': 'NASA Image and Media Guidelines', 'priority': 0, 'link': 'https://www.nasa.gov/nasa-brand-center/images-and-media/'}, 'single_use': True, 'variants': []}, 'description': 'Earth is the third planet from the Sun and the only astronomical object known to harbor life.', 'wiki_url': 'https://en.wikipedia.org/wiki/Earth', 'total_attempted_launches': 7584, 'successful_launches': 7028, 'failed_launches': 556, 'total_attempted_landings': 1351, 'successful_landings': 1302, 'failed_landings': 49}, 'active': True, 'country': {'id': 2, 'name': 'United States of America', 'alpha_2_code': 'US', 'alpha_3_code': 'USA', 'nationality_name': 'American', 'nationality_name_composed': 'Americano'}, 'description': 'Corn Ranch, commonly referred to as Launch Site One (LSO), is a spaceport owned and operated by Blue Origin which is located approximately 30 miles north of the town of Van Horn, Texas, United States.', 'image': {'id': 2098, 'name': 'New Shepard liftoff (NS-25)', 'image_url': 'https://thespacedevs-dev.nyc3.digitaloceanspaces.com/media/images/new_shepard_lif_image_20240621062033.jpeg', 'thumbnail_url': 'https://thespacedevs-dev.nyc3.digitaloceanspaces.com/media/images/new_shepard_lif_image_thumbnail_20240621062033.jpeg', 'credit': 'Blue Origin', 'license': {'id': 1, 'name': 'Unknown', 'priority': 9, 'link': None}, 'single_use': True, 'variants': []}, 'map_image': 'https://thespacedevs-dev.nyc3.digitaloceanspaces.com/media/map_images/location_29_20200803142436.jpg', 'longitude': -104.757152, 'latitude': 31.422927, 'timezone_name': 'America/Chicago', 'total_launch_count': 38, 'total_landing_count': 38}}, 'webcast_live': False, 'program': [], 'orbital_launch_attempt_count': None, 'location_launch_attempt_count': 36, 'pad_launch_attempt_count': 36, 'agency_launch_attempt_count': 37, 'orbital_launch_attempt_count_year': None, 'location_launch_attempt_count_year': 8, 'pad_launch_attempt_count_year': 8, 'agency_launch_attempt_count_year': 9}, 'duration': 'PT10M21S', 'turn_around_time': 'P66DT47M59S', 'response_mode': 'normal'}",
116,1710,https://lldev.thespacedevs.com/2.3.0/landings/1710/,True,True,The Falcon 9 1st stage B1095 has landed on ASDS JRTI after its 3rd flight.,600.0,"{'id': 3, 'name': 'Just Read the Instructions', 'active': True, 'abbrev': 'JRTI', 'description': 'Third (Marmac 303) ASDS barge, Just Read the Instructions (JRTI) is currently used to recover Falcon 9 and Heavy boosters in the Atlantic Ocean.', 'location': None, 'longitude': None, 'latitude': None, 'image': {'id': 1973, 'name': 'JRTI (Marmac 303) empty', 'image_url': 'https://thespacedevs-dev.nyc3.digitaloceanspaces.com/media/images/jrti_2528marma_image_20240310170452.jpeg', 'thumbnail_url': 'https://thespacedevs-dev.nyc3.digitaloceanspaces.com/media/images/jrti_2528marma_image_thumbnail_20240310170452.jpeg', 'credit': 'SpaceX', 'license': {'id': 5, 'name': 'CC BY-NC 2.0', 'priority': 1, 'link': 'https://creativecommons.org/licenses/by-nc/2.0/'}, 'single_use': True, 'variants': []}, 'successful_landings': 156, 'attempted_landings': 157, 'failed_landings': 1, 'celestial_body': {'response_mode': 'normal', 'id': 1, 'name': 'Earth', 'type': {'id': 1, 'name': 'Planet'}, 'diameter': 12742000.0, 'mass': 5.972168e+24, 'gravity': 9.80655, 'length_of_day': '1 00:00:00', 'atmosphere': True, 'image': {'id': 2040, 'name': 'Earth (Apollo 17)', 'image_url': 'https://thespacedevs-dev.nyc3.digitaloceanspaces.com/media/images/earth_2528apol_image_20240402194304.jpeg', 'thumbnail_url': 'https://thespacedevs-dev.nyc3.digitaloceanspaces.com/media/images/earth_2528apol_image_thumbnail_20240402194305.jpeg', 'credit': 'NASA', 'license': {'id': 4, 'name': 'NASA Image and Media Guidelines', 'priority': 0, 'link': 'https://www.nasa.gov/nasa-brand-center/images-and-media/'}, 'single_use': True, 'variants': []}, 'description': 'Earth is the third planet from the Sun and the only astronomical object known to harbor life.', 'wiki_url': 'https://en.wikipedia.org/wiki/Earth'}}","{'id': 1, 'name': 'Autonomous Spaceport Drone Ship', 'abbrev': 'ASDS', 'description': 'An autonomous spaceport drone ship (ASDS) is an ocean-going vessel derived from a deck barge, outfitted with station-keeping engines and a large landing platform. Construction of such ships was commissioned by aerospace company SpaceX to allow for recovery of rocket first-stages at sea for high-velocity missions which do not carry enough fuel to return to the launch site after lofting spacecraft onto an orbital trajectory.'}",,normal,"{'id': 818, 'type': 'Core', 'reused': True, 'launcher_flight_number': 3, 'launcher': {'response_mode': 'normal', 'id': 196, 'url': 'https://lldev.thespacedevs.com/2.3.0/launchers/196/', 'flight_proven': True, 'serial_number': 'B1095', 'is_placeholder': False, 'status': {'id': 3, 'name': 'active'}, 'image': {'id': 2756, 'name': 'GPS III SV10 launch', 'image_url': 'https://thespacedevs-dev.nyc3.digitaloceanspaces.com/media/images/gps_iii_sv10_la_image_20260429163711.jpg', 'thumbnail_url': 'https://thespacedevs-dev.nyc3.digitaloceanspaces.com/media/images/gps_iii_sv10_la_image_thumbnail_20260429163711.jpeg', 'credit': 'SpaceX', 'license': {'id': 1, 'name': 'Unknown', 'priority': 9, 'link': None}, 'single_use': True, 'variants': []}, 'details': 'Falcon 9 booster debuting on Starlink Group 12-15.', 'successful_landings': 7, 'attempted_landings': 7, 'flights': 7, 'last_launch_date': '2026-04-21T06:53:25Z', 'first_launch_date': '2025-05-21T03:19:10Z', 'fastest_turnaround': 'P37DT18H16M15S'}, 'previous_flight_date': '2025-08-27T11:10:40Z', 'turn_around_time': 'P49DT22H16M30S', 'previous_flight': {'id': '1ba21ab5-9f23-4709-bf78-991831aee638', 'url': 'https://lldev.thespacedevs.com/2.3.0/launches/1ba21ab5-9f23-4709-bf78-991831aee638/', 'name': 'Falcon 9 Block 5 | Starlink Group 10-56'}}",,
117,1711,https://lldev.thespacedevs.com/2.3.0/landings/1711/,True,True,The Falcon 9 first stage B1071 has landed on ASDS OCISLY after its 29th flight.,574.0,"{'id': 1, 'name': 'Of Course I Still Love You', 'active': True, 'abbrev': 'OCISLY', 'description': 'The second ASDS barge, Of Course I Still Love You (OCISLY) services launches in the Pacific Ocean and was the site of the first landing of a SpaceX Falcon 9 first stage during CRS-8, the launch of a Dragon spacecraft to the International Space Station.', 'location': None, 'longitude': None, 'latitude': None, 'image': {'id': 1969, 'name': 'OCISLY empty', 'image_url': 'https://thespacedevs-dev.nyc3.digitaloceanspaces.com/media/images/ocisly_empty_image_20240310164323.png', 'thumbnail_url': 'https://thespacedevs-dev.nyc3.digitaloceanspaces.com/media/images/ocisly_empty_image_thumbnail_20240310164323.png', 'credit': 'SpaceX', 'license': {'id': 5, 'name': 'CC BY-NC 2.0', 'priority': 1, 'link': 'https://creativecommons.org/licenses/by-nc/2.0/'}, 'single_use': True, 'variants': []}, 'successful_landings': 217, 'attempted_landings': 225, 'failed_landings': 8, 'celestial_body': {'response_mode': 'normal', 'id': 1, 'name': 'Earth', 'type': {'id': 1, 'name': 'Planet'}, 'diameter': 12742000.0, 'mass': 5.972168e+24, 'gravity': 9.80655, 'length_of_day': '1 00:00:00', 'atmosphere': True, 'image': {'id': 2040, 'name': 'Earth (Apollo 17)', 'image_url': 'https://thespacedevs-dev.nyc3.digitaloceanspaces.com/media/images/earth_2528apol_image_20240402194304.jpeg', 'thumbnail_url': 'https://thespacedevs-dev.nyc3.digitaloceanspaces.com/media/images/earth_2528apol_image_thumbnail_20240402194305.jpeg', 'credit': 'NASA', 'license': {'id': 4, 'name': 'NASA Image and Media Guidelines', 'priority': 0, 'link': 'https://www.nasa.gov/nasa-brand-center/images-and-media/'}, 'single_use': True, 'variants': []}, 'description': 'Earth is the third planet from the Sun and the only astronomical object known to harbor life.', 'wiki_url': 'https://en.wikipedia.org/wiki/Earth'}}","{'id': 1, 'name': 'Autonomous Spaceport Drone Ship', 'abbrev': 'ASDS', 'description': 'An autonomous spaceport drone ship (ASDS) is an ocean-going vessel derived from a deck barge, outfitted with station-keeping engines and a large landing platform. Construction of such ships was commissioned by aerospace company SpaceX to allow for recovery of rocket first-stages at sea for high-velocity missions which do not carry enough fuel to return to the launch site after lofting spacecraft onto an orbital trajectory.'}",,normal,"{'id': 819, 'type': 'Core', 'reused': True, 'launcher_flight_number': 29, 'launcher': {'response_mode': 'normal', 'id': 107, 'url': 'https://lldev.thespacedevs.com/2.3.0/launchers/107/', 'flight_proven': True, 'serial_number': 'B1071', 'is_placeholder': False, 'status': {'id': 3, 'name': 'active'}, 'image': {'id': 2463, 'name': 'B1071 landing on LZ-4 during NROL-87 launch', 'image_url': 'https://thespacedevs-dev.nyc3.digitaloceanspaces.com/media/images/b1071_landing_o_image_20250912153658.jpeg', 'thumbnail_url': 'https://thespacedevs-dev.nyc3.digitaloceanspaces.com/media/images/b1071_landing_o_image_thumbnail_20250912153658.jpeg', 'credit': 'SpaceX', 'license': {'id': 1, 'name': 'Unknown', 'priority': 9, 'link': None}, 'single_use': False, 'variants': []}, 'details': 'Falcon 9 Block 5 booster first used for the NROL-87 mission.', 'successful_landings': 35, 'attempted_landings': 35, 'flights': 35, 'last_launch_date': '2026-07-11T03:01:57Z', 'first_launch_date': '2022-02-02T20:27:26Z', 'fastest_turnaround': 'P19DT16H19M25S'}, 'previous_flight_date': '2025-09-13T17:55:49Z', 'turn_around_time': 'P24DT9H58M11S', 'previous_flight': {'id': '08fbd641-9f53-4fc8-88be-41fe7c115123', 'url': 'https://lldev.thespacedevs.com/2.3.0/launches/08fbd641-9f53-4fc8-88be-41fe7c115123/', 'name': 'Falcon 9 Block 5 | Starlink Group 17-10'}}",,
118,1712,https://lldev.thespacedevs.com/2.3.0/landings/1712/,True,True,The Falcon 9 first stage B1093 has landed on ASDS OCISLY after its 7th flight.,650.0,"{'id': 1, 'name': 'Of Course I Still Love You', 'active': True, 'abbrev': 'OCISLY', 'description': 'The second ASDS barge, Of Course I Still Love You (OCISLY) services launches in the Pacific Ocean and was the site of the first landing of a SpaceX Falcon 9 first stage during CRS-8, the launch of a Dragon spacecraft to the International Space Station.', 'location': None, 'longitude': None, 'latitude': None, 'image': {'id': 1969, 'name': 'OCISLY empty', 'image_url': 'https://thespacedevs-dev.nyc3.digitaloceanspaces.com/media/images/ocisly_empty_image_20240310164323.png', 'thumbnail_url': 'https://thespacedevs-dev.nyc3.digitaloceanspaces.com/media/images/ocisly_empty_image_thumbnail_20240310164323.png', 'credit': 'SpaceX', 'license': {'id': 5, 'name': 'CC BY-NC 2.0', 'priority': 1, 'link': 'https://creativecommons.org/licenses/by-nc/2.0/'}, 'single_use': True, 'variants': []}, 'successful_landings': 217, 'attempted_landings': 225, 'failed_landings': 8, 'celestial_body': {'response_mode': 'normal', 'id': 1, 'name': 'Earth', 'type': {'id': 1, 'name': 'Planet'}, 'diameter': 12742000.0, 'mass': 5.972168e+24, 'gravity': 9.80655, 'length_of_day': '1 00:00:00', 'atmosphere': True, 'image': {'id': 2040, 'name': 'Earth (Apollo 17)', 'image_url': 'https://thespacedevs-dev.nyc3.digitaloceanspaces.com/media/images/earth_2528apol_image_20240402194304.jpeg', 'thumbnail_url': 'https://thespacedevs-dev.nyc3.digitaloceanspaces.com/media/images/earth_2528apol_image_thumbnail_20240402194305.jpeg', 'credit': 'NASA', 'license': {'id': 4, 'name': 'NASA Image and Media Guidelines', 'priority': 0, 'link': 'https://www.nasa.gov/nasa-brand-center/images-and-media/'}, 'single_use': True, 'variants': []}, 'description': 'Earth is the third planet from the Sun and the only astronomical object known to harbor life.', 'wiki_url': 'https://en.wikipedia.org/wiki/Earth'}}","{'id': 1, 'name': 'Autonomous Spaceport Drone Ship', 'abbrev': 'ASDS', 'description': 'An autonomous spaceport drone ship (ASDS) is an ocean-going vessel derived from a deck barge, outfitted with station-keeping engines and a large landing platform. Construction of such ships was commissioned by aerospace company SpaceX to allow for recovery of rocket first-stages at sea for high-velocity missions which do not carry enough fuel to return to the launch site after lofting spacecraft onto an orbital trajectory.'}",,normal,"{'id': 820, 'type': 'Core', 'reused': True, 'launcher_flight_number': 7, 'launcher': {'response_mode': 'normal', 'id': 193, 'url': 'https://lldev.thespacedevs.com/2.3.0/launchers/193/', 'flight_proven': True, 'serial_number': 'B1093', 'is_placeholder': False, 'status': {'id': 3, 'name': 'active'}, 'image': {'id': 2455, 'name': 'Falcon 9 on SLC-4E (SDA-T1TL-B)', 'image_url': 'https://thespacedevs-dev.nyc3.digitaloceanspaces.com/media/images/falcon_9_on_slc_image_20250910140450.jpeg', 'thumbnail_url': 'https://thespacedevs-dev.nyc3.digitaloceanspaces.com/media/images/falcon_9_on_slc_image_thumbnail_20250910140451.jpeg', 'credit': 'SpaceX', 'license': {'id': 1, 'name': 'Unknown', 'priority': 9, 'link': None}, 'single_use': True, 'variants': []}, 'details': 'Falcon 9 booster debuting on Starlink Group 11-11.', 'successful_landings': 16, 'attempted_landings': 16, 'flights': 16, 'last_launch_date': '2026-08-08T16:35:02Z', 'first_launch_date': '2025-04-07T23:06:10Z', 'fastest_turnaround': 'P21DT22H7M44S'}, 'previous_flight_date': '2025-09-10T14:12:11Z', 'turn_around_time': 'P35DT8H53M55S', 'previous_flight': {'id': '4ed83998-e8bc-4e53-9e07-1ae931ae712f', 'url': 'https://lldev.thespacedevs.com/2.3.0/launches/4ed83998-e8bc-4e53-9e07-1ae931ae712f/', 'name': 'Falcon 9 Block 5 | SDA Tranche 1 Transport Layer B'}}",,
119,1713,https://lldev.thespacedevs.com/2.3.0/landings/1713/,True,True,The Falcon 9 first stage B1088 has landed on ASDS OCISLY after its 11th flight.,574.0,"{'id': 1, 'name': 'Of Course I Still Love You', 'active': True, 'abbrev': 'OCISLY', 'description': 'The second ASDS barge, Of Course I Still Love You (OCISLY) services launches in the Pacific Ocean and was the site of the first landing of a SpaceX Falcon 9 first stage during CRS-8, the launch of a Dragon spacecraft to the International Space Station.', 'location': None, 'longitude': None, 'latitude': None, 'image': {'id': 1969, 'name': 'OCISLY empty', 'image_url': 'https://thespacedevs-dev.nyc3.digitaloceanspaces.com/media/images/ocisly_empty_image_20240310164323.png', 'thumbnail_url': 'https://thespacedevs-dev.nyc3.digitaloceanspaces.com/media/images/ocisly_empty_image_thumbnail_20240310164323.png', 'credit': 'SpaceX', 'license': {'id': 5, 'name': 'CC BY-NC 2.0', 'priority': 1, 'link': 'https://creativecommons.org/licenses/by-nc/2.0/'}, 'single_use': True, 'variants': []}, 'successful_landings': 217, 'attempted_landings': 225, 'failed_landings': 8, 'celestial_body': {'response_mode': 'normal', 'id': 1, 'name': 'Earth', 'type': {'id': 1, 'name': 'Planet'}, 'diameter': 12742000.0, 'mass': 5.972168e+24, 'gravity': 9.80655, 'length_of_day': '1 00:00:00', 'atmosphere': True, 'image': {'id': 2040, 'name': 'Earth (Apollo 17)', 'image_url': 'https://thespacedevs-dev.nyc3.digitaloceanspaces.com/media/images/earth_2528apol_image_20240402194304.jpeg', 'thumbnail_url': 'https://thespacedevs-dev.nyc3.digitaloceanspaces.com/media/images/earth_2528apol_image_thumbnail_20240402194305.jpeg', 'credit': 'NASA', 'license': {'id': 4, 'name': 'NASA Image and Media Guidelines', 'priority': 0, 'link': 'https://www.nasa.gov/nasa-brand-center/images-and-media/'}, 'single_use': True, 'variants': []}, 'description': 'Earth is the third planet from the Sun and the only astronomical object known to harbor life.', 'wiki_url': 'https://en.wikipedia.org/wiki/Earth'}}","{'id': 1, 'name': 'Autonomous Spaceport Drone Ship', 'abbrev': 'ASDS', 'description': 'An autonomous spaceport drone ship (ASDS) is an ocean-going vessel derived from a deck barge, outfitted with station-keeping engines and a large landing platform. Construction of such ships was commissioned by aerospace company SpaceX to allow for recovery of rocket first-stages at sea for high-velocity missions which do not carry enough fuel to return to the launch site after lofting spacecraft onto an orbital trajectory.'}",,normal,"{'id': 821, 'type': 'Core', 'reused': True, 'launcher_flight_number': 11, 'launcher': {'response_mode': 'normal', 'id': 153, 'url': 'https://lldev.thespacedevs.com/2.3.0/launchers/153/', 'flight_proven': True, 'serial_number': 'B1088', 'is_placeholder': False, 'status': {'id': 3, 'name': 'active'}, 'image': {'id': 2457, 'name': 'B1088 landing on LZ-4 during Transporter-12 launch', 'image_url': 'https://thespacedevs-dev.nyc3.digitaloceanspaces.com/media/images/b1088_landing_o_image_20250912151209.jpeg', 'thumbnail_url': 'https://thespacedevs-dev.nyc3.digitaloceanspaces.com/media/images/b1088_landing_o_image_thumbnail_20250912151209.jpeg', 'credit': 'SpaceX', 'license': {'id': 1, 'name': 'Unknown', 'priority': 9, 'link': None}, 'single_use': False, 'variants': []}, 'details': 'Falcon 9 booster.', 'successful_landings': 17, 'attempted_landings': 17, 'flights': 17, 'last_launch_date': '2026-06-28T16:09:18Z', 'first_launch_date': '2024-11-30T08:10:00Z', 'fastest_turnaround': 'P9DT3H38M48S'}, 'previous_flight_date': '2025-09-19T16:31:39Z', 'turn_around_time': 'P30DT2H52M21S', 'previous_flight': {'id': '64b19cd9-9b2a-4724-890b-6a7001eb3644', 'url': 'https://lldev.thespacedevs.com/2.3.0/launches/64b19cd9-9b2a-4724-890b-6a7001eb3644/', 'name': 'Falcon 9 Block 5 | Starlink Group 17-12'}}",,
120,1714,https://lldev.thespacedevs.com/2.3.0/landings/1714/,True,,New Glenn booster GS1-SN002 will attempt to land on Jacklyn after its second flight.,,"{'id': 51, 'name': 'Jacklyn', 'active': True, 'abbrev': 'LPV1', 'description': 'Jacklyn is Blue Origins first floating landing platform for New Glenn.', 'location': None, 'longitude': None, 'latitude': None, 'image': {'id': 2195, 'name': 'Jackllyn in Port Canaveral', 'image_url': 'https://thespacedevs-dev.nyc3.digitaloceanspaces.com/media/images/jackllyn_in_por_image_20240904203154.jpg', 'thumbnail_url': 'https://thespacedevs-dev.nyc3.digitaloceanspaces.com/media/images/jackllyn_in_por_image_thumbnail_20240904203155.jpeg', 'credit': 'Blue Origin', 'license': {'id': 1, 'name': 'Unknown', 'priority': 9, 'link': None}, 'single_use': True, 'variants': []}, 'successful_landings': 2, 'attempted_landings': 3, 'failed_landings': 1, 'celestial_body': {'response_mode': 'normal', 'id': 1, 'name': 'Earth', 'type': {'id': 1, 'name': 'Planet'}, 'diameter': 12742000.0, 'mass': 5.972168e+24, 'gravity': 9.80655, 'length_of_day': '1 00:00:00', 'atmosphere': True, 'image': {'id': 2040, 'name': 'Earth (Apollo 17)', 'image_url': 'https://thespacedevs-dev.nyc3.digitaloceanspaces.com/media/images/earth_2528apol_image_20240402194304.jpeg', 'thumbnail_url': 'https://thespacedevs-dev.nyc3.digitaloceanspaces.com/media/images/earth_2528apol_image_thumbnail_20240402194305.jpeg', 'credit': 'NASA', 'license': {'id': 4, 'name': 'NASA Image and Media Guidelines', 'priority': 0, 'link': 'https://www.nasa.gov/nasa-brand-center/images-and-media/'}, 'single_use': True, 'variants': []}, 'description': 'Earth is the third planet from the Sun and the only astronomical object known to harbor life.', 'wiki_url': 'https://en.wikipedia.org/wiki/Earth'}}","{'id': 1, 'name': 'Autonomous Spaceport Drone Ship', 'abbrev': 'ASDS', 'description': 'An autonomous spaceport drone ship (ASDS) is an ocean-going vessel derived from a deck barge, outfitted with station-keeping engines and a large landing platform. Construction of such ships was commissioned by aerospace company SpaceX to allow for recovery of rocket first-stages at sea for high-velocity missions which do not carry enough fuel to return to the launch site after lofting spacecraft onto an orbital trajectory.'}",,normal,"{'id': 812, 'type': 'Core', 'reused': True, 'launcher_flight_number': 3, 'launcher': {'response_mode': 'normal', 'id': 238, 'url': 'https://lldev.thespacedevs.com/2.3.0/launchers/238/', 'flight_proven': True, 'serial_number': 'GS1-SN002', 'is_placeholder': False, 'status': {'id': 3, 'name': 'active'}, 'image': {'id': 2529, 'name': 'GS1-SN002 on Jacklyn (Escapade)', 'image_url': 'https://thespacedevs-dev.nyc3.digitaloceanspaces.com/media/images/gs1-sn002_on_ja_image_20251119073646.jpg', 'thumbnail_url': 'https://thespacedevs-dev.nyc3.digitaloceanspaces.com/media/images/gs1-sn002_on_ja_image_thumbnail_20251119073647.jpeg', 'credit': 'Dave Limp', 'license': {'id': 37, 'name': 'Blue Origin Terms of Use', 'priority': 6, 'link': 'https://www.blueorigin.com/terms-of-use'}, 'single_use': True, 'variants': []}, 'details': 'Second New Glenn first stage booster. Named ""Never Tell Me The Odds"". Used for the second New Glenn launch with EscaPADE, becoming the first New Glenn Stage 1 booster (GS1) to be recovered. \r\n\r\nCurrently it\'s slated for re-use on New Glenn\'s third launch with AST SpaceMobile\'s BlueBird Block 2 FM2.', 'successful_landings': 2, 'attempted_landings': 2, 'flights': 2, 'last_launch_date': '2026-04-19T11:25:00Z', 'first_launch_date': '2025-11-13T20:55:01Z', 'fastest_turnaround': 'P156DT14H29M59S'}, 'previous_flight_date': '2026-04-19T11:25:00Z', 'turn_around_time': 'P345DT12H35M', 'previous_flight': {'id': '53769468-bfd3-45c7-a52b-46a68ed7510f', 'url': 'https://lldev.thespacedevs.com/2.3.0/launches/53769468-bfd3-45c7-a52b-46a68ed7510f/', 'name': 'New Glenn | BlueBird 7 (Block 2 #2)'}}",,
121,1715,https://lldev.thespacedevs.com/2.3.0/landings/1715/,True,True,The Falcon 9 1st stage B1067 has landed on ASDS ASOG after its 31st flight.,600.0,"{'id': 17, 'name': 'A Shortfall of Gravitas', 'active': True, 'abbrev': 'ASOG', 'description': 'The fourth ASDS barge, A Shortfall of Gravitas (ASOG) is currently used to recover Falcon 9 and Heavy boosters in the Altantic Ocean.', 'location': None, 'longitude': None, 'latitude': None, 'image': {'id': 1971, 'name': 'ASOG with booster', 'image_url': 'https://thespacedevs-dev.nyc3.digitaloceanspaces.com/media/images/asog_with_boost_image_20240310164859.jpeg', 'thumbnail_url': 'https://thespacedevs-dev.nyc3.digitaloceanspaces.com/media/images/asog_with_boost_image_thumbnail_20240310164859.jpeg', 'credit': 'SpaceX', 'license': {'id': 5, 'name': 'CC BY-NC 2.0', 'priority': 1, 'link': 'https://creativecommons.org/licenses/by-nc/2.0/'}, 'single_use': True, 'variants': []}, 'successful_landings': 163, 'attempted_landings': 164, 'failed_landings': 1, 'celestial_body': {'response_mode': 'normal', 'id': 1, 'name': 'Earth', 'type': {'id': 1, 'name': 'Planet'}, 'diameter': 12742000.0, 'mass': 5.972168e+24, 'gravity': 9.80655, 'length_of_day': '1 00:00:00', 'atmosphere': True, 'image': {'id': 2040, 'name': 'Earth (Apollo 17)', 'image_url': 'https://thespacedevs-dev.nyc3.digitaloceanspaces.com/media/images/earth_2528apol_image_20240402194304.jpeg', 'thumbnail_url': 'https://thespacedevs-dev.nyc3.digitaloceanspaces.com/media/images/earth_2528apol_image_thumbnail_20240402194305.jpeg', 'credit': 'NASA', 'license': {'id': 4, 'name': 'NASA Image and Media Guidelines', 'priority': 0, 'link': 'https://www.nasa.gov/nasa-brand-center/images-and-media/'}, 'single_use': True, 'variants': []}, 'description': 'Earth is the third planet from the Sun and the only astronomical object known to harbor life.', 'wiki_url': 'https://en.wikipedia.org/wiki/Earth'}}","{'id': 1, 'name': 'Autonomous Spaceport Drone Ship', 'abbrev': 'ASDS', 'description': 'An autonomous spaceport drone ship (ASDS) is an ocean-going vessel derived from a deck barge, outfitted with station-keeping engines and a large landing platform. Construction of such ships was commissioned by aerospace company SpaceX to allow for recovery of rocket first-stages at sea for high-velocity missions which do not carry enough fuel to return to the launch site after lofting spacecraft onto an orbital trajectory.'}",,normal,"{'id': 822, 'type': 'Core', 'reused': True, 'launcher_flight_number': 31, 'launcher': {'response_mode': 'normal', 'id': 101, 'url': 'https://lldev.thespacedevs.com/2.3.0/launchers/101/', 'flight_proven': True, 'serial_number': 'B1067', 'is_placeholder': False, 'status': {'id': 3, 'name': 'active'}, 'image': {'id': 2464, 'name': 'B1067 landing on LZ-1 during Koreasat-6A launch', 'image_url': 'https://thespacedevs-dev.nyc3.digitaloceanspaces.com/media/images/b1067_landing_o_image_20250912153830.jpeg', 'thumbnail_url': 'https://thespacedevs-dev.nyc3.digitaloceanspaces.com/media/images/b1067_landing_o_image_thumbnail_20250912153830.jpeg', 'credit': 'SpaceX', 'license': {'id': 1, 'name': 'Unknown', 'priority': 9, 'link': None}, 'single_use': False, 'variants': []}, 'details': 'Falcon 9 Block 5 booster first used for the CRS-22 mission.', 'successful_landings': 36, 'attempted_landings': 36, 'flights': 36, 'last_launch_date': '2026-07-09T09:25:43Z', 'first_launch_date': '2021-06-03T17:29:15Z', 'fastest_turnaround': 'P22DT16H51M10S'}, 'previous_flight_date': '2025-08-28T08:12:00Z', 'turn_around_time': 'P52DT9H27M40S', 'previous_flight': {'id': 'a2f73993-79f6-4228-bebc-0ada6840e503', 'url': 'https://lldev.thespacedevs.com/2.3.0/launches/a2f73993-79f6-4228-bebc-0ada6840e503/', 'name': 'Falcon 9 Block 5 | Starlink Group 10-11'}}",,
122,1716,https://lldev.thespacedevs.com/2.3.0/landings/1716/,True,True,The Falcon 9 first stage B1091 has landed back at the launch site at Landing Zone 2 (LZ-2) after its 3rd flight.,14.6,"{'id': 5, 'name': 'Landing Zone 2', 'active': True, 'abbrev': 'LZ-2', 'description': 'LZ-2 Pad located at Cape Canaveral Space Force Station at the previous LC-13. Directly next to LZ-1', 'location': {'response_mode': 'normal', 'id': 12, 'url': 'https://lldev.thespacedevs.com/2.3.0/locations/12/', 'name': 'Cape Canaveral SFS, FL, USA', 'active': True, 'country': {'id': 2, 'name': 'United States of America', 'alpha_2_code': 'US', 'alpha_3_code': 'USA', 'nationality_name': 'American', 'nationality_name_composed': 'Americano'}, 'description': ""Cape Canaveral Space Force Station (CCSFS) is an installation of the United States Space Force's Space Launch Delta 45, located on Cape Canaveral in Brevard County, Florida."", 'image': {'id': 2200, 'name': 'Cape Canaveral & KSC seen from orbit (STS-43)', 'image_url': 'https://thespacedevs-dev.nyc3.digitaloceanspaces.com/media/images/cape_canaveral__image_20240918151615.jpg', 'thumbnail_url': 'https://thespacedevs-dev.nyc3.digitaloceanspaces.com/media/images/cape_canaveral__image_thumbnail_20240918151616.jpeg', 'credit': 'NASA', 'license': {'id': 4, 'name': 'NASA Image and Media Guidelines', 'priority': 0, 'link': 'https://www.nasa.gov/nasa-brand-center/images-and-media/'}, 'single_use': True, 'variants': []}, 'map_image': 'https://thespacedevs-dev.nyc3.digitaloceanspaces.com/media/map_images/location_12_20200803142519.jpg', 'longitude': -80.577778, 'latitude': 28.488889, 'timezone_name': 'America/New_York', 'total_launch_count': 1124, 'total_landing_count': 76}, 'longitude': -80.544964, 'latitude': 28.48775, 'image': {'id': 1976, 'name': 'LZ-2', 'image_url': 'https://thespacedevs-dev.nyc3.digitaloceanspaces.com/media/images/lz-2_image_20240310172018.png', 'thumbnail_url': 'https://thespacedevs-dev.nyc3.digitaloceanspaces.com/media/images/lz-2_image_thumbnail_20240310172019.png', 'credit': 'SpaceX', 'license': {'id': 5, 'name': 'CC BY-NC 2.0', 'priority': 1, 'link': 'https://creativecommons.org/licenses/by-nc/2.0/'}, 'single_use': True, 'variants': []}, 'successful_landings': 18, 'attempted_landings': 18, 'failed_landings': 0, 'celestial_body': {'response_mode': 'normal', 'id': 1, 'name': 'Earth', 'type': {'id': 1, 'name': 'Planet'}, 'diameter': 12742000.0, 'mass': 5.972168e+24, 'gravity': 9.80655, 'length_of_day': '1 00:00:00', 'atmosphere': True, 'image': {'id': 2040, 'name': 'Earth (Apollo 17)', 'image_url': 'https://thespacedevs-dev.nyc3.digitaloceanspaces.com/media/images/earth_2528apol_image_20240402194304.jpeg', 'thumbnail_url': 'https://thespacedevs-dev.nyc3.digitaloceanspaces.com/media/images/earth_2528apol_image_thumbnail_20240402194305.jpeg', 'credit': 'NASA', 'license': {'id': 4, 'name': 'NASA Image and Media Guidelines', 'priority': 0, 'link': 'https://www.nasa.gov/nasa-brand-center/images-and-media/'}, 'single_use': True, 'variants': []}, 'description': 'Earth is the third planet from the Sun and the only astronomical object known to harbor life.', 'wiki_url': 'https://en.wikipedia.org/wiki/Earth'}}","{'id': 2, 'name': 'Return to Launch Site', 'abbrev': 'RTLS', 'description': 'A return to launch site usually means that after stage separation the booster flips and does a burn back towards the launch site, landing near where it initially launched from.'}",,normal,"{'id': 711, 'type': 'Core', 'reused': True, 'launcher_flight_number': 3, 'launcher': {'response_mode': 'normal', 'id': 195, 'url': 'https://lldev.thespacedevs.com/2.3.0/launchers/195/', 'flight_proven': True, 'serial_number': 'B1091', 'is_placeholder': False, 'status': {'id': 3, 'name': 'active'}, 'image': {'id': 2435, 'name': 'B1091 on SLC-40 (KF-02)', 'image_url': 'https://thespacedevs-dev.nyc3.digitaloceanspaces.com/media/images/b1091_on_slc-40_image_20250807141845.jpeg', 'thumbnail_url': 'https://thespacedevs-dev.nyc3.digitaloceanspaces.com/media/images/b1091_on_slc-40_image_thumbnail_20250807141845.jpeg', 'credit': 'SpaceX', 'license': {'id': 1, 'name': 'Unknown', 'priority': 9, 'link': None}, 'single_use': True, 'variants': []}, 'details': 'Planned Falcon Heavy center core stage that will first be used as a Falcon 9 first stage booster for several launches.', 'successful_landings': 3, 'attempted_landings': 3, 'flights': 3, 'last_launch_date': '2025-11-02T05:09:59Z', 'first_launch_date': '2025-08-11T12:35:00Z', 'fastest_turnaround': 'P19DT3H11M59S'}, 'previous_flight_date': '2025-10-14T01:58:00Z', 'turn_around_time': 'P19DT3H11M59S', 'previous_flight': {'id': '88d03398-af55-4bca-967e-bfe868a3cbf5', 'url': 'https://lldev.thespacedevs.com/2.3.0/launches/88d03398-af55-4bca-967e-bfe868a3cbf5/', 'name': 'Falcon 9 Block 5 | Amazon Leo (KF-03)'}}",,
123,1717,https://lldev.thespacedevs.com/2.3.0/landings/1717/,True,True,The Falcon 9 first stage B1075 landed on ASDS OCISLY after its 21st flight.,574.0,"{'id': 1, 'name': 'Of Course I Still Love You', 'active': True, 'abbrev': 'OCISLY', 'description': 'The second ASDS barge, Of Course I Still Love You (OCISLY) services launches in the Pacific Ocean and was the site of the first landing of a SpaceX Falcon 9 first stage during CRS-8, the launch of a Dragon spacecraft to the International Space Station.', 'location': None, 'longitude': None, 'latitude': None, 'image': {'id': 1969, 'name': 'OCISLY empty', 'image_url': 'https://thespacedevs-dev.nyc3.digitaloceanspaces.com/media/images/ocisly_empty_image_20240310164323.png', 'thumbnail_url': 'https://thespacedevs-dev.nyc3.digitaloceanspaces.com/media/images/ocisly_empty_image_thumbnail_20240310164323.png', 'credit': 'SpaceX', 'license': {'id': 5, 'name': 'CC BY-NC 2.0', 'priority': 1, 'link': 'https://creativecommons.org/licenses/by-nc/2.0/'}, 'single_use': True, 'variants': []}, 'successful_landings': 217, 'attempted_landings': 225, 'failed_landings': 8, 'celestial_body': {'response_mode': 'normal', 'id': 1, 'name': 'Earth', 'type': {'id': 1, 'name': 'Planet'}, 'diameter': 12742000.0, 'mass': 5.972168e+24, 'gravity': 9.80655, 'length_of_day': '1 00:00:00', 'atmosphere': True, 'image': {'id': 2040, 'name': 'Earth (Apollo 17)', 'image_url': 'https://thespacedevs-dev.nyc3.digitaloceanspaces.com/media/images/earth_2528apol_image_20240402194304.jpeg', 'thumbnail_url': 'https://thespacedevs-dev.nyc3.digitaloceanspaces.com/media/images/earth_2528apol_image_thumbnail_20240402194305.jpeg', 'credit': 'NASA', 'license': {'id': 4, 'name': 'NASA Image and Media Guidelines', 'priority': 0, 'link': 'https://www.nasa.gov/nasa-brand-center/images-and-media/'}, 'single_use': True, 'variants': []}, 'description': 'Earth is the third planet from the Sun and the only astronomical object known to harbor life.', 'wiki_url': 'https://en.wikipedia.org/wiki/Earth'}}","{'id': 1, 'name': 'Autonomous Spaceport Drone Ship', 'abbrev': 'ASDS', 'description': 'An autonomous spaceport drone ship (ASDS) is an ocean-going vessel derived from a deck barge, outfitted with station-keeping engines and a large landing platform. Construction of such ships was commissioned by aerospace company SpaceX to allow for recovery of rocket first-stages at sea for high-velocity missions which do not carry enough fuel to return to the launch site after lofting spacecraft onto an orbital trajectory.'}",,normal,"{'id': 824, 'type': 'Core', 'reused': True, 'launcher_flight_number': 21, 'launcher': {'response_mode': 'normal', 'id': 114, 'url': 'https://lldev.thespacedevs.com/2.3.0/launchers/114/', 'flight_proven': True, 'serial_number': 'B1075', 'is_placeholder': False, 'status': {'id': 3, 'name': 'active'}, 'image': {'id': 2460, 'name': 'B1075 landing on LZ-4 during Transporter-11 launch', 'image_url': 'https://thespacedevs-dev.nyc3.digitaloceanspaces.com/media/images/b1075_landing_o_image_20250912152358.jpeg', 'thumbnail_url': 'https://thespacedevs-dev.nyc3.digitaloceanspaces.com/media/images/b1075_landing_o_image_thumbnail_20250912152358.jpeg', 'credit': 'SpaceX', 'license': {'id': 1, 'name': 'Unknown', 'priority': 9, 'link': None}, 'single_use': False, 'variants': []}, 'details': 'Falcon 9 Block 5 booster first used for the Starlink Group 2-4 mission. Converted to a Falcon Heavy booster in 2026 after 21 launches.', 'successful_landings': 22, 'attempted_landings': 22, 'flights': 22, 'last_launch_date': '2026-04-29T14:13:00Z', 'first_launch_date': '2023-01-19T15:43:10Z', 'fastest_turnaround': 'P24DT17H18M30S'}, 'previous_flight_date': '2025-09-06T18:06:39Z', 'turn_around_time': 'P45DT20H9M41S', 'previous_flight': {'id': 'a0310ea9-b526-4c9b-b767-90872c1cdafd', 'url': 'https://lldev.thespacedevs.com/2.3.0/launches/a0310ea9-b526-4c9b-b767-90872c1cdafd/', 'name': 'Falcon 9 Block 5 | Starlink Group 17-9'}}",,
124,1718,https://lldev.thespacedevs.com/2.3.0/landings/1718/,True,True,The Falcon 9 1st stage B1077 has landed on ASDS ASOG after its 24th flight.,600.0,"{'id': 17, 'name': 'A Shortfall of Gravitas', 'active': True, 'abbrev': 'ASOG', 'description': 'The fourth ASDS barge, A Shortfall of Gravitas (ASOG) is currently used to recover Falcon 9 and Heavy boosters in the Altantic Ocean.', 'location': None, 'longitude': None, 'latitude': None, 'image': {'id': 1971, 'name': 'ASOG with booster', 'image_url': 'https://thespacedevs-dev.nyc3.digitaloceanspaces.com/media/images/asog_with_boost_image_20240310164859.jpeg', 'thumbnail_url': 'https://thespacedevs-dev.nyc3.digitaloceanspaces.com/media/images/asog_with_boost_image_thumbnail_20240310164859.jpeg', 'credit': 'SpaceX', 'license': {'id': 5, 'name': 'CC BY-NC 2.0', 'priority': 1, 'link': 'https://creativecommons.org/licenses/by-nc/2.0/'}, 'single_use': True, 'variants': []}, 'successful_landings': 163, 'attempted_landings': 164, 'failed_landings': 1, 'celestial_body': {'response_mode': 'normal', 'id': 1, 'name': 'Earth', 'type': {'id': 1, 'name': 'Planet'}, 'diameter': 12742000.0, 'mass': 5.972168e+24, 'gravity': 9.80655, 'length_of_day': '1 00:00:00', 'atmosphere': True, 'image': {'id': 2040, 'name': 'Earth (Apollo 17)', 'image_url': 'https://thespacedevs-dev.nyc3.digitaloceanspaces.com/media/images/earth_2528apol_image_20240402194304.jpeg', 'thumbnail_url': 'https://thespacedevs-dev.nyc3.digitaloceanspaces.com/media/images/earth_2528apol_image_thumbnail_20240402194305.jpeg', 'credit': 'NASA', 'license': {'id': 4, 'name': 'NASA Image and Media Guidelines', 'priority': 0, 'link': 'https://www.nasa.gov/nasa-brand-center/images-and-media/'}, 'single_use': True, 'variants': []}, 'description': 'Earth is the third planet from the Sun and the only astronomical object known to harbor life.', 'wiki_url': 'https://en.wikipedia.org/wiki/Earth'}}","{'id': 1, 'name': 'Autonomous Spaceport Drone Ship', 'abbrev': 'ASDS', 'description': 'An autonomous spaceport drone ship (ASDS) is an ocean-going vessel derived from a deck barge, outfitted with station-keeping engines and a large landing platform. Construction of such ships was commissioned by aerospace company SpaceX to allow for recovery of rocket first-stages at sea for high-velocity missions which do not carry enough fuel to return to the launch site after lofting spacecraft onto an orbital trajectory.'}",,normal,"{'id': 825, 'type': 'Core', 'reused': True, 'launcher_flight_number': 24, 'launcher': {'response_mode': 'normal', 'id': 116, 'url': 'https://lldev.thespacedevs.com/2.3.0/launchers/116/', 'flight_proven': True, 'serial_number': 'B1077', 'is_placeholder': False, 'status': {'id': 3, 'name': 'active'}, 'image': {'id': 1637, 'name': 'B1077 landing on LZ-1 during CRS NG-20 launch', 'image_url': 'https://thespacedevs-dev.nyc3.digitaloceanspaces.com/media/images/116_image_20240201065853.jpg', 'thumbnail_url': 'https://thespacedevs-dev.nyc3.digitaloceanspaces.com/media/images/255bauto255d__image_thumbnail_20240305193345.jpeg', 'credit': 'SpaceX', 'license': {'id': 1, 'name': 'Unknown', 'priority': 9, 'link': None}, 'single_use': False, 'variants': []}, 'details': 'Falcon 9 Block 5 booster first used for the Crew-5 mission.', 'successful_landings': 30, 'attempted_landings': 30, 'flights': 30, 'last_launch_date': '2026-08-05T07:49:00Z', 'first_launch_date': '2022-10-05T16:00:57Z', 'fastest_turnaround': 'P26DT20H34M40S'}, 'previous_flight_date': '2025-08-31T11:49:00Z', 'turn_around_time': 'P56DT3H11M40S', 'previous_flight': {'id': 'e0427db4-5314-4766-9471-0c70859beb7a', 'url': 'https://lldev.thespacedevs.com/2.3.0/launches/e0427db4-5314-4766-9471-0c70859beb7a/', 'name': 'Falcon 9 Block 5 | Starlink Group 10-14'}}",,
125,1719,https://lldev.thespacedevs.com/2.3.0/landings/1719/,True,True,The New Shepard booster NS-5 has landed back on the landing pad.,3.2,"{'id': 11, 'name': 'Corn Ranch Landing Pad, West Texas', 'active': True, 'abbrev': 'CR', 'description': 'New Shepard landing site.', 'location': {'response_mode': 'normal', 'id': 29, 'url': 'https://lldev.thespacedevs.com/2.3.0/locations/29/', 'name': 'Corn Ranch, Van Horn, TX, USA', 'active': True, 'country': {'id': 2, 'name': 'United States of America', 'alpha_2_code': 'US', 'alpha_3_code': 'USA', 'nationality_name': 'American', 'nationality_name_composed': 'Americano'}, 'description': 'Corn Ranch, commonly referred to as Launch Site One (LSO), is a spaceport owned and operated by Blue Origin which is located approximately 30 miles north of the town of Van Horn, Texas, United States.', 'image': {'id': 2098, 'name': 'New Shepard liftoff (NS-25)', 'image_url': 'https://thespacedevs-dev.nyc3.digitaloceanspaces.com/media/images/new_shepard_lif_image_20240621062033.jpeg', 'thumbnail_url': 'https://thespacedevs-dev.nyc3.digitaloceanspaces.com/media/images/new_shepard_lif_image_thumbnail_20240621062033.jpeg', 'credit': 'Blue Origin', 'license': {'id': 1, 'name': 'Unknown', 'priority': 9, 'link': None}, 'single_use': True, 'variants': []}, 'map_image': 'https://thespacedevs-dev.nyc3.digitaloceanspaces.com/media/map_images/location_29_20200803142436.jpg', 'longitude': -104.757152, 'latitude': 31.422927, 'timezone_name': 'America/Chicago', 'total_launch_count': 38, 'total_landing_count': 38}, 'longitude': -104.762793, 'latitude': 31.451665, 'image': {'id': 1972, 'name': 'NS landing pad with booster landing on it', 'image_url': 'https://thespacedevs-dev.nyc3.digitaloceanspaces.com/media/images/ns_landing_pad__image_20240310165834.jpg', 'thumbnail_url': 'https://thespacedevs-dev.nyc3.digitaloceanspaces.com/media/images/ns_landing_pad__image_thumbnail_20240310165835.jpeg', 'credit': 'Blue Origin', 'license': {'id': 1, 'name': 'Unknown', 'priority': 9, 'link': None}, 'single_use': True, 'variants': []}, 'successful_landings': 33, 'attempted_landings': 35, 'failed_landings': 2, 'celestial_body': {'response_mode': 'normal', 'id': 1, 'name': 'Earth', 'type': {'id': 1, 'name': 'Planet'}, 'diameter': 12742000.0, 'mass': 5.972168e+24, 'gravity': 9.80655, 'length_of_day': '1 00:00:00', 'atmosphere': True, 'image': {'id': 2040, 'name': 'Earth (Apollo 17)', 'image_url': 'https://thespacedevs-dev.nyc3.digitaloceanspaces.com/media/images/earth_2528apol_image_20240402194304.jpeg', 'thumbnail_url': 'https://thespacedevs-dev.nyc3.digitaloceanspaces.com/media/images/earth_2528apol_image_thumbnail_20240402194305.jpeg', 'credit': 'NASA', 'license': {'id': 4, 'name': 'NASA Image and Media Guidelines', 'priority': 0, 'link': 'https://www.nasa.gov/nasa-brand-center/images-and-media/'}, 'single_use': True, 'variants': []}, 'description': 'Earth is the third planet from the Sun and the only astronomical object known to harbor life.', 'wiki_url': 'https://en.wikipedia.org/wiki/Earth'}}","{'id': 2, 'name': 'Return to Launch Site', 'abbrev': 'RTLS', 'description': 'A return to launch site usually means that after stage separation the booster flips and does a burn back towards the launch site, landing near where it initially launched from.'}",,normal,"{'id': 826, 'type': 'Core', 'reused': True, 'launcher_flight_number': 6, 'launcher': {'response_mode': 'normal', 'id': 187, 'url': 'https://lldev.thespacedevs.com/2.3.0/launchers/187/', 'flight_proven': True, 'serial_number': 'NS-5', 'is_placeholder': False, 'status': {'id': 3, 'name': 'active'}, 'image': {'id': 2317, 'name': 'NS-5 on the launch pad (NS-29)', 'image_url': 'https://thespacedevs-dev.nyc3.digitaloceanspaces.com/media/images/ns-5_on_the_lau_image_20250204174818.jpg', 'thumbnail_url': 'https://thespacedevs-dev.nyc3.digitaloceanspaces.com/media/images/ns-5_on_the_lau_image_thumbnail_20250204174819.jpeg', 'credit': 'Blue Origin', 'license': {'id': 1, 'name': 'Unknown', 'priority': 9, 'link': None}, 'single_use': True, 'variants': []}, 'details': '5th New Shepard booster.', 'successful_landings': 6, 'attempted_landings': 6, 'flights': 6, 'last_launch_date': '2025-12-20T14:15:00Z', 'first_launch_date': '2024-10-23T15:27:00Z', 'fastest_turnaround': 'P68DT21H30M'}, 'previous_flight_date': '2025-09-18T13:00:00Z', 'turn_around_time': 'P93DT1H15M', 'previous_flight': {'id': '92ec4610-4576-4077-b538-65272a5d6491', 'url': 'https://lldev.thespacedevs.com/2.3.0/launches/92ec4610-4576-4077-b538-65272a5d6491/', 'name': 'New Shepard | NS-35'}}",,
126,1720,https://lldev.thespacedevs.com/2.3.0/landings/1720/,True,True,The RSS capsule RSS Kármán Line has landed at Blue Origin's Corn Ranch facility.,,"{'id': 28, 'name': 'Corn Ranch, West Texas', 'active': True, 'abbrev': 'CR', 'description': 'Blue Origin launch and landing facility located in West Texas', 'location': {'response_mode': 'normal', 'id': 29, 'url': 'https://lldev.thespacedevs.com/2.3.0/locations/29/', 'name': 'Corn Ranch, Van Horn, TX, USA', 'active': True, 'country': {'id': 2, 'name': 'United States of America', 'alpha_2_code': 'US', 'alpha_3_code': 'USA', 'nationality_name': 'American', 'nationality_name_composed': 'Americano'}, 'description': 'Corn Ranch, commonly referred to as Launch Site One (LSO), is a spaceport owned and operated by Blue Origin which is located approximately 30 miles north of the town of Van Horn, Texas, United States.', 'image': {'id': 2098, 'name': 'New Shepard liftoff (NS-25)', 'image_url': 'https://thespacedevs-dev.nyc3.digitaloceanspaces.com/media/images/new_shepard_lif_image_20240621062033.jpeg', 'thumbnail_url': 'https://thespacedevs-dev.nyc3.digitaloceanspaces.com/media/images/new_shepard_lif_image_thumbnail_20240621062033.jpeg', 'credit': 'Blue Origin', 'license': {'id': 1, 'name': 'Unknown', 'priority': 9, 'link': None}, 'single_use': True, 'variants': []}, 'map_image': 'https://thespacedevs-dev.nyc3.digitaloceanspaces.com/media/map_images/location_29_20200803142436.jpg', 'longitude': -104.757152, 'latitude': 31.422927, 'timezone_name': 'America/Chicago', 'total_launch_count': 38, 'total_landing_count': 38}, 'longitude': None, 'latitude': None, 'image': {'id': 2152, 'name': 'New Shepard Crew Capsule Jules Verne under parachutes', 'image_url': 'https://thespacedevs-dev.nyc3.digitaloceanspaces.com/media/images/new_shepard_cre_image_20240812144851.jpg', 'thumbnail_url': 'https://thespacedevs-dev.nyc3.digitaloceanspaces.com/media/images/new_shepard_cre_image_thumbnail_20240812144851.jpeg', 'credit': 'Blue Origin', 'license': {'id': 1, 'name': 'Unknown', 'priority': 9, 'link': None}, 'single_use': True, 'variants': []}, 'successful_landings': 41, 'attempted_landings': 41, 'failed_landings': 0, 'celestial_body': {'response_mode': 'normal', 'id': 1, 'name': 'Earth', 'type': {'id': 1, 'name': 'Planet'}, 'diameter': 12742000.0, 'mass': 5.972168e+24, 'gravity': 9.80655, 'length_of_day': '1 00:00:00', 'atmosphere': True, 'image': {'id': 2040, 'name': 'Earth (Apollo 17)', 'image_url': 'https://thespacedevs-dev.nyc3.digitaloceanspaces.com/media/images/earth_2528apol_image_20240402194304.jpeg', 'thumbnail_url': 'https://thespacedevs-dev.nyc3.digitaloceanspaces.com/media/images/earth_2528apol_image_thumbnail_20240402194305.jpeg', 'credit': 'NASA', 'license': {'id': 4, 'name': 'NASA Image and Media Guidelines', 'priority': 0, 'link': 'https://www.nasa.gov/nasa-brand-center/images-and-media/'}, 'single_use': True, 'variants': []}, 'description': 'Earth is the third planet from the Sun and the only astronomical object known to harbor life.', 'wiki_url': 'https://en.wikipedia.org/wiki/Earth'}}","{'id': 4, 'name': 'Parachute Landing', 'abbrev': 'PCL', 'description': 'Unpowered landing using parachute(s).'}",,normal,,"{'id': 898, 'url': 'https://lldev.thespacedevs.com/2.3.0/spacecraft_flights/898/', 'destination': 'Suborbital', 'mission_end': '2025-12-20T14:25:26Z', 'spacecraft': {'response_mode': 'normal', 'id': 599, 'url': 'https://lldev.thespacedevs.com/2.3.0/spacecraft/599/', 'name': 'RSS Kármán Line', 'serial_number': None, 'is_placeholder': False, 'image': {'id': 1907, 'name': 'New Shepard M7 H. G. Wells landed', 'image_url': 'https://thespacedevs-dev.nyc3.digitaloceanspaces.com/media/images/crew2520capsule25202.0_image_20190309095011.jpeg', 'thumbnail_url': 'https://thespacedevs-dev.nyc3.digitaloceanspaces.com/media/images/255bauto255d__image_thumbnail_20240305194115.jpeg', 'credit': 'Blue Origin', 'license': {'id': 1, 'name': 'Unknown', 'priority': 9, 'link': None}, 'single_use': True, 'variants': []}, 'in_space': False, 'time_in_space': 'PT41M1S', 'time_docked': 'P0D', 'flights_count': 4, 'mission_ends_count': 4, 'status': {'id': 1, 'name': 'Active'}, 'description': 'Second human rated Crew Capsule for New Shepard.', 'spacecraft_config': {'response_mode': 'normal', 'id': 21, 'url': 'https://lldev.thespacedevs.com/2.3.0/spacecraft_configurations/21/', 'name': 'Crew Capsule 2.0', 'type': {'id': 2, 'name': 'Capsule'}, 'agency': {'response_mode': 'list', 'id': 141, 'url': 'https://lldev.thespacedevs.com/2.3.0/agencies/141/', 'name': 'Blue Origin', 'abbrev': 'BO', 'type': {'id': 3, 'name': 'Commercial'}}, 'family': [{'response_mode': 'normal', 'id': 5, 'name': 'New Shepard Crew Capsule', 'description': 'Capsules built for suborbital human spaceflight on New Shepard', 'manufacturer': {'response_mode': 'list', 'id': 141, 'url': 'https://lldev.thespacedevs.com/2.3.0/agencies/141/', 'name': 'Blue Origin', 'abbrev': 'BO', 'type': {'id': 3, 'name': 'Commercial'}}, 'parent': None, 'maiden_flight': '2015-04-29'}], 'in_use': True, 'image': {'id': 1907, 'name': 'New Shepard M7 H. G. Wells landed', 'image_url': 'https://thespacedevs-dev.nyc3.digitaloceanspaces.com/media/images/crew2520capsule25202.0_image_20190309095011.jpeg', 'thumbnail_url': 'https://thespacedevs-dev.nyc3.digitaloceanspaces.com/media/images/255bauto255d__image_thumbnail_20240305194115.jpeg', 'credit': 'Blue Origin', 'license': {'id': 1, 'name': 'Unknown', 'priority': 9, 'link': None}, 'single_use': True, 'variants': []}}, 'fastest_turnaround': 'P76DT59M35S'}, 'launch': {'id': '9936c9c4-faff-4e67-9adb-c8c147239d57', 'url': 'https://lldev.thespacedevs.com/2.3.0/launches/9936c9c4-faff-4e67-9adb-c8c147239d57/', 'name': 'New Shepard | NS-37', 'response_mode': 'normal', 'slug': 'new-shepard-ns-37', 'launch_designator': None, 'status': {'id': 3, 'name': 'Launch Successful', 'abbrev': 'Success', 'description': 'The launch vehicle successfully inserted its payload(s) into the target orbit(s).'}, 'last_updated': '2025-12-20T17:34:09Z', 'net': '2025-12-20T14:15:00Z', 'net_precision': {'id': 0, 'name': 'Second', 'abbrev': 'SEC', 'description': 'The T-0 is accurate to the second.'}, 'window_end': '2025-12-20T22:30:00Z', 'window_start': '2025-12-20T14:00:00Z', 'image': {'id': 2098, 'name': 'New Shepard liftoff (NS-25)', 'image_url': 'https://thespacedevs-dev.nyc3.digitaloceanspaces.com/media/images/new_shepard_lif_image_20240621062033.jpeg', 'thumbnail_url': 'https://thespacedevs-dev.nyc3.digitaloceanspaces.com/media/images/new_shepard_lif_image_thumbnail_20240621062033.jpeg', 'credit': 'Blue Origin', 'license': {'id': 1, 'name': 'Unknown', 'priority': 9, 'link': None}, 'single_use': True, 'variants': []}, 'infographic': None, 'probability': None, 'weather_concerns': None, 'failreason': '', 'hashtag': None, 'launch_service_provider': {'response_mode': 'list', 'id': 141, 'url': 'https://lldev.thespacedevs.com/2.3.0/agencies/141/', 'name': 'Blue Origin', 'abbrev': 'BO', 'type': {'id': 3, 'name': 'Commercial'}}, 'rocket': {'id': 8767, 'configuration': {'response_mode': 'list', 'id': 137, 'url': 'https://lldev.thespacedevs.com/2.3.0/launcher_configurations/137/', 'name': 'New Shepard', 'families': [], 'full_name': 'New Shepard', 'variant': ''}}, 'mission': {'id': 7358, 'name': 'NS-37', 'type': 'Tourism', 'description': ""NS-37 is the 16th crewed flight for the New Shepard program and the 37th in the New Shepard program's history."", 'image': None, 'orbit': {'id': 15, 'name': 'Suborbital', 'abbrev': 'Sub', 'celestial_body': {'response_mode': 'list', 'id': 1, 'name': 'Earth'}}, 'agencies': [{'response_mode': 'normal', 'id': 141, 'url': 'https://lldev.thespacedevs.com/2.3.0/agencies/141/', 'name': 'Blue Origin', 'abbrev': 'BO', 'type': {'id': 3, 'name': 'Commercial'}, 'featured': True, 'country': [{'id': 2, 'name': 'United States of America', 'alpha_2_code': 'US', 'alpha_3_code': 'USA', 'nationality_name': 'American', 'nationality_name_composed': 'Americano'}], 'description': 'Blue Origin is an American privately funded aerospace manufacturer and spaceflight services company set up by Amazon.com founder Jeff Bezos with its headquarters in Kent, Washington. The company is developing technologies to enable private human access to space with the goal to dramatically lower costs and increase reliability. Blue Origin currently launches its New Shepard sub-orbital vehicle from its West Texas launch site, they are currently constructing a launch pad for their orbital vehicle New Glenn at Cape Canaveral LC-36.', 'administrator': 'CEO: Jeff Bezos', 'founding_year': 2000, 'launchers': 'New Shepard | New Glenn', 'spacecraft': '', 'parent': None, 'image': {'id': 5, 'name': '[AUTO] Blue Origin - image', 'image_url': 'https://thespacedevs-dev.nyc3.digitaloceanspaces.com/media/images/blue2520origin_image_20190207032427.jpeg', 'thumbnail_url': 'https://thespacedevs-dev.nyc3.digitaloceanspaces.com/media/images/255bauto255d__image_thumbnail_20240305184551.jpeg', 'credit': None, 'license': {'id': 1, 'name': 'Unknown', 'priority': 9, 'link': None}, 'single_use': True, 'variants': []}, 'logo': {'id': 116, 'name': '[AUTO] Blue Origin - logo', 'image_url': 'https://thespacedevs-dev.nyc3.digitaloceanspaces.com/media/images/blue2520origin_logo_20190207032427.png', 'thumbnail_url': 'https://thespacedevs-dev.nyc3.digitaloceanspaces.com/media/images/255bauto255d__image_thumbnail_20240305184921.png', 'credit': None, 'license': {'id': 1, 'name': 'Unknown', 'priority': 9, 'link': None}, 'single_use': True, 'variants': []}, 'social_logo': {'id': 45, 'name': '[AUTO] Blue Origin - social_logo', 'image_url': 'https://thespacedevs-dev.nyc3.digitaloceanspaces.com/media/images/blue2520origin_nation_20240222073724.jpg', 'thumbnail_url': 'https://thespacedevs-dev.nyc3.digitaloceanspaces.com/media/images/255bauto255d__image_thumbnail_20240305184738.jpeg', 'credit': None, 'license': {'id': 1, 'name': 'Unknown', 'priority': 9, 'link': None}, 'single_use': True, 'variants': []}, 'total_launch_count': 41, 'consecutive_successful_launches': 0, 'successful_launches': 39, 'failed_launches': 2, 'pending_launches': 4, 'consecutive_successful_landings': 12, 'successful_landings': 38, 'failed_landings': 3, 'attempted_landings': 41, 'successful_landings_spacecraft': 38, 'failed_landings_spacecraft': 0, 'attempted_landings_spacecraft': 38, 'successful_landings_payload': 0, 'failed_landings_payload': 0, 'attempted_landings_payload': 0, 'info_url': 'https://www.blueorigin.com/', 'wiki_url': 'https://en.wikipedia.org/wiki/Blue_Origin', 'social_media_links': []}], 'info_urls': [], 'vid_urls': []}, 'pad': {'id': 90, 'url': 'https://lldev.thespacedevs.com/2.3.0/pads/90/', 'active': True, 'agencies': [{'response_mode': 'normal', 'id': 141, 'url': 'https://lldev.thespacedevs.com/2.3.0/agencies/141/', 'name': 'Blue Origin', 'abbrev': 'BO', 'type': {'id': 3, 'name': 'Commercial'}, 'featured': True, 'country': [{'id': 2, 'name': 'United States of America', 'alpha_2_code': 'US', 'alpha_3_code': 'USA', 'nationality_name': 'American', 'nationality_name_composed': 'Americano'}], 'description': 'Blue Origin is an American privately funded aerospace manufacturer and spaceflight services company set up by Amazon.com founder Jeff Bezos with its headquarters in Kent, Washington. The company is developing technologies to enable private human access to space with the goal to dramatically lower costs and increase reliability. Blue Origin currently launches its New Shepard sub-orbital vehicle from its West Texas launch site, they are currently constructing a launch pad for their orbital vehicle New Glenn at Cape Canaveral LC-36.', 'administrator': 'CEO: Jeff Bezos', 'founding_year': 2000, 'launchers': 'New Shepard | New Glenn', 'spacecraft': '', 'parent': None, 'image': {'id': 5, 'name': '[AUTO] Blue Origin - image', 'image_url': 'https://thespacedevs-dev.nyc3.digitaloceanspaces.com/media/images/blue2520origin_image_20190207032427.jpeg', 'thumbnail_url': 'https://thespacedevs-dev.nyc3.digitaloceanspaces.com/media/images/255bauto255d__image_thumbnail_20240305184551.jpeg', 'credit': None, 'license': {'id': 1, 'name': 'Unknown', 'priority': 9, 'link': None}, 'single_use': True, 'variants': []}, 'logo': {'id': 116, 'name': '[AUTO] Blue Origin - logo', 'image_url': 'https://thespacedevs-dev.nyc3.digitaloceanspaces.com/media/images/blue2520origin_logo_20190207032427.png', 'thumbnail_url': 'https://thespacedevs-dev.nyc3.digitaloceanspaces.com/media/images/255bauto255d__image_thumbnail_20240305184921.png', 'credit': None, 'license': {'id': 1, 'name': 'Unknown', 'priority': 9, 'link': None}, 'single_use': True, 'variants': []}, 'social_logo': {'id': 45, 'name': '[AUTO] Blue Origin - social_logo', 'image_url': 'https://thespacedevs-dev.nyc3.digitaloceanspaces.com/media/images/blue2520origin_nation_20240222073724.jpg', 'thumbnail_url': 'https://thespacedevs-dev.nyc3.digitaloceanspaces.com/media/images/255bauto255d__image_thumbnail_20240305184738.jpeg', 'credit': None, 'license': {'id': 1, 'name': 'Unknown', 'priority': 9, 'link': None}, 'single_use': True, 'variants': []}}], 'name': 'West Texas Suborbital Launch Site/ Corn Ranch', 'image': None, 'description': None, 'info_url': 'https://www.blueorigin.com', 'wiki_url': 'https://en.wikipedia.org/wiki/Corn_Ranch', 'map_url': 'https://www.google.com/maps?q=31.422878000000000,-104.757121000000000', 'latitude': 31.422878, 'longitude': -104.757121, 'country': {'id': 2, 'name': 'United States of America', 'alpha_2_code': 'US', 'alpha_3_code': 'USA', 'nationality_name': 'American', 'nationality_name_composed': 'Americano'}, 'map_image': 'https://thespacedevs-dev.nyc3.digitaloceanspaces.com/media/map_images/pad_90_20200803143233.jpg', 'total_launch_count': 38, 'orbital_launch_attempt_count': 0, 'fastest_turnaround': 'P20DT40M27S', 'location': {'response_mode': 'normal', 'id': 29, 'url': 'https://lldev.thespacedevs.com/2.3.0/locations/29/', 'name': 'Corn Ranch, Van Horn, TX, USA', 'celestial_body': {'response_mode': 'normal', 'id': 1, 'name': 'Earth', 'type': {'id': 1, 'name': 'Planet'}, 'diameter': 12742000.0, 'mass': 5.972168e+24, 'gravity': 9.80655, 'length_of_day': '1 00:00:00', 'atmosphere': True, 'image': {'id': 2040, 'name': 'Earth (Apollo 17)', 'image_url': 'https://thespacedevs-dev.nyc3.digitaloceanspaces.com/media/images/earth_2528apol_image_20240402194304.jpeg', 'thumbnail_url': 'https://thespacedevs-dev.nyc3.digitaloceanspaces.com/media/images/earth_2528apol_image_thumbnail_20240402194305.jpeg', 'credit': 'NASA', 'license': {'id': 4, 'name': 'NASA Image and Media Guidelines', 'priority': 0, 'link': 'https://www.nasa.gov/nasa-brand-center/images-and-media/'}, 'single_use': True, 'variants': []}, 'description': 'Earth is the third planet from the Sun and the only astronomical object known to harbor life.', 'wiki_url': 'https://en.wikipedia.org/wiki/Earth', 'total_attempted_launches': 7584, 'successful_launches': 7028, 'failed_launches': 556, 'total_attempted_landings': 1351, 'successful_landings': 1302, 'failed_landings': 49}, 'active': True, 'country': {'id': 2, 'name': 'United States of America', 'alpha_2_code': 'US', 'alpha_3_code': 'USA', 'nationality_name': 'American', 'nationality_name_composed': 'Americano'}, 'description': 'Corn Ranch, commonly referred to as Launch Site One (LSO), is a spaceport owned and operated by Blue Origin which is located approximately 30 miles north of the town of Van Horn, Texas, United States.', 'image': {'id': 2098, 'name': 'New Shepard liftoff (NS-25)', 'image_url': 'https://thespacedevs-dev.nyc3.digitaloceanspaces.com/media/images/new_shepard_lif_image_20240621062033.jpeg', 'thumbnail_url': 'https://thespacedevs-dev.nyc3.digitaloceanspaces.com/media/images/new_shepard_lif_image_thumbnail_20240621062033.jpeg', 'credit': 'Blue Origin', 'license': {'id': 1, 'name': 'Unknown', 'priority': 9, 'link': None}, 'single_use': True, 'variants': []}, 'map_image': 'https://thespacedevs-dev.nyc3.digitaloceanspaces.com/media/map_images/location_29_20200803142436.jpg', 'longitude': -104.757152, 'latitude': 31.422927, 'timezone_name': 'America/Chicago', 'total_launch_count': 38, 'total_landing_count': 38}}, 'webcast_live': False, 'program': [], 'orbital_launch_attempt_count': None, 'location_launch_attempt_count': 37, 'pad_launch_attempt_count': 37, 'agency_launch_attempt_count': 39, 'orbital_launch_attempt_count_year': None, 'location_launch_attempt_count_year': 9, 'pad_launch_attempt_count_year': 9, 'agency_launch_attempt_count_year': 11}, 'duration': 'PT10M26S', 'turn_around_time': 'P173DT23H24M50S', 'response_mode': 'normal'}",
127,1721,https://lldev.thespacedevs.com/2.3.0/landings/1721/,True,True,The Falcon 9 first stage B1081 has landed on ASDS OCISLY after its 19th flight.,574.0,"{'id': 1, 'name': 'Of Course I Still Love You', 'active': True, 'abbrev': 'OCISLY', 'description': 'The second ASDS barge, Of Course I Still Love You (OCISLY) services launches in the Pacific Ocean and was the site of the first landing of a SpaceX Falcon 9 first stage during CRS-8, the launch of a Dragon spacecraft to the International Space Station.', 'location': None, 'longitude': None, 'latitude': None, 'image': {'id': 1969, 'name': 'OCISLY empty', 'image_url': 'https://thespacedevs-dev.nyc3.digitaloceanspaces.com/media/images/ocisly_empty_image_20240310164323.png', 'thumbnail_url': 'https://thespacedevs-dev.nyc3.digitaloceanspaces.com/media/images/ocisly_empty_image_thumbnail_20240310164323.png', 'credit': 'SpaceX', 'license': {'id': 5, 'name': 'CC BY-NC 2.0', 'priority': 1, 'link': 'https://creativecommons.org/licenses/by-nc/2.0/'}, 'single_use': True, 'variants': []}, 'successful_landings': 217, 'attempted_landings': 225, 'failed_landings': 8, 'celestial_body': {'response_mode': 'normal', 'id': 1, 'name': 'Earth', 'type': {'id': 1, 'name': 'Planet'}, 'diameter': 12742000.0, 'mass': 5.972168e+24, 'gravity': 9.80655, 'length_of_day': '1 00:00:00', 'atmosphere': True, 'image': {'id': 2040, 'name': 'Earth (Apollo 17)', 'image_url': 'https://thespacedevs-dev.nyc3.digitaloceanspaces.com/media/images/earth_2528apol_image_20240402194304.jpeg', 'thumbnail_url': 'https://thespacedevs-dev.nyc3.digitaloceanspaces.com/media/images/earth_2528apol_image_thumbnail_20240402194305.jpeg', 'credit': 'NASA', 'license': {'id': 4, 'name': 'NASA Image and Media Guidelines', 'priority': 0, 'link': 'https://www.nasa.gov/nasa-brand-center/images-and-media/'}, 'single_use': True, 'variants': []}, 'description': 'Earth is the third planet from the Sun and the only astronomical object known to harbor life.', 'wiki_url': 'https://en.wikipedia.org/wiki/Earth'}}","{'id': 1, 'name': 'Autonomous Spaceport Drone Ship', 'abbrev': 'ASDS', 'description': 'An autonomous spaceport drone ship (ASDS) is an ocean-going vessel derived from a deck barge, outfitted with station-keeping engines and a large landing platform. Construction of such ships was commissioned by aerospace company SpaceX to allow for recovery of rocket first-stages at sea for high-velocity missions which do not carry enough fuel to return to the launch site after lofting spacecraft onto an orbital trajectory.'}",,normal,"{'id': 828, 'type': 'Core', 'reused': True, 'launcher_flight_number': 19, 'launcher': {'response_mode': 'normal', 'id': 124, 'url': 'https://lldev.thespacedevs.com/2.3.0/launchers/124/', 'flight_proven': True, 'serial_number': 'B1081', 'is_placeholder': False, 'status': {'id': 3, 'name': 'active'}, 'image': {'id': 1641, 'name': 'B1081 at LZ-1 after Crew-7 launch', 'image_url': 'https://thespacedevs-dev.nyc3.digitaloceanspaces.com/media/images/124_image_20230827172435.jpeg', 'thumbnail_url': 'https://thespacedevs-dev.nyc3.digitaloceanspaces.com/media/images/255bauto255d__image_thumbnail_20240305193351.jpeg', 'credit': 'SpaceX', 'license': {'id': 1, 'name': 'Unknown', 'priority': 9, 'link': None}, 'single_use': False, 'variants': []}, 'details': 'Launched Crew-7 on its first flight.', 'successful_landings': 26, 'attempted_landings': 26, 'flights': 26, 'last_launch_date': '2026-08-01T03:08:43Z', 'first_launch_date': '2023-08-26T07:27:27Z', 'fastest_turnaround': 'P24DT19H13M20S'}, 'previous_flight_date': '2025-09-22T17:38:00Z', 'turn_around_time': 'P32DT20H42M50S', 'previous_flight': {'id': '86d62815-9266-481b-951e-e53670d27341', 'url': 'https://lldev.thespacedevs.com/2.3.0/launches/86d62815-9266-481b-951e-e53670d27341/', 'name': 'Falcon 9 Block 5 | NROL-48'}}",,
128,1722,https://lldev.thespacedevs.com/2.3.0/landings/1722/,False,,The Falcon 9 booster B1076 was expended during its 22nd mission.,,"{'id': 6, 'name': 'Atlantic Ocean', 'active': True, 'abbrev': 'ATL', 'description': 'Atlantic Ocean', 'location': None, 'longitude': None, 'latitude': None, 'image': {'id': 2230, 'name': 'Sun glint on the Atlantic Ocean', 'image_url': 'https://thespacedevs-dev.nyc3.digitaloceanspaces.com/media/images/sun_glint_on_th_image_20240920085841.jpg', 'thumbnail_url': 'https://thespacedevs-dev.nyc3.digitaloceanspaces.com/media/images/sun_glint_on_th_image_thumbnail_20240920085841.jpeg', 'credit': 'NASA', 'license': {'id': 4, 'name': 'NASA Image and Media Guidelines', 'priority': 0, 'link': 'https://www.nasa.gov/nasa-brand-center/images-and-media/'}, 'single_use': True, 'variants': []}, 'successful_landings': 38, 'attempted_landings': 42, 'failed_landings': 4, 'celestial_body': {'response_mode': 'normal', 'id': 1, 'name': 'Earth', 'type': {'id': 1, 'name': 'Planet'}, 'diameter': 12742000.0, 'mass': 5.972168e+24, 'gravity': 9.80655, 'length_of_day': '1 00:00:00', 'atmosphere': True, 'image': {'id': 2040, 'name': 'Earth (Apollo 17)', 'image_url': 'https://thespacedevs-dev.nyc3.digitaloceanspaces.com/media/images/earth_2528apol_image_20240402194304.jpeg', 'thumbnail_url': 'https://thespacedevs-dev.nyc3.digitaloceanspaces.com/media/images/earth_2528apol_image_thumbnail_20240402194305.jpeg', 'credit': 'NASA', 'license': {'id': 4, 'name': 'NASA Image and Media Guidelines', 'priority': 0, 'link': 'https://www.nasa.gov/nasa-brand-center/images-and-media/'}, 'single_use': True, 'variants': []}, 'description': 'Earth is the third planet from the Sun and the only astronomical object known to harbor life.', 'wiki_url': 'https://en.wikipedia.org/wiki/Earth'}}","{'id': 8, 'name': 'Expended', 'abbrev': 'EXP', 'description': 'Vehicle did not perform any landing operations after launch'}",,normal,"{'id': 797, 'type': 'Core', 'reused': True, 'launcher_flight_number': 22, 'launcher': {'response_mode': 'normal', 'id': 118, 'url': 'https://lldev.thespacedevs.com/2.3.0/launchers/118/', 'flight_proven': True, 'serial_number': 'B1076', 'is_placeholder': False, 'status': {'id': 2, 'name': 'expended'}, 'image': {'id': 2459, 'name': 'B1076 landing on LZ-1 during Worldview Legion 3-4 launch', 'image_url': 'https://thespacedevs-dev.nyc3.digitaloceanspaces.com/media/images/b1076_landing_o_image_20250912152159.jpeg', 'thumbnail_url': 'https://thespacedevs-dev.nyc3.digitaloceanspaces.com/media/images/b1076_landing_o_image_thumbnail_20250912152200.jpeg', 'credit': 'SpaceX', 'license': {'id': 1, 'name': 'Unknown', 'priority': 9, 'link': None}, 'single_use': False, 'variants': []}, 'details': 'Booster first launched on the Dragon CRS-26 mission. Expended during the SPAINSAT-NG II launch.', 'successful_landings': 21, 'attempted_landings': 21, 'flights': 22, 'last_launch_date': '2025-10-24T01:30:00Z', 'first_launch_date': '2022-11-26T19:20:43Z', 'fastest_turnaround': 'P21DT2H49M'}, 'previous_flight_date': '2025-02-21T15:19:00Z', 'turn_around_time': 'P244DT10H11M', 'previous_flight': None}",,
129,1723,https://lldev.thespacedevs.com/2.3.0/landings/1723/,True,True,The Falcon 9 first stage B1082 has landed on ASDS OCISLY after its 17th flight.,574.0,"{'id': 1, 'name': 'Of Course I Still Love You', 'active': True, 'abbrev': 'OCISLY', 'description': 'The second ASDS barge, Of Course I Still Love You (OCISLY) services launches in the Pacific Ocean and was the site of the first landing of a SpaceX Falcon 9 first stage during CRS-8, the launch of a Dragon spacecraft to the International Space Station.', 'location': None, 'longitude': None, 'latitude': None, 'image': {'id': 1969, 'name': 'OCISLY empty', 'image_url': 'https://thespacedevs-dev.nyc3.digitaloceanspaces.com/media/images/ocisly_empty_image_20240310164323.png', 'thumbnail_url': 'https://thespacedevs-dev.nyc3.digitaloceanspaces.com/media/images/ocisly_empty_image_thumbnail_20240310164323.png', 'credit': 'SpaceX', 'license': {'id': 5, 'name': 'CC BY-NC 2.0', 'priority': 1, 'link': 'https://creativecommons.org/licenses/by-nc/2.0/'}, 'single_use': True, 'variants': []}, 'successful_landings': 217, 'attempted_landings': 225, 'failed_landings': 8, 'celestial_body': {'response_mode': 'normal', 'id': 1, 'name': 'Earth', 'type': {'id': 1, 'name': 'Planet'}, 'diameter': 12742000.0, 'mass': 5.972168e+24, 'gravity': 9.80655, 'length_of_day': '1 00:00:00', 'atmosphere': True, 'image': {'id': 2040, 'name': 'Earth (Apollo 17)', 'image_url': 'https://thespacedevs-dev.nyc3.digitaloceanspaces.com/media/images/earth_2528apol_image_20240402194304.jpeg', 'thumbnail_url': 'https://thespacedevs-dev.nyc3.digitaloceanspaces.com/media/images/earth_2528apol_image_thumbnail_20240402194305.jpeg', 'credit': 'NASA', 'license': {'id': 4, 'name': 'NASA Image and Media Guidelines', 'priority': 0, 'link': 'https://www.nasa.gov/nasa-brand-center/images-and-media/'}, 'single_use': True, 'variants': []}, 'description': 'Earth is the third planet from the Sun and the only astronomical object known to harbor life.', 'wiki_url': 'https://en.wikipedia.org/wiki/Earth'}}","{'id': 1, 'name': 'Autonomous Spaceport Drone Ship', 'abbrev': 'ASDS', 'description': 'An autonomous spaceport drone ship (ASDS) is an ocean-going vessel derived from a deck barge, outfitted with station-keeping engines and a large landing platform. Construction of such ships was commissioned by aerospace company SpaceX to allow for recovery of rocket first-stages at sea for high-velocity missions which do not carry enough fuel to return to the launch site after lofting spacecraft onto an orbital trajectory.'}",,normal,"{'id': 829, 'type': 'Core', 'reused': True, 'launcher_flight_number': 17, 'launcher': {'response_mode': 'normal', 'id': 125, 'url': 'https://lldev.thespacedevs.com/2.3.0/launchers/125/', 'flight_proven': True, 'serial_number': 'B1082', 'is_placeholder': False, 'status': {'id': 3, 'name': 'active'}, 'image': {'id': 2632, 'name': 'B1082 landing at LZ-4 (USSF-62)', 'image_url': 'https://thespacedevs-dev.nyc3.digitaloceanspaces.com/media/images/b1082_landing_a_image_20251219191159.jpg', 'thumbnail_url': 'https://thespacedevs-dev.nyc3.digitaloceanspaces.com/media/images/b1082_landing_a_image_thumbnail_20251219191159.jpeg', 'credit': 'USSF SSC', 'license': {'id': 17, 'name': 'Department of Defense Image Use Policy', 'priority': 6, 'link': 'https://www.dimoc.mil/resources/limitations/'}, 'single_use': True, 'variants': []}, 'details': 'Falcon 9 Block 5 booster.', 'successful_landings': 23, 'attempted_landings': 23, 'flights': 23, 'last_launch_date': '2026-07-21T14:49:34Z', 'first_launch_date': '2024-01-03T03:44:20Z', 'fastest_turnaround': 'P25DT10M'}, 'previous_flight_date': '2025-09-26T04:26:29Z', 'turn_around_time': 'P31DT20H17M20S', 'previous_flight': {'id': '018c85ab-533f-4a9c-8b25-a03ca8e824d1', 'url': 'https://lldev.thespacedevs.com/2.3.0/launches/018c85ab-533f-4a9c-8b25-a03ca8e824d1/', 'name': 'Falcon 9 Block 5 | Starlink Group 17-11'}}",,
130,1724,https://lldev.thespacedevs.com/2.3.0/landings/1724/,True,True,The Falcon 9 first stage B1083 has landed on ASDS JRTI after its 15th flight.,600.0,"{'id': 3, 'name': 'Just Read the Instructions', 'active': True, 'abbrev': 'JRTI', 'description': 'Third (Marmac 303) ASDS barge, Just Read the Instructions (JRTI) is currently used to recover Falcon 9 and Heavy boosters in the Atlantic Ocean.', 'location': None, 'longitude': None, 'latitude': None, 'image': {'id': 1973, 'name': 'JRTI (Marmac 303) empty', 'image_url': 'https://thespacedevs-dev.nyc3.digitaloceanspaces.com/media/images/jrti_2528marma_image_20240310170452.jpeg', 'thumbnail_url': 'https://thespacedevs-dev.nyc3.digitaloceanspaces.com/media/images/jrti_2528marma_image_thumbnail_20240310170452.jpeg', 'credit': 'SpaceX', 'license': {'id': 5, 'name': 'CC BY-NC 2.0', 'priority': 1, 'link': 'https://creativecommons.org/licenses/by-nc/2.0/'}, 'single_use': True, 'variants': []}, 'successful_landings': 156, 'attempted_landings': 157, 'failed_landings': 1, 'celestial_body': {'response_mode': 'normal', 'id': 1, 'name': 'Earth', 'type': {'id': 1, 'name': 'Planet'}, 'diameter': 12742000.0, 'mass': 5.972168e+24, 'gravity': 9.80655, 'length_of_day': '1 00:00:00', 'atmosphere': True, 'image': {'id': 2040, 'name': 'Earth (Apollo 17)', 'image_url': 'https://thespacedevs-dev.nyc3.digitaloceanspaces.com/media/images/earth_2528apol_image_20240402194304.jpeg', 'thumbnail_url': 'https://thespacedevs-dev.nyc3.digitaloceanspaces.com/media/images/earth_2528apol_image_thumbnail_20240402194305.jpeg', 'credit': 'NASA', 'license': {'id': 4, 'name': 'NASA Image and Media Guidelines', 'priority': 0, 'link': 'https://www.nasa.gov/nasa-brand-center/images-and-media/'}, 'single_use': True, 'variants': []}, 'description': 'Earth is the third planet from the Sun and the only astronomical object known to harbor life.', 'wiki_url': 'https://en.wikipedia.org/wiki/Earth'}}","{'id': 1, 'name': 'Autonomous Spaceport Drone Ship', 'abbrev': 'ASDS', 'description': 'An autonomous spaceport drone ship (ASDS) is an ocean-going vessel derived from a deck barge, outfitted with station-keeping engines and a large landing platform. Construction of such ships was commissioned by aerospace company SpaceX to allow for recovery of rocket first-stages at sea for high-velocity missions which do not carry enough fuel to return to the launch site after lofting spacecraft onto an orbital trajectory.'}",,normal,"{'id': 830, 'type': 'Core', 'reused': True, 'launcher_flight_number': 15, 'launcher': {'response_mode': 'normal', 'id': 126, 'url': 'https://lldev.thespacedevs.com/2.3.0/launchers/126/', 'flight_proven': True, 'serial_number': 'B1083', 'is_placeholder': False, 'status': {'id': 3, 'name': 'active'}, 'image': {'id': 1643, 'name': 'B1083 at LZ-1 after Crew-8 launch', 'image_url': 'https://thespacedevs-dev.nyc3.digitaloceanspaces.com/media/images/126_image_20240304081131.jpeg', 'thumbnail_url': 'https://thespacedevs-dev.nyc3.digitaloceanspaces.com/media/images/255bauto255d__image_thumbnail_20240305193355.jpeg', 'credit': 'SpaceX', 'license': {'id': 5, 'name': 'CC BY-NC 2.0', 'priority': 1, 'link': 'https://creativecommons.org/licenses/by-nc/2.0/'}, 'single_use': False, 'variants': []}, 'details': 'Booster first flown during the Crew-8 mission.', 'successful_landings': 16, 'attempted_landings': 16, 'flights': 16, 'last_launch_date': '2025-12-11T22:01:20Z', 'first_launch_date': '2024-03-04T03:53:38Z', 'fastest_turnaround': 'P23DT24M50S'}, 'previous_flight_date': '2025-09-03T11:56:10Z', 'turn_around_time': 'P56DT4H39M10S', 'previous_flight': {'id': '2a799baa-899d-4a71-8701-d15df5d3d2c4', 'url': 'https://lldev.thespacedevs.com/2.3.0/launches/2a799baa-899d-4a71-8701-d15df5d3d2c4/', 'name': 'Falcon 9 Block 5 | Starlink Group 10-22'}}",,
131,1725,https://lldev.thespacedevs.com/2.3.0/landings/1725/,True,True,The Falcon 9 first stage B1063 has landed on ASDS OCISLY after its 29th flight.,574.0,"{'id': 1, 'name': 'Of Course I Still Love You', 'active': True, 'abbrev': 'OCISLY', 'description': 'The second ASDS barge, Of Course I Still Love You (OCISLY) services launches in the Pacific Ocean and was the site of the first landing of a SpaceX Falcon 9 first stage during CRS-8, the launch of a Dragon spacecraft to the International Space Station.', 'location': None, 'longitude': None, 'latitude': None, 'image': {'id': 1969, 'name': 'OCISLY empty', 'image_url': 'https://thespacedevs-dev.nyc3.digitaloceanspaces.com/media/images/ocisly_empty_image_20240310164323.png', 'thumbnail_url': 'https://thespacedevs-dev.nyc3.digitaloceanspaces.com/media/images/ocisly_empty_image_thumbnail_20240310164323.png', 'credit': 'SpaceX', 'license': {'id': 5, 'name': 'CC BY-NC 2.0', 'priority': 1, 'link': 'https://creativecommons.org/licenses/by-nc/2.0/'}, 'single_use': True, 'variants': []}, 'successful_landings': 217, 'attempted_landings': 225, 'failed_landings': 8, 'celestial_body': {'response_mode': 'normal', 'id': 1, 'name': 'Earth', 'type': {'id': 1, 'name': 'Planet'}, 'diameter': 12742000.0, 'mass': 5.972168e+24, 'gravity': 9.80655, 'length_of_day': '1 00:00:00', 'atmosphere': True, 'image': {'id': 2040, 'name': 'Earth (Apollo 17)', 'image_url': 'https://thespacedevs-dev.nyc3.digitaloceanspaces.com/media/images/earth_2528apol_image_20240402194304.jpeg', 'thumbnail_url': 'https://thespacedevs-dev.nyc3.digitaloceanspaces.com/media/images/earth_2528apol_image_thumbnail_20240402194305.jpeg', 'credit': 'NASA', 'license': {'id': 4, 'name': 'NASA Image and Media Guidelines', 'priority': 0, 'link': 'https://www.nasa.gov/nasa-brand-center/images-and-media/'}, 'single_use': True, 'variants': []}, 'description': 'Earth is the third planet from the Sun and the only astronomical object known to harbor life.', 'wiki_url': 'https://en.wikipedia.org/wiki/Earth'}}","{'id': 1, 'name': 'Autonomous Spaceport Drone Ship', 'abbrev': 'ASDS', 'description': 'An autonomous spaceport drone ship (ASDS) is an ocean-going vessel derived from a deck barge, outfitted with station-keeping engines and a large landing platform. Construction of such ships was commissioned by aerospace company SpaceX to allow for recovery of rocket first-stages at sea for high-velocity missions which do not carry enough fuel to return to the launch site after lofting spacecraft onto an orbital trajectory.'}",,normal,"{'id': 831, 'type': 'Core', 'reused': True, 'launcher_flight_number': 29, 'launcher': {'response_mode': 'normal', 'id': 84, 'url': 'https://lldev.thespacedevs.com/2.3.0/launchers/84/', 'flight_proven': True, 'serial_number': 'B1063', 'is_placeholder': False, 'status': {'id': 3, 'name': 'active'}, 'image': {'id': 1626, 'name': 'B1063 landing on LZ-4 during Sentinel-6A Michael Freilich launch', 'image_url': 'https://thespacedevs-dev.nyc3.digitaloceanspaces.com/media/images/84_image_20201122121517.jpeg', 'thumbnail_url': 'https://thespacedevs-dev.nyc3.digitaloceanspaces.com/media/images/255bauto255d__image_thumbnail_20240305193327.jpeg', 'credit': 'SpaceX', 'license': {'id': 1, 'name': 'Unknown', 'priority': 9, 'link': None}, 'single_use': False, 'variants': []}, 'details': 'Notable launches include Sentinel-6 and Dart.', 'successful_landings': 34, 'attempted_landings': 34, 'flights': 34, 'last_launch_date': '2026-08-04T17:05:03Z', 'first_launch_date': '2020-11-21T17:17:08Z', 'fastest_turnaround': 'P32DT18H36M20S'}, 'previous_flight_date': '2025-09-29T02:04:50Z', 'turn_around_time': 'P32DT18H36M20S', 'previous_flight': {'id': 'ee1f78af-5240-4909-a6f1-54f03de8dd93', 'url': 'https://lldev.thespacedevs.com/2.3.0/launches/ee1f78af-5240-4909-a6f1-54f03de8dd93/', 'name': 'Falcon 9 Block 5 | Starlink Group 11-20'}}",,
132,1726,https://lldev.thespacedevs.com/2.3.0/landings/1726/,False,,The HTV-X spacecraft will burn up upon entering Earth's atmosphere.,,,"{'id': 7, 'name': 'Destructive Reentry', 'abbrev': 'ATM', 'description': 'Spacecraft burned up in the atmosphere'}",,normal,,"{'id': 899, 'url': 'https://lldev.thespacedevs.com/2.3.0/spacecraft_flights/899/', 'destination': 'ISS', 'mission_end': '2026-05-26T14:10:00Z', 'spacecraft': {'response_mode': 'normal', 'id': 623, 'url': 'https://lldev.thespacedevs.com/2.3.0/spacecraft/623/', 'name': 'HTV-X1', 'serial_number': 'HTV-X1', 'is_placeholder': False, 'image': {'id': 2566, 'name': 'HTV-X in space (First Flight)', 'image_url': 'https://thespacedevs-dev.nyc3.digitaloceanspaces.com/media/images/htv-x_in_space__image_20251122191933.jpg', 'thumbnail_url': 'https://thespacedevs-dev.nyc3.digitaloceanspaces.com/media/images/htv-x_in_space__image_thumbnail_20251122191934.jpeg', 'credit': 'NASA', 'license': {'id': 4, 'name': 'NASA Image and Media Guidelines', 'priority': 0, 'link': 'https://www.nasa.gov/nasa-brand-center/images-and-media/'}, 'single_use': False, 'variants': []}, 'in_space': False, 'time_in_space': 'P212DT14H9M45S', 'time_docked': 'P127DT21H17M', 'flights_count': 1, 'mission_ends_count': 1, 'status': {'id': 1, 'name': 'Active'}, 'description': 'Spacecraft used for the maiden flight of the HTV-X Cargo Resupply Vehicle.', 'spacecraft_config': {'response_mode': 'normal', 'id': 47, 'url': 'https://lldev.thespacedevs.com/2.3.0/spacecraft_configurations/47/', 'name': 'HTV-X', 'type': {'id': 4, 'name': 'Cargo Resupply'}, 'agency': {'response_mode': 'list', 'id': 37, 'url': 'https://lldev.thespacedevs.com/2.3.0/agencies/37/', 'name': 'Japan Aerospace Exploration Agency', 'abbrev': 'JAXA', 'type': {'id': 1, 'name': 'Government'}}, 'family': [{'response_mode': 'normal', 'id': 4, 'name': 'HTV', 'description': 'The H-II Transfer Vehicle (HTV), also called Kounotori, is an expendable, automated cargo spacecraft used to resupply the International Space Station', 'manufacturer': {'response_mode': 'list', 'id': 37, 'url': 'https://lldev.thespacedevs.com/2.3.0/agencies/37/', 'name': 'Japan Aerospace Exploration Agency', 'abbrev': 'JAXA', 'type': {'id': 1, 'name': 'Government'}}, 'parent': None, 'maiden_flight': '2009-09-10'}], 'in_use': True, 'image': {'id': 2566, 'name': 'HTV-X in space (First Flight)', 'image_url': 'https://thespacedevs-dev.nyc3.digitaloceanspaces.com/media/images/htv-x_in_space__image_20251122191933.jpg', 'thumbnail_url': 'https://thespacedevs-dev.nyc3.digitaloceanspaces.com/media/images/htv-x_in_space__image_thumbnail_20251122191934.jpeg', 'credit': 'NASA', 'license': {'id': 4, 'name': 'NASA Image and Media Guidelines', 'priority': 0, 'link': 'https://www.nasa.gov/nasa-brand-center/images-and-media/'}, 'single_use': False, 'variants': []}}, 'fastest_turnaround': None}, 'launch': {'id': '8c2412ae-fbef-443f-aae8-db538f38eec6', 'url': 'https://lldev.thespacedevs.com/2.3.0/launches/8c2412ae-fbef-443f-aae8-db538f38eec6/', 'name': 'H3-24 | HTV-X1', 'response_mode': 'normal', 'slug': 'h3-24-htv-x1', 'launch_designator': '2025-241', 'status': {'id': 3, 'name': 'Launch Successful', 'abbrev': 'Success', 'description': 'The launch vehicle successfully inserted its payload(s) into the target orbit(s).'}, 'last_updated': '2025-11-02T10:12:20Z', 'net': '2025-10-26T00:00:15Z', 'net_precision': {'id': 0, 'name': 'Second', 'abbrev': 'SEC', 'description': 'The T-0 is accurate to the second.'}, 'window_end': '2025-10-26T00:00:15Z', 'window_start': '2025-10-26T00:00:15Z', 'image': {'id': 2493, 'name': 'H3-24 liftoff (HTV-X1)', 'image_url': 'https://thespacedevs-dev.nyc3.digitaloceanspaces.com/media/images/h3-24_liftoff__image_20251028184029.jpeg', 'thumbnail_url': 'https://thespacedevs-dev.nyc3.digitaloceanspaces.com/media/images/h3-24_liftoff__image_thumbnail_20251028184029.jpeg', 'credit': 'Mitsubishi Heavy Industries', 'license': {'id': 1, 'name': 'Unknown', 'priority': 9, 'link': None}, 'single_use': False, 'variants': []}, 'infographic': None, 'probability': None, 'weather_concerns': None, 'failreason': '', 'hashtag': None, 'launch_service_provider': {'response_mode': 'list', 'id': 98, 'url': 'https://lldev.thespacedevs.com/2.3.0/agencies/98/', 'name': 'Mitsubishi Heavy Industries', 'abbrev': 'MHI', 'type': {'id': 3, 'name': 'Commercial'}}, 'rocket': {'id': 2540, 'configuration': {'response_mode': 'list', 'id': 204, 'url': 'https://lldev.thespacedevs.com/2.3.0/launcher_configurations/204/', 'name': 'H3-24', 'families': [{'response_mode': 'list', 'id': 86, 'name': 'H3'}], 'full_name': 'H3-24', 'variant': '24'}}, 'mission': {'id': 5860, 'name': 'HTV-X1', 'type': 'Resupply', 'description': 'First flight of the upgraded Japanese HTV-X spacecraft designed to resupply the International Space Station.', 'image': None, 'orbit': {'id': 8, 'name': 'Low Earth Orbit', 'abbrev': 'LEO', 'celestial_body': {'response_mode': 'list', 'id': 1, 'name': 'Earth'}}, 'agencies': [{'response_mode': 'normal', 'id': 37, 'url': 'https://lldev.thespacedevs.com/2.3.0/agencies/37/', 'name': 'Japan Aerospace Exploration Agency', 'abbrev': 'JAXA', 'type': {'id': 1, 'name': 'Government'}, 'featured': True, 'country': [{'id': 28, 'name': 'Japan', 'alpha_2_code': 'JP', 'alpha_3_code': 'JPN', 'nationality_name': 'Japanese', 'nationality_name_composed': 'Nippo'}], 'description': ""The Japan Aerospace Exploration Agency (JAXA) is Japan's national aero-space agency. Through the merger of three previously independent organizations, JAXA was formed on 1 October 2003. JAXA is responsible for research, technology development and the launch of satellites into orbit, and is involved in many more advanced missions, such as asteroid exploration and possible manned exploration of the Moon. JAXA launch their Epsilon vehicle from the Uchinoura Space Center and their H-II vehicles from the Tanegashima Space Center."", 'administrator': 'Administrator: Hiroshi Yamakawa', 'founding_year': 2003, 'launchers': 'H-II', 'spacecraft': '', 'parent': None, 'image': {'id': 16, 'name': '[AUTO] Japan Aerospace Exploration Agency - image', 'image_url': 'https://thespacedevs-dev.nyc3.digitaloceanspaces.com/media/images/japan2520aerospace2520exploration2520agency_image_20190207032440.jpeg', 'thumbnail_url': 'https://thespacedevs-dev.nyc3.digitaloceanspaces.com/media/images/255bauto255d__image_thumbnail_20240305184621.jpeg', 'credit': None, 'license': {'id': 1, 'name': 'Unknown', 'priority': 9, 'link': None}, 'single_use': True, 'variants': []}, 'logo': {'id': 151, 'name': '[AUTO] Japan Aerospace Exploration Agency - logo', 'image_url': 'https://thespacedevs-dev.nyc3.digitaloceanspaces.com/media/images/japan2520aerospace2520exploration2520agency_logo_20190207032440.png', 'thumbnail_url': 'https://thespacedevs-dev.nyc3.digitaloceanspaces.com/media/images/255bauto255d__image_thumbnail_20240305185023.png', 'credit': None, 'license': {'id': 1, 'name': 'Unknown', 'priority': 9, 'link': None}, 'single_use': True, 'variants': []}, 'social_logo': {'id': 69, 'name': '[AUTO] Japan Aerospace Exploration Agency - social_logo', 'image_url': 'https://thespacedevs-dev.nyc3.digitaloceanspaces.com/media/images/japan2520aerospace2520exploration2520agency_nation_20230531052930.png', 'thumbnail_url': 'https://thespacedevs-dev.nyc3.digitaloceanspaces.com/media/images/255bauto255d__image_thumbnail_20240305184813.png', 'credit': None, 'license': {'id': 1, 'name': 'Unknown', 'priority': 9, 'link': None}, 'single_use': True, 'variants': []}, 'total_launch_count': 37, 'consecutive_successful_launches': 2, 'successful_launches': 33, 'failed_launches': 4, 'pending_launches': 2, 'consecutive_successful_landings': 0, 'successful_landings': 0, 'failed_landings': 0, 'attempted_landings': 0, 'successful_landings_spacecraft': 0, 'failed_landings_spacecraft': 0, 'attempted_landings_spacecraft': 0, 'successful_landings_payload': 1, 'failed_landings_payload': 0, 'attempted_landings_payload': 1, 'info_url': 'https://www.jaxa.jp/', 'wiki_url': 'https://en.wikipedia.org/wiki/Japan_Aerospace_Exploration_Agency', 'social_media_links': []}], 'info_urls': [], 'vid_urls': []}, 'pad': {'id': 209, 'url': 'https://lldev.thespacedevs.com/2.3.0/pads/209/', 'active': True, 'agencies': [{'response_mode': 'normal', 'id': 37, 'url': 'https://lldev.thespacedevs.com/2.3.0/agencies/37/', 'name': 'Japan Aerospace Exploration Agency', 'abbrev': 'JAXA', 'type': {'id': 1, 'name': 'Government'}, 'featured': True, 'country': [{'id': 28, 'name': 'Japan', 'alpha_2_code': 'JP', 'alpha_3_code': 'JPN', 'nationality_name': 'Japanese', 'nationality_name_composed': 'Nippo'}], 'description': ""The Japan Aerospace Exploration Agency (JAXA) is Japan's national aero-space agency. Through the merger of three previously independent organizations, JAXA was formed on 1 October 2003. JAXA is responsible for research, technology development and the launch of satellites into orbit, and is involved in many more advanced missions, such as asteroid exploration and possible manned exploration of the Moon. JAXA launch their Epsilon vehicle from the Uchinoura Space Center and their H-II vehicles from the Tanegashima Space Center."", 'administrator': 'Administrator: Hiroshi Yamakawa', 'founding_year': 2003, 'launchers': 'H-II', 'spacecraft': '', 'parent': None, 'image': {'id': 16, 'name': '[AUTO] Japan Aerospace Exploration Agency - image', 'image_url': 'https://thespacedevs-dev.nyc3.digitaloceanspaces.com/media/images/japan2520aerospace2520exploration2520agency_image_20190207032440.jpeg', 'thumbnail_url': 'https://thespacedevs-dev.nyc3.digitaloceanspaces.com/media/images/255bauto255d__image_thumbnail_20240305184621.jpeg', 'credit': None, 'license': {'id': 1, 'name': 'Unknown', 'priority': 9, 'link': None}, 'single_use': True, 'variants': []}, 'logo': {'id': 151, 'name': '[AUTO] Japan Aerospace Exploration Agency - logo', 'image_url': 'https://thespacedevs-dev.nyc3.digitaloceanspaces.com/media/images/japan2520aerospace2520exploration2520agency_logo_20190207032440.png', 'thumbnail_url': 'https://thespacedevs-dev.nyc3.digitaloceanspaces.com/media/images/255bauto255d__image_thumbnail_20240305185023.png', 'credit': None, 'license': {'id': 1, 'name': 'Unknown', 'priority': 9, 'link': None}, 'single_use': True, 'variants': []}, 'social_logo': {'id': 69, 'name': '[AUTO] Japan Aerospace Exploration Agency - social_logo', 'image_url': 'https://thespacedevs-dev.nyc3.digitaloceanspaces.com/media/images/japan2520aerospace2520exploration2520agency_nation_20230531052930.png', 'thumbnail_url': 'https://thespacedevs-dev.nyc3.digitaloceanspaces.com/media/images/255bauto255d__image_thumbnail_20240305184813.png', 'credit': None, 'license': {'id': 1, 'name': 'Unknown', 'priority': 9, 'link': None}, 'single_use': True, 'variants': []}}], 'name': 'Yoshinobu Launch Complex LP-2', 'image': {'id': 1751, 'name': 'H-IIB 304 liftoff from LP-2 (HTV-3)', 'image_url': 'https://thespacedevs-dev.nyc3.digitaloceanspaces.com/media/images/h-iib_304_lifto_image_20240325125154.jpg', 'thumbnail_url': 'https://thespacedevs-dev.nyc3.digitaloceanspaces.com/media/images/h-iib_304_lifto_image_thumbnail_20240325125154.jpeg', 'credit': 'JAXA', 'license': {'id': 9, 'name': 'JAXA Image Usage Policy', 'priority': 8, 'link': 'https://global.jaxa.jp/policy.html'}, 'single_use': False, 'variants': []}, 'description': '', 'info_url': None, 'wiki_url': 'https://en.wikipedia.org/wiki/Yoshinobu_Launch_Complex', 'map_url': 'https://www.google.com/maps?q=30.400938,130.97564', 'latitude': 30.400938, 'longitude': 130.97564, 'country': {'id': 28, 'name': 'Japan', 'alpha_2_code': 'JP', 'alpha_3_code': 'JPN', 'nationality_name': 'Japanese', 'nationality_name_composed': 'Nippo'}, 'map_image': 'https://thespacedevs-dev.nyc3.digitaloceanspaces.com/media/map_images/pad_yoshinobu_launch_complex_lp-2_20230707124715.jpg', 'total_launch_count': 17, 'orbital_launch_attempt_count': 17, 'fastest_turnaround': 'P57DT1H51M15S', 'location': {'response_mode': 'normal', 'id': 26, 'url': 'https://lldev.thespacedevs.com/2.3.0/locations/26/', 'name': 'Tanegashima Space Center, Japan', 'celestial_body': {'response_mode': 'normal', 'id': 1, 'name': 'Earth', 'type': {'id': 1, 'name': 'Planet'}, 'diameter': 12742000.0, 'mass': 5.972168e+24, 'gravity': 9.80655, 'length_of_day': '1 00:00:00', 'atmosphere': True, 'image': {'id': 2040, 'name': 'Earth (Apollo 17)', 'image_url': 'https://thespacedevs-dev.nyc3.digitaloceanspaces.com/media/images/earth_2528apol_image_20240402194304.jpeg', 'thumbnail_url': 'https://thespacedevs-dev.nyc3.digitaloceanspaces.com/media/images/earth_2528apol_image_thumbnail_20240402194305.jpeg', 'credit': 'NASA', 'license': {'id': 4, 'name': 'NASA Image and Media Guidelines', 'priority': 0, 'link': 'https://www.nasa.gov/nasa-brand-center/images-and-media/'}, 'single_use': True, 'variants': []}, 'description': 'Earth is the third planet from the Sun and the only astronomical object known to harbor life.', 'wiki_url': 'https://en.wikipedia.org/wiki/Earth', 'total_attempted_launches': 7584, 'successful_launches': 7028, 'failed_launches': 556, 'total_attempted_landings': 1351, 'successful_landings': 1302, 'failed_landings': 49}, 'active': True, 'country': {'id': 28, 'name': 'Japan', 'alpha_2_code': 'JP', 'alpha_3_code': 'JPN', 'nationality_name': 'Japanese', 'nationality_name_composed': 'Nippo'}, 'description': 'The Tanegashima Space Center is the largest rocket-launch complex in Japan. It is located on the southeastern tip of Tanegashima, an island located south of Kyushu, an island and region and Japan. It was established in 1969 when the National Space Development Agency of Japan (NASDA) was formed, and is now run by JAXA. The activities that take place at TNSC include assembly, testing, launching, and tracking satellites, as well as rocket engine firing tests.', 'image': {'id': 2223, 'name': 'Tanegashima Space Center', 'image_url': 'https://thespacedevs-dev.nyc3.digitaloceanspaces.com/media/images/tanegashima_spa_image_20240920081514.jpg', 'thumbnail_url': 'https://thespacedevs-dev.nyc3.digitaloceanspaces.com/media/images/tanegashima_spa_image_thumbnail_20240920081514.jpeg', 'credit': 'JAXA', 'license': {'id': 9, 'name': 'JAXA Image Usage Policy', 'priority': 8, 'link': 'https://global.jaxa.jp/policy.html'}, 'single_use': True, 'variants': []}, 'map_image': 'https://thespacedevs-dev.nyc3.digitaloceanspaces.com/media/map_images/location_26_20200803142507.jpg', 'longitude': 130.97, 'latitude': 30.4, 'timezone_name': 'Asia/Tokyo', 'total_launch_count': 98, 'total_landing_count': 0}}, 'webcast_live': False, 'program': [{'response_mode': 'normal', 'id': 17, 'url': 'https://lldev.thespacedevs.com/2.3.0/programs/17/', 'name': 'International Space Station', 'image': {'id': 1874, 'name': '[AUTO] International Space Station - image', 'image_url': 'https://thespacedevs-dev.nyc3.digitaloceanspaces.com/media/images/international2_program_20201129184745.png', 'thumbnail_url': 'https://thespacedevs-dev.nyc3.digitaloceanspaces.com/media/images/255bauto255d__image_thumbnail_20240305194014.png', 'credit': None, 'license': {'id': 1, 'name': 'Unknown', 'priority': 9, 'link': None}, 'single_use': True, 'variants': []}, 'info_url': 'https://www.nasa.gov/mission_pages/station/main/index.html', 'wiki_url': 'https://en.wikipedia.org/wiki/International_Space_Station_programme', 'description': 'The International Space Station programme is tied together by a complex set of legal, political and financial agreements between the sixteen nations involved in the project, governing ownership of the various components, rights to crewing and utilization, and responsibilities for crew rotation and resupply of the International Space Station. It was conceived in 1984 by President Ronald Reagan, during the Space Station Freedom project as it was originally called.', 'agencies': [{'response_mode': 'list', 'id': 16, 'url': 'https://lldev.thespacedevs.com/2.3.0/agencies/16/', 'name': 'Canadian Space Agency', 'abbrev': 'CSA', 'type': {'id': 1, 'name': 'Government'}}, {'response_mode': 'list', 'id': 27, 'url': 'https://lldev.thespacedevs.com/2.3.0/agencies/27/', 'name': 'European Space Agency', 'abbrev': 'ESA', 'type': {'id': 2, 'name': 'Multinational'}}, {'response_mode': 'list', 'id': 37, 'url': 'https://lldev.thespacedevs.com/2.3.0/agencies/37/', 'name': 'Japan Aerospace Exploration Agency', 'abbrev': 'JAXA', 'type': {'id': 1, 'name': 'Government'}}, {'response_mode': 'list', 'id': 44, 'url': 'https://lldev.thespacedevs.com/2.3.0/agencies/44/', 'name': 'National Aeronautics and Space Administration', 'abbrev': 'NASA', 'type': {'id': 1, 'name': 'Government'}}, {'response_mode': 'list', 'id': 63, 'url': 'https://lldev.thespacedevs.com/2.3.0/agencies/63/', 'name': 'Russian Federal Space Agency (ROSCOSMOS)', 'abbrev': 'RFSA', 'type': {'id': 1, 'name': 'Government'}}], 'start_date': '1998-11-20T06:40:00Z', 'end_date': None, 'mission_patches': [], 'type': {'id': 2, 'name': 'Human Spaceflight'}}], 'orbital_launch_attempt_count': 7096, 'location_launch_attempt_count': 96, 'pad_launch_attempt_count': 15, 'agency_launch_attempt_count': 55, 'orbital_launch_attempt_count_year': 247, 'location_launch_attempt_count_year': 3, 'pad_launch_attempt_count_year': 2, 'agency_launch_attempt_count_year': 2}, 'duration': 'P212DT14H9M45S', 'turn_around_time': None, 'response_mode': 'normal'}",
133,1727,https://lldev.thespacedevs.com/2.3.0/landings/1727/,True,True,The Falcon 9 first stage B1093 has landed on ASDS OCISLY after its 8th flight.,574.0,"{'id': 1, 'name': 'Of Course I Still Love You', 'active': True, 'abbrev': 'OCISLY', 'description': 'The second ASDS barge, Of Course I Still Love You (OCISLY) services launches in the Pacific Ocean and was the site of the first landing of a SpaceX Falcon 9 first stage during CRS-8, the launch of a Dragon spacecraft to the International Space Station.', 'location': None, 'longitude': None, 'latitude': None, 'image': {'id': 1969, 'name': 'OCISLY empty', 'image_url': 'https://thespacedevs-dev.nyc3.digitaloceanspaces.com/media/images/ocisly_empty_image_20240310164323.png', 'thumbnail_url': 'https://thespacedevs-dev.nyc3.digitaloceanspaces.com/media/images/ocisly_empty_image_thumbnail_20240310164323.png', 'credit': 'SpaceX', 'license': {'id': 5, 'name': 'CC BY-NC 2.0', 'priority': 1, 'link': 'https://creativecommons.org/licenses/by-nc/2.0/'}, 'single_use': True, 'variants': []}, 'successful_landings': 217, 'attempted_landings': 225, 'failed_landings': 8, 'celestial_body': {'response_mode': 'normal', 'id': 1, 'name': 'Earth', 'type': {'id': 1, 'name': 'Planet'}, 'diameter': 12742000.0, 'mass': 5.972168e+24, 'gravity': 9.80655, 'length_of_day': '1 00:00:00', 'atmosphere': True, 'image': {'id': 2040, 'name': 'Earth (Apollo 17)', 'image_url': 'https://thespacedevs-dev.nyc3.digitaloceanspaces.com/media/images/earth_2528apol_image_20240402194304.jpeg', 'thumbnail_url': 'https://thespacedevs-dev.nyc3.digitaloceanspaces.com/media/images/earth_2528apol_image_thumbnail_20240402194305.jpeg', 'credit': 'NASA', 'license': {'id': 4, 'name': 'NASA Image and Media Guidelines', 'priority': 0, 'link': 'https://www.nasa.gov/nasa-brand-center/images-and-media/'}, 'single_use': True, 'variants': []}, 'description': 'Earth is the third planet from the Sun and the only astronomical object known to harbor life.', 'wiki_url': 'https://en.wikipedia.org/wiki/Earth'}}","{'id': 1, 'name': 'Autonomous Spaceport Drone Ship', 'abbrev': 'ASDS', 'description': 'An autonomous spaceport drone ship (ASDS) is an ocean-going vessel derived from a deck barge, outfitted with station-keeping engines and a large landing platform. Construction of such ships was commissioned by aerospace company SpaceX to allow for recovery of rocket first-stages at sea for high-velocity missions which do not carry enough fuel to return to the launch site after lofting spacecraft onto an orbital trajectory.'}",,normal,"{'id': 832, 'type': 'Core', 'reused': True, 'launcher_flight_number': 8, 'launcher': {'response_mode': 'normal', 'id': 193, 'url': 'https://lldev.thespacedevs.com/2.3.0/launchers/193/', 'flight_proven': True, 'serial_number': 'B1093', 'is_placeholder': False, 'status': {'id': 3, 'name': 'active'}, 'image': {'id': 2455, 'name': 'Falcon 9 on SLC-4E (SDA-T1TL-B)', 'image_url': 'https://thespacedevs-dev.nyc3.digitaloceanspaces.com/media/images/falcon_9_on_slc_image_20250910140450.jpeg', 'thumbnail_url': 'https://thespacedevs-dev.nyc3.digitaloceanspaces.com/media/images/falcon_9_on_slc_image_thumbnail_20250910140451.jpeg', 'credit': 'SpaceX', 'license': {'id': 1, 'name': 'Unknown', 'priority': 9, 'link': None}, 'single_use': True, 'variants': []}, 'details': 'Falcon 9 booster debuting on Starlink Group 11-11.', 'successful_landings': 16, 'attempted_landings': 16, 'flights': 16, 'last_launch_date': '2026-08-08T16:35:02Z', 'first_launch_date': '2025-04-07T23:06:10Z', 'fastest_turnaround': 'P21DT22H7M44S'}, 'previous_flight_date': '2025-10-15T23:06:06Z', 'turn_around_time': 'P21DT22H7M44S', 'previous_flight': {'id': '4b42add0-3da7-4ae7-b830-f8a1aa8dda85', 'url': 'https://lldev.thespacedevs.com/2.3.0/launches/4b42add0-3da7-4ae7-b830-f8a1aa8dda85/', 'name': 'Falcon 9 Block 5 | SDA Tranche 1 Transport Layer C'}}",,
134,1728,https://lldev.thespacedevs.com/2.3.0/landings/1728/,True,True,The Falcon 9 first stage B1094 has landed on ASDS JRTI after its 5th flight.,600.0,"{'id': 3, 'name': 'Just Read the Instructions', 'active': True, 'abbrev': 'JRTI', 'description': 'Third (Marmac 303) ASDS barge, Just Read the Instructions (JRTI) is currently used to recover Falcon 9 and Heavy boosters in the Atlantic Ocean.', 'location': None, 'longitude': None, 'latitude': None, 'image': {'id': 1973, 'name': 'JRTI (Marmac 303) empty', 'image_url': 'https://thespacedevs-dev.nyc3.digitaloceanspaces.com/media/images/jrti_2528marma_image_20240310170452.jpeg', 'thumbnail_url': 'https://thespacedevs-dev.nyc3.digitaloceanspaces.com/media/images/jrti_2528marma_image_thumbnail_20240310170452.jpeg', 'credit': 'SpaceX', 'license': {'id': 5, 'name': 'CC BY-NC 2.0', 'priority': 1, 'link': 'https://creativecommons.org/licenses/by-nc/2.0/'}, 'single_use': True, 'variants': []}, 'successful_landings': 156, 'attempted_landings': 157, 'failed_landings': 1, 'celestial_body': {'response_mode': 'normal', 'id': 1, 'name': 'Earth', 'type': {'id': 1, 'name': 'Planet'}, 'diameter': 12742000.0, 'mass': 5.972168e+24, 'gravity': 9.80655, 'length_of_day': '1 00:00:00', 'atmosphere': True, 'image': {'id': 2040, 'name': 'Earth (Apollo 17)', 'image_url': 'https://thespacedevs-dev.nyc3.digitaloceanspaces.com/media/images/earth_2528apol_image_20240402194304.jpeg', 'thumbnail_url': 'https://thespacedevs-dev.nyc3.digitaloceanspaces.com/media/images/earth_2528apol_image_thumbnail_20240402194305.jpeg', 'credit': 'NASA', 'license': {'id': 4, 'name': 'NASA Image and Media Guidelines', 'priority': 0, 'link': 'https://www.nasa.gov/nasa-brand-center/images-and-media/'}, 'single_use': True, 'variants': []}, 'description': 'Earth is the third planet from the Sun and the only astronomical object known to harbor life.', 'wiki_url': 'https://en.wikipedia.org/wiki/Earth'}}","{'id': 1, 'name': 'Autonomous Spaceport Drone Ship', 'abbrev': 'ASDS', 'description': 'An autonomous spaceport drone ship (ASDS) is an ocean-going vessel derived from a deck barge, outfitted with station-keeping engines and a large landing platform. Construction of such ships was commissioned by aerospace company SpaceX to allow for recovery of rocket first-stages at sea for high-velocity missions which do not carry enough fuel to return to the launch site after lofting spacecraft onto an orbital trajectory.'}",,normal,"{'id': 833, 'type': 'Core', 'reused': True, 'launcher_flight_number': 5, 'launcher': {'response_mode': 'normal', 'id': 194, 'url': 'https://lldev.thespacedevs.com/2.3.0/launchers/194/', 'flight_proven': True, 'serial_number': 'B1094', 'is_placeholder': False, 'status': {'id': 3, 'name': 'active'}, 'image': {'id': 2456, 'name': 'B1094 landing on LZ-1 during Crew-11 launch', 'image_url': 'https://thespacedevs-dev.nyc3.digitaloceanspaces.com/media/images/b1094_landing_o_image_20250912150803.jpeg', 'thumbnail_url': 'https://thespacedevs-dev.nyc3.digitaloceanspaces.com/media/images/b1094_landing_o_image_thumbnail_20250912150803.jpeg', 'credit': 'SpaceX', 'license': {'id': 1, 'name': 'Unknown', 'priority': 9, 'link': None}, 'single_use': False, 'variants': []}, 'details': 'Falcon 9 booster debuting on Starlink Group 12-10.', 'successful_landings': 7, 'attempted_landings': 7, 'flights': 7, 'last_launch_date': '2026-04-11T11:41:21Z', 'first_launch_date': '2025-04-29T02:34:10Z', 'fastest_turnaround': 'P37DT9H11M50S'}, 'previous_flight_date': '2025-09-14T22:11:48Z', 'turn_around_time': 'P52DT3H19M22S', 'previous_flight': {'id': '3bfed6d5-d65e-4133-b51a-b664bbd9d006', 'url': 'https://lldev.thespacedevs.com/2.3.0/launches/3bfed6d5-d65e-4133-b51a-b664bbd9d006/', 'name': 'Falcon 9 Block 5 | Cygnus CRS-2 NG-23 (S.S. William “Willie” C. McCool)'}}",,
135,1729,https://lldev.thespacedevs.com/2.3.0/landings/1729/,True,True,The Falcon 9 first stage B1078 has landed on ASDS JRTI after its 24th flight.,600.0,"{'id': 3, 'name': 'Just Read the Instructions', 'active': True, 'abbrev': 'JRTI', 'description': 'Third (Marmac 303) ASDS barge, Just Read the Instructions (JRTI) is currently used to recover Falcon 9 and Heavy boosters in the Atlantic Ocean.', 'location': None, 'longitude': None, 'latitude': None, 'image': {'id': 1973, 'name': 'JRTI (Marmac 303) empty', 'image_url': 'https://thespacedevs-dev.nyc3.digitaloceanspaces.com/media/images/jrti_2528marma_image_20240310170452.jpeg', 'thumbnail_url': 'https://thespacedevs-dev.nyc3.digitaloceanspaces.com/media/images/jrti_2528marma_image_thumbnail_20240310170452.jpeg', 'credit': 'SpaceX', 'license': {'id': 5, 'name': 'CC BY-NC 2.0', 'priority': 1, 'link': 'https://creativecommons.org/licenses/by-nc/2.0/'}, 'single_use': True, 'variants': []}, 'successful_landings': 156, 'attempted_landings': 157, 'failed_landings': 1, 'celestial_body': {'response_mode': 'normal', 'id': 1, 'name': 'Earth', 'type': {'id': 1, 'name': 'Planet'}, 'diameter': 12742000.0, 'mass': 5.972168e+24, 'gravity': 9.80655, 'length_of_day': '1 00:00:00', 'atmosphere': True, 'image': {'id': 2040, 'name': 'Earth (Apollo 17)', 'image_url': 'https://thespacedevs-dev.nyc3.digitaloceanspaces.com/media/images/earth_2528apol_image_20240402194304.jpeg', 'thumbnail_url': 'https://thespacedevs-dev.nyc3.digitaloceanspaces.com/media/images/earth_2528apol_image_thumbnail_20240402194305.jpeg', 'credit': 'NASA', 'license': {'id': 4, 'name': 'NASA Image and Media Guidelines', 'priority': 0, 'link': 'https://www.nasa.gov/nasa-brand-center/images-and-media/'}, 'single_use': True, 'variants': []}, 'description': 'Earth is the third planet from the Sun and the only astronomical object known to harbor life.', 'wiki_url': 'https://en.wikipedia.org/wiki/Earth'}}","{'id': 1, 'name': 'Autonomous Spaceport Drone Ship', 'abbrev': 'ASDS', 'description': 'An autonomous spaceport drone ship (ASDS) is an ocean-going vessel derived from a deck barge, outfitted with station-keeping engines and a large landing platform. Construction of such ships was commissioned by aerospace company SpaceX to allow for recovery of rocket first-stages at sea for high-velocity missions which do not carry enough fuel to return to the launch site after lofting spacecraft onto an orbital trajectory.'}",,normal,"{'id': 834, 'type': 'Core', 'reused': True, 'launcher_flight_number': 24, 'launcher': {'response_mode': 'normal', 'id': 120, 'url': 'https://lldev.thespacedevs.com/2.3.0/launchers/120/', 'flight_proven': True, 'serial_number': 'B1078', 'is_placeholder': False, 'status': {'id': 3, 'name': 'active'}, 'image': {'id': 2458, 'name': 'B1078 landing on LZ-2 during USSF-124 launch', 'image_url': 'https://thespacedevs-dev.nyc3.digitaloceanspaces.com/media/images/b1078_landing_o_image_20250912151734.jpeg', 'thumbnail_url': 'https://thespacedevs-dev.nyc3.digitaloceanspaces.com/media/images/b1078_landing_o_image_thumbnail_20250912151734.jpeg', 'credit': 'SpaceX', 'license': {'id': 1, 'name': 'Unknown', 'priority': 9, 'link': None}, 'single_use': False, 'variants': []}, 'details': 'Falcon 9 Block 5 booster first used for the Crew-6 mission.', 'successful_landings': 29, 'attempted_landings': 29, 'flights': 29, 'last_launch_date': '2026-06-23T10:53:00Z', 'first_launch_date': '2023-03-02T05:34:14Z', 'fastest_turnaround': 'P20DT11H50M20S'}, 'previous_flight_date': '2025-09-12T01:56:00Z', 'turn_around_time': 'P64DT4H48M20S', 'previous_flight': {'id': '84a2a107-1e44-4994-ad9f-430ee81a741a', 'url': 'https://lldev.thespacedevs.com/2.3.0/launches/84a2a107-1e44-4994-ad9f-430ee81a741a/', 'name': 'Falcon 9 Block 5 | Nusantara Lima'}}",,
136,1730,https://lldev.thespacedevs.com/2.3.0/landings/1730/,True,True,The Falcon 9 first stage B1069 has landed on ASDS ASOG after its 28th flight.,600.0,"{'id': 17, 'name': 'A Shortfall of Gravitas', 'active': True, 'abbrev': 'ASOG', 'description': 'The fourth ASDS barge, A Shortfall of Gravitas (ASOG) is currently used to recover Falcon 9 and Heavy boosters in the Altantic Ocean.', 'location': None, 'longitude': None, 'latitude': None, 'image': {'id': 1971, 'name': 'ASOG with booster', 'image_url': 'https://thespacedevs-dev.nyc3.digitaloceanspaces.com/media/images/asog_with_boost_image_20240310164859.jpeg', 'thumbnail_url': 'https://thespacedevs-dev.nyc3.digitaloceanspaces.com/media/images/asog_with_boost_image_thumbnail_20240310164859.jpeg', 'credit': 'SpaceX', 'license': {'id': 5, 'name': 'CC BY-NC 2.0', 'priority': 1, 'link': 'https://creativecommons.org/licenses/by-nc/2.0/'}, 'single_use': True, 'variants': []}, 'successful_landings': 163, 'attempted_landings': 164, 'failed_landings': 1, 'celestial_body': {'response_mode': 'normal', 'id': 1, 'name': 'Earth', 'type': {'id': 1, 'name': 'Planet'}, 'diameter': 12742000.0, 'mass': 5.972168e+24, 'gravity': 9.80655, 'length_of_day': '1 00:00:00', 'atmosphere': True, 'image': {'id': 2040, 'name': 'Earth (Apollo 17)', 'image_url': 'https://thespacedevs-dev.nyc3.digitaloceanspaces.com/media/images/earth_2528apol_image_20240402194304.jpeg', 'thumbnail_url': 'https://thespacedevs-dev.nyc3.digitaloceanspaces.com/media/images/earth_2528apol_image_thumbnail_20240402194305.jpeg', 'credit': 'NASA', 'license': {'id': 4, 'name': 'NASA Image and Media Guidelines', 'priority': 0, 'link': 'https://www.nasa.gov/nasa-brand-center/images-and-media/'}, 'single_use': True, 'variants': []}, 'description': 'Earth is the third planet from the Sun and the only astronomical object known to harbor life.', 'wiki_url': 'https://en.wikipedia.org/wiki/Earth'}}","{'id': 1, 'name': 'Autonomous Spaceport Drone Ship', 'abbrev': 'ASDS', 'description': 'An autonomous spaceport drone ship (ASDS) is an ocean-going vessel derived from a deck barge, outfitted with station-keeping engines and a large landing platform. Construction of such ships was commissioned by aerospace company SpaceX to allow for recovery of rocket first-stages at sea for high-velocity missions which do not carry enough fuel to return to the launch site after lofting spacecraft onto an orbital trajectory.'}",,normal,"{'id': 835, 'type': 'Core', 'reused': True, 'launcher_flight_number': 28, 'launcher': {'response_mode': 'normal', 'id': 105, 'url': 'https://lldev.thespacedevs.com/2.3.0/launchers/105/', 'flight_proven': True, 'serial_number': 'B1069', 'is_placeholder': False, 'status': {'id': 2, 'name': 'expended'}, 'image': {'id': 2462, 'name': 'B1069 at LZ-1 after OneWeb L15 launch', 'image_url': 'https://thespacedevs-dev.nyc3.digitaloceanspaces.com/media/images/b1069_at_lz-1_a_image_20250912153047.jpeg', 'thumbnail_url': 'https://thespacedevs-dev.nyc3.digitaloceanspaces.com/media/images/b1069_at_lz-1_a_image_thumbnail_20250912153047.jpeg', 'credit': 'SpaceX', 'license': {'id': 1, 'name': 'Unknown', 'priority': 9, 'link': None}, 'single_use': False, 'variants': []}, 'details': 'Falcon 9 Block 5 booster first used for the CRS-24 mission. Expended during the launch of the MRV-MEP mission.', 'successful_landings': 31, 'attempted_landings': 31, 'flights': 32, 'last_launch_date': '2026-07-21T21:15:00Z', 'first_launch_date': '2021-12-21T10:07:08Z', 'fastest_turnaround': 'P25DT18H20M50S'}, 'previous_flight_date': '2025-09-05T12:32:30Z', 'turn_around_time': 'P64DT19H37M40S', 'previous_flight': {'id': '03ecf869-f49d-4a0a-aa25-fb4377128e52', 'url': 'https://lldev.thespacedevs.com/2.3.0/launches/03ecf869-f49d-4a0a-aa25-fb4377128e52/', 'name': 'Falcon 9 Block 5 | Starlink Group 10-57'}}",,
137,1731,https://lldev.thespacedevs.com/2.3.0/landings/1731/,True,True,The Falcon 9 first stage B1100 has landed on ASDS OCISLY after its 1st flight.,574.0,"{'id': 1, 'name': 'Of Course I Still Love You', 'active': True, 'abbrev': 'OCISLY', 'description': 'The second ASDS barge, Of Course I Still Love You (OCISLY) services launches in the Pacific Ocean and was the site of the first landing of a SpaceX Falcon 9 first stage during CRS-8, the launch of a Dragon spacecraft to the International Space Station.', 'location': None, 'longitude': None, 'latitude': None, 'image': {'id': 1969, 'name': 'OCISLY empty', 'image_url': 'https://thespacedevs-dev.nyc3.digitaloceanspaces.com/media/images/ocisly_empty_image_20240310164323.png', 'thumbnail_url': 'https://thespacedevs-dev.nyc3.digitaloceanspaces.com/media/images/ocisly_empty_image_thumbnail_20240310164323.png', 'credit': 'SpaceX', 'license': {'id': 5, 'name': 'CC BY-NC 2.0', 'priority': 1, 'link': 'https://creativecommons.org/licenses/by-nc/2.0/'}, 'single_use': True, 'variants': []}, 'successful_landings': 217, 'attempted_landings': 225, 'failed_landings': 8, 'celestial_body': {'response_mode': 'normal', 'id': 1, 'name': 'Earth', 'type': {'id': 1, 'name': 'Planet'}, 'diameter': 12742000.0, 'mass': 5.972168e+24, 'gravity': 9.80655, 'length_of_day': '1 00:00:00', 'atmosphere': True, 'image': {'id': 2040, 'name': 'Earth (Apollo 17)', 'image_url': 'https://thespacedevs-dev.nyc3.digitaloceanspaces.com/media/images/earth_2528apol_image_20240402194304.jpeg', 'thumbnail_url': 'https://thespacedevs-dev.nyc3.digitaloceanspaces.com/media/images/earth_2528apol_image_thumbnail_20240402194305.jpeg', 'credit': 'NASA', 'license': {'id': 4, 'name': 'NASA Image and Media Guidelines', 'priority': 0, 'link': 'https://www.nasa.gov/nasa-brand-center/images-and-media/'}, 'single_use': True, 'variants': []}, 'description': 'Earth is the third planet from the Sun and the only astronomical object known to harbor life.', 'wiki_url': 'https://en.wikipedia.org/wiki/Earth'}}","{'id': 1, 'name': 'Autonomous Spaceport Drone Ship', 'abbrev': 'ASDS', 'description': 'An autonomous spaceport drone ship (ASDS) is an ocean-going vessel derived from a deck barge, outfitted with station-keeping engines and a large landing platform. Construction of such ships was commissioned by aerospace company SpaceX to allow for recovery of rocket first-stages at sea for high-velocity missions which do not carry enough fuel to return to the launch site after lofting spacecraft onto an orbital trajectory.'}",,normal,"{'id': 836, 'type': 'Core', 'reused': False, 'launcher_flight_number': 1, 'launcher': {'response_mode': 'normal', 'id': 239, 'url': 'https://lldev.thespacedevs.com/2.3.0/launchers/239/', 'flight_proven': True, 'serial_number': 'B1100', 'is_placeholder': False, 'status': {'id': 3, 'name': 'active'}, 'image': {'id': 1736, 'name': 'Falcon 9 liftoff from LC-39A', 'image_url': 'https://thespacedevs-dev.nyc3.digitaloceanspaces.com/media/images/falcon_9_image_20230807133459.jpeg', 'thumbnail_url': 'https://thespacedevs-dev.nyc3.digitaloceanspaces.com/media/images/255bauto255d__image_thumbnail_20240305193628.jpeg', 'credit': 'SpaceX', 'license': {'id': 5, 'name': 'CC BY-NC 2.0', 'priority': 1, 'link': 'https://creativecommons.org/licenses/by-nc/2.0/'}, 'single_use': False, 'variants': []}, 'details': 'Falcon 9 booster, with a special “100” logo in lieu of the usual serial number style painted on the booster.', 'successful_landings': 8, 'attempted_landings': 8, 'flights': 8, 'last_launch_date': '2026-07-25T15:51:55Z', 'first_launch_date': '2025-11-23T08:48:00Z', 'fastest_turnaround': 'P23DT12H53M36S'}, 'previous_flight_date': None, 'turn_around_time': None, 'previous_flight': None}",,
138,1732,https://lldev.thespacedevs.com/2.3.0/landings/1732/,True,True,The Falcon 9 first stage B1096 has landed on ASDS JRTI after its 3rd flight.,600.0,"{'id': 3, 'name': 'Just Read the Instructions', 'active': True, 'abbrev': 'JRTI', 'description': 'Third (Marmac 303) ASDS barge, Just Read the Instructions (JRTI) is currently used to recover Falcon 9 and Heavy boosters in the Atlantic Ocean.', 'location': None, 'longitude': None, 'latitude': None, 'image': {'id': 1973, 'name': 'JRTI (Marmac 303) empty', 'image_url': 'https://thespacedevs-dev.nyc3.digitaloceanspaces.com/media/images/jrti_2528marma_image_20240310170452.jpeg', 'thumbnail_url': 'https://thespacedevs-dev.nyc3.digitaloceanspaces.com/media/images/jrti_2528marma_image_thumbnail_20240310170452.jpeg', 'credit': 'SpaceX', 'license': {'id': 5, 'name': 'CC BY-NC 2.0', 'priority': 1, 'link': 'https://creativecommons.org/licenses/by-nc/2.0/'}, 'single_use': True, 'variants': []}, 'successful_landings': 156, 'attempted_landings': 157, 'failed_landings': 1, 'celestial_body': {'response_mode': 'normal', 'id': 1, 'name': 'Earth', 'type': {'id': 1, 'name': 'Planet'}, 'diameter': 12742000.0, 'mass': 5.972168e+24, 'gravity': 9.80655, 'length_of_day': '1 00:00:00', 'atmosphere': True, 'image': {'id': 2040, 'name': 'Earth (Apollo 17)', 'image_url': 'https://thespacedevs-dev.nyc3.digitaloceanspaces.com/media/images/earth_2528apol_image_20240402194304.jpeg', 'thumbnail_url': 'https://thespacedevs-dev.nyc3.digitaloceanspaces.com/media/images/earth_2528apol_image_thumbnail_20240402194305.jpeg', 'credit': 'NASA', 'license': {'id': 4, 'name': 'NASA Image and Media Guidelines', 'priority': 0, 'link': 'https://www.nasa.gov/nasa-brand-center/images-and-media/'}, 'single_use': True, 'variants': []}, 'description': 'Earth is the third planet from the Sun and the only astronomical object known to harbor life.', 'wiki_url': 'https://en.wikipedia.org/wiki/Earth'}}","{'id': 1, 'name': 'Autonomous Spaceport Drone Ship', 'abbrev': 'ASDS', 'description': 'An autonomous spaceport drone ship (ASDS) is an ocean-going vessel derived from a deck barge, outfitted with station-keeping engines and a large landing platform. Construction of such ships was commissioned by aerospace company SpaceX to allow for recovery of rocket first-stages at sea for high-velocity missions which do not carry enough fuel to return to the launch site after lofting spacecraft onto an orbital trajectory.'}",,normal,"{'id': 837, 'type': 'Core', 'reused': True, 'launcher_flight_number': 3, 'launcher': {'response_mode': 'normal', 'id': 197, 'url': 'https://lldev.thespacedevs.com/2.3.0/launchers/197/', 'flight_proven': True, 'serial_number': 'B1096', 'is_placeholder': False, 'status': {'id': 3, 'name': 'active'}, 'image': {'id': 2630, 'name': 'B1096 landing at LZ-2 (NROL-77)', 'image_url': 'https://thespacedevs-dev.nyc3.digitaloceanspaces.com/media/images/b1096_landing_a_image_20251219190526.jpg', 'thumbnail_url': 'https://thespacedevs-dev.nyc3.digitaloceanspaces.com/media/images/b1096_landing_a_image_thumbnail_20251219190527.jpeg', 'credit': 'SpaceX', 'license': {'id': 1, 'name': 'Unknown', 'priority': 9, 'link': None}, 'single_use': True, 'variants': []}, 'details': 'Falcon 9 booster.', 'successful_landings': 7, 'attempted_landings': 7, 'flights': 7, 'last_launch_date': '2026-07-30T07:10:19Z', 'first_launch_date': '2025-07-16T06:30:00Z', 'fastest_turnaround': 'P28DT15H54M55S'}, 'previous_flight_date': '2025-09-24T11:30:50Z', 'turn_around_time': 'P47DT15H50M40S', 'previous_flight': {'id': '689d7129-10fa-4df9-b81e-2b8fb926bbaf', 'url': 'https://lldev.thespacedevs.com/2.3.0/launches/689d7129-10fa-4df9-b81e-2b8fb926bbaf/', 'name': 'Falcon 9 Block 5 | IMAP & others'}}",,
